solid Iowa_10_simple
facet normal -1.0 0.0 0.0
outer loop
vertex 9901.93050048828 17124.371496582 2148.51181640625
vertex 9901.93050048828 17119.8828125 2144.02313232422
vertex 9901.93050048828 17119.8828125 2148.51181640625
endloop
endfacet
facet normal -1.0 0.0 0.0
outer loop
vertex 9901.93050048828 17119.8828125 2144.02313232422
vertex 9901.93050048828 17124.371496582 2148.51181640625
vertex 9901.93050048828 17124.371496582 2144.02313232422
endloop
endfacet
facet normal 1.0 0.0 0.0
outer loop
vertex 9901.93050048828 17124.371496582 2109.61098632813
vertex 9901.93050048828 17119.8828125 2141.03078613281
vertex 9901.93050048828 17119.8828125 2111.10715942383
endloop
endfacet
facet normal 1.0 0.0 0.0
outer loop
vertex 9901.93050048828 17119.8828125 2141.03078613281
vertex 9901.93050048828 17124.371496582 2109.61098632813
vertex 9901.93050048828 17124.371496582 2141.03078613281
endloop
endfacet
facet normal 1.0 0.0 0.0
outer loop
vertex 9901.93050048828 17124.371496582 2141.03078613281
vertex 9901.93050048828 17124.371496582 2109.61098632813
vertex 9901.93050048828 17124.371496582 2111.10715942383
endloop
endfacet
facet normal 1.0 0.0 0.0
outer loop
vertex 9901.93050048828 17124.371496582 2141.03078613281
vertex 9901.93050048828 17124.371496582 2111.10715942383
vertex 9901.93050048828 17124.371496582 2139.53477783203
endloop
endfacet
facet normal -1.0 0.0 0.0
outer loop
vertex 9901.93050048828 17124.371496582 2100.63411254883
vertex 9901.93050048828 17119.8828125 2096.1454284668
vertex 9901.93050048828 17119.8828125 2100.63411254883
endloop
endfacet
facet normal -1.0 0.0 0.0
outer loop
vertex 9901.93050048828 17119.8828125 2096.1454284668
vertex 9901.93050048828 17124.371496582 2100.63411254883
vertex 9901.93050048828 17124.371496582 2096.1454284668
endloop
endfacet
facet normal 1.0 0.0 0.0
outer loop
vertex 9901.93050048828 17069.4091353243 2246.02733290279
vertex 9901.93050048828 17034.6011108398 2314.58735961914
vertex 9901.93050048828 17030.9538447122 2312.5611750502
endloop
endfacet
facet normal 1.0 0.0 0.0
outer loop
vertex 9901.93050048828 17034.6011108398 2314.58735961914
vertex 9901.93050048828 17069.4091353243 2246.02733290279
vertex 9901.93050048828 17037.5927978516 2311.59484863281
endloop
endfacet
facet normal 1.0 0.0 0.0
outer loop
vertex 9901.93050048828 17037.5927978516 2311.59484863281
vertex 9901.93050048828 17069.4091353243 2246.02733290279
vertex 9901.93050048828 17067.5162597656 2259.2287902832
endloop
endfacet
facet normal 1.0 0.0 0.0
outer loop
vertex 9901.93050048828 17067.5162597656 2259.2287902832
vertex 9901.93050048828 17069.4091353243 2246.02733290279
vertex 9901.93050048828 17073.5012817383 2248.75541381836
endloop
endfacet
facet normal 1.0 0.0 0.0
outer loop
vertex 9901.93050048828 17028.7118164921 2316.44024472588
vertex 9901.93050048828 17025.6234130859 2332.5416015625
vertex 9901.93050048828 17021.1350585937 2329.54925537109
endloop
endfacet
facet normal 1.0 0.0 0.0
outer loop
vertex 9901.93050048828 17025.6234130859 2332.5416015625
vertex 9901.93050048828 17028.7118164921 2316.44024472588
vertex 9901.93050048828 17033.1044433594 2319.07587890625
endloop
endfacet
facet normal 1.0 0.0 0.0
outer loop
vertex 9901.93050048828 17025.6234130859 2332.5416015625
vertex 9901.93050048828 17033.1044433594 2319.07587890625
vertex 9901.93050048828 17037.5927978516 2311.59484863281
endloop
endfacet
facet normal 1.0 0.0 0.0
outer loop
vertex 9901.93050048828 17037.5927978516 2311.59484863281
vertex 9901.93050048828 17033.1044433594 2319.07587890625
vertex 9901.93050048828 17034.6011108398 2314.58735961914
endloop
endfacet
facet normal -1.0 0.0 0.0
outer loop
vertex 9901.93050048828 17033.1044433594 2319.07587890625
vertex 9901.93050048828 17030.9538447122 2312.5611750502
vertex 9901.93050048828 17028.7118164921 2316.44024472588
endloop
endfacet
facet normal -1.0 0.0 0.0
outer loop
vertex 9901.93050048828 17030.9538447122 2312.5611750502
vertex 9901.93050048828 17033.1044433594 2319.07587890625
vertex 9901.93050048828 17034.6011108398 2314.58735961914
endloop
endfacet
facet normal 1.0 0.0 0.0
outer loop
vertex 9901.93050048828 17114.8122945221 2167.47255984081
vertex 9901.93050048828 17116.557998037 2173.72495143643
vertex 9901.93050048828 17112.6892295254 2171.14580399295
endloop
endfacet
facet normal 1.0 0.0 0.0
outer loop
vertex 9901.93050048828 17116.557998037 2173.72495143643
vertex 9901.93050048828 17114.8122945221 2167.47255984081
vertex 9901.93050048828 17118.3864746094 2169.45823974609
endloop
endfacet
facet normal 1.0 0.0 0.0
outer loop
vertex 9901.93050048828 17116.557998037 2173.72495143643
vertex 9901.93050048828 17118.3864746094 2169.45823974609
vertex 9901.93050048828 17117.5202655017 2172.05705790616
endloop
endfacet
facet normal 1.0 0.0 0.0
outer loop
vertex 9928.86145141601 17021.1350585937 2307.10649414062
vertex 9928.86145141601 17028.7118164921 2316.44024472588
vertex 9928.86145141601 17018.1430419922 2310.09884033203
endloop
endfacet
facet normal 1.0 0.0 0.0
outer loop
vertex 9928.86145141601 17028.7118164921 2316.44024472588
vertex 9928.86145141601 17021.1350585937 2307.10649414062
vertex 9928.86145141601 17030.9538447122 2312.5611750502
endloop
endfacet
facet normal -1.0 0.0 0.0
outer loop
vertex 9928.86145141601 17124.371496582 2154.49650878906
vertex 9928.86145141601 17119.8828125 2148.51181640625
vertex 9928.86145141601 17119.8828125 2154.49650878906
endloop
endfacet
facet normal -1.0 0.0 0.0
outer loop
vertex 9928.86145141601 17119.8828125 2148.51181640625
vertex 9928.86145141601 17124.371496582 2154.49650878906
vertex 9928.86145141601 17124.371496582 2148.51181640625
endloop
endfacet
facet normal 1.0 0.0 0.0
outer loop
vertex 9928.86145141601 17119.8828125 2144.02313232422
vertex 9928.86145141601 17107.9134277344 2148.51181640625
vertex 9928.86145141601 17107.9134277344 2144.02313232422
endloop
endfacet
facet normal 1.0 0.0 0.0
outer loop
vertex 9928.86145141601 17107.9134277344 2148.51181640625
vertex 9928.86145141601 17119.8828125 2144.02313232422
vertex 9928.86145141601 17119.8828125 2148.51181640625
endloop
endfacet
facet normal -1.0 0.0 0.0
outer loop
vertex 9928.86145141601 17124.371496582 2096.1454284668
vertex 9928.86145141601 17119.8828125 2081.18386230469
vertex 9928.86145141601 17119.8828125 2096.1454284668
endloop
endfacet
facet normal -1.0 0.0 0.0
outer loop
vertex 9928.86145141601 17119.8828125 2081.18386230469
vertex 9928.86145141601 17124.371496582 2096.1454284668
vertex 9928.86145141601 17124.371496582 2081.18386230469
endloop
endfacet
facet normal 1.0 0.0 0.0
outer loop
vertex 9928.86145141601 17119.8828125 2096.1454284668
vertex 9928.86145141601 17107.9134277344 2100.63411254883
vertex 9928.86145141601 17107.9134277344 2096.1454284668
endloop
endfacet
facet normal 1.0 0.0 0.0
outer loop
vertex 9928.86145141601 17107.9134277344 2100.63411254883
vertex 9928.86145141601 17119.8828125 2096.1454284668
vertex 9928.86145141601 17119.8828125 2100.63411254883
endloop
endfacet
facet normal 1.0 0.0 0.0
outer loop
vertex 9545.84039733887 17124.371496582 2096.1454284668
vertex 9545.84039733887 17119.8828125 2100.63411254883
vertex 9545.84039733887 17119.8828125 2096.1454284668
endloop
endfacet
facet normal 1.0 0.0 0.0
outer loop
vertex 9545.84039733887 17119.8828125 2100.63411254883
vertex 9545.84039733887 17124.371496582 2096.1454284668
vertex 9545.84039733887 17124.371496582 2100.63411254883
endloop
endfacet
facet normal 1.0 0.0 0.0
outer loop
vertex 9545.84039733887 17124.371496582 2144.02313232422
vertex 9545.84039733887 17119.8828125 2148.51181640625
vertex 9545.84039733887 17119.8828125 2144.02313232422
endloop
endfacet
facet normal 1.0 0.0 0.0
outer loop
vertex 9545.84039733887 17119.8828125 2148.51181640625
vertex 9545.84039733887 17124.371496582 2144.02313232422
vertex 9545.84039733887 17124.371496582 2148.51181640625
endloop
endfacet
facet normal 1.0 0.0 0.0
outer loop
vertex 9545.84039733887 17030.9538447122 2312.5611750502
vertex 9545.84039733887 17033.1044433594 2319.07587890625
vertex 9545.84039733887 17028.7118164921 2316.44024472588
endloop
endfacet
facet normal 1.0 0.0 0.0
outer loop
vertex 9545.84039733887 17033.1044433594 2319.07587890625
vertex 9545.84039733887 17030.9538447122 2312.5611750502
vertex 9545.84039733887 17034.6011108398 2314.58735961914
endloop
endfacet
facet normal 1.0 0.0 0.0
outer loop
vertex 9545.84039733887 17071.7867753232 2241.91363302291
vertex 9545.84039733887 17073.5012817383 2248.75541381836
vertex 9545.84039733887 17069.4091353243 2246.02733290279
endloop
endfacet
facet normal 1.0 0.0 0.0
outer loop
vertex 9545.84039733887 17073.5012817383 2248.75541381836
vertex 9545.84039733887 17071.7867753232 2241.91363302291
vertex 9545.84039733887 17076.1706467365 2244.10556872959
endloop
endfacet
facet normal 0.999960701567059 -0.00291257290582913 -0.00837330523648463
outer loop
vertex 9545.84039733887 17114.8122945221 2167.47255984081
vertex 9545.89288170278 17116.575910881 2173.73589565674
vertex 9545.84039733887 17112.6892295254 2171.14580399295
endloop
endfacet
facet normal 0.999960701567059 -0.00291257290582913 -0.00837330523648463
outer loop
vertex 9545.89288170278 17116.575910881 2173.73589565674
vertex 9545.84039733887 17114.8122945221 2167.47255984081
vertex 9545.84039733887 17118.3864746094 2169.45823974609
endloop
endfacet
facet normal 0.999960701567059 -0.00291257290582913 -0.00837330523648463
outer loop
vertex 9545.89288170278 17116.575910881 2173.73589565674
vertex 9545.84039733887 17118.3864746094 2169.45823974609
vertex 9545.87803843367 17117.508617807 2172.10153271575
endloop
endfacet
facet normal 1.0 0.0 0.0
outer loop
vertex 9518.90919921875 17069.4091353243 2246.02733290279
vertex 9518.90919921875 17034.6011108398 2314.58735961914
vertex 9518.90919921875 17030.9538447122 2312.5611750502
endloop
endfacet
facet normal 1.0 0.0 0.0
outer loop
vertex 9518.90919921875 17034.6011108398 2314.58735961914
vertex 9518.90919921875 17069.4091353243 2246.02733290279
vertex 9518.90919921875 17037.5927978516 2311.59484863281
endloop
endfacet
facet normal 1.0 0.0 0.0
outer loop
vertex 9518.90919921875 17037.5927978516 2311.59484863281
vertex 9518.90919921875 17069.4091353243 2246.02733290279
vertex 9518.90919921875 17067.5162597656 2259.2287902832
endloop
endfacet
facet normal 1.0 0.0 0.0
outer loop
vertex 9518.90919921875 17067.5162597656 2259.2287902832
vertex 9518.90919921875 17069.4091353243 2246.02733290279
vertex 9518.90919921875 17073.5012817383 2248.75541381836
endloop
endfacet
facet normal 1.0 0.0 0.0
outer loop
vertex 9518.90919921875 17028.7118164921 2316.44024472588
vertex 9518.90919921875 17025.6234130859 2332.5416015625
vertex 9518.90919921875 17021.1350585937 2329.54925537109
endloop
endfacet
facet normal 1.0 0.0 0.0
outer loop
vertex 9518.90919921875 17025.6234130859 2332.5416015625
vertex 9518.90919921875 17028.7118164921 2316.44024472588
vertex 9518.90919921875 17033.1044433594 2319.07587890625
endloop
endfacet
facet normal 1.0 0.0 0.0
outer loop
vertex 9518.90919921875 17025.6234130859 2332.5416015625
vertex 9518.90919921875 17033.1044433594 2319.07587890625
vertex 9518.90919921875 17037.5927978516 2311.59484863281
endloop
endfacet
facet normal 1.0 0.0 0.0
outer loop
vertex 9518.90919921875 17037.5927978516 2311.59484863281
vertex 9518.90919921875 17033.1044433594 2319.07587890625
vertex 9518.90919921875 17034.6011108398 2314.58735961914
endloop
endfacet
facet normal -0.999998537923384 0.000449311533820557 -0.00164993037449227
outer loop
vertex 9518.90919921875 17028.7118164921 2316.44024472588
vertex 9518.90919921875 17021.1350585937 2307.10649414062
vertex 9518.90919921875 17018.1430419922 2310.09884033203
endloop
endfacet
facet normal -0.999998537923384 0.000449311533820557 -0.00164993037449227
outer loop
vertex 9518.90919921875 17021.1350585937 2307.10649414062
vertex 9518.90919921875 17028.7118164921 2316.44024472588
vertex 9518.93224902708 17022.305764086 2307.77139243414
endloop
endfacet
facet normal -0.999998537923384 0.000449311533820557 -0.00164993037449227
outer loop
vertex 9518.93224902708 17022.305764086 2307.77139243414
vertex 9518.90919921875 17028.7118164921 2316.44024472588
vertex 9518.90919921875 17030.9538447122 2312.5611750502
endloop
endfacet
facet normal -1.0 0.0 0.0
outer loop
vertex 9518.90919921875 17069.4091353243 2246.02733290279
vertex 9518.90919921875 17061.5318969727 2236.78619384766
vertex 9518.90919921875 17060.0358886719 2239.77854003906
endloop
endfacet
facet normal -1.0 0.0 0.0
outer loop
vertex 9518.90919921875 17061.5318969727 2236.78619384766
vertex 9518.90919921875 17069.4091353243 2246.02733290279
vertex 9518.90919921875 17071.7867753232 2241.91363302291
endloop
endfacet
facet normal -1.0 0.0 0.0
outer loop
vertex 9518.90919921875 17112.6892295254 2171.14580399295
vertex 9518.90919921875 17104.921081543 2161.97737426758
vertex 9518.90919921875 17103.4247436523 2164.96955566406
endloop
endfacet
facet normal -1.0 0.0 0.0
outer loop
vertex 9518.90919921875 17104.921081543 2161.97737426758
vertex 9518.90919921875 17112.6892295254 2171.14580399295
vertex 9518.90919921875 17114.8122945221 2167.47255984081
endloop
endfacet
facet normal -1.0 0.0 0.0
outer loop
vertex 9518.90919921875 17119.8828125 2148.51181640625
vertex 9518.90919921875 17107.9134277344 2144.02313232422
vertex 9518.90919921875 17107.9134277344 2148.51181640625
endloop
endfacet
facet normal -1.0 0.0 0.0
outer loop
vertex 9518.90919921875 17107.9134277344 2144.02313232422
vertex 9518.90919921875 17119.8828125 2148.51181640625
vertex 9518.90919921875 17119.8828125 2144.02313232422
endloop
endfacet
facet normal -1.0 0.0 0.0
outer loop
vertex 9518.90919921875 17119.8828125 2100.63411254883
vertex 9518.90919921875 17107.9134277344 2096.1454284668
vertex 9518.90919921875 17107.9134277344 2100.63411254883
endloop
endfacet
facet normal -1.0 0.0 0.0
outer loop
vertex 9518.90919921875 17107.9134277344 2096.1454284668
vertex 9518.90919921875 17119.8828125 2100.63411254883
vertex 9518.90919921875 17119.8828125 2096.1454284668
endloop
endfacet
facet normal 1.0 0.0 0.0
outer loop
vertex 9518.90919921875 17124.371496582 2072.20682373047
vertex 9518.90919921875 17119.8828125 2081.18386230469
vertex 9518.90919921875 17119.8828125 2072.20682373047
endloop
endfacet
facet normal 1.0 0.0 0.0
outer loop
vertex 9518.90919921875 17119.8828125 2081.18386230469
vertex 9518.90919921875 17124.371496582 2072.20682373047
vertex 9518.90919921875 17124.371496582 2081.18386230469
endloop
endfacet
facet normal 1.0 0.0 0.0
outer loop
vertex 9518.90919921875 17124.371496582 2081.18386230469
vertex 9518.90919921875 17124.371496582 2072.20682373047
vertex 9518.90919921875 17124.371496582 2079.68752441406
endloop
endfacet
facet normal 1.0 0.0 0.0
outer loop
vertex 9518.90919921875 17124.371496582 2100.63411254883
vertex 9518.90919921875 17119.8828125 2111.10715942383
vertex 9518.90919921875 17119.8828125 2100.63411254883
endloop
endfacet
facet normal 1.0 0.0 0.0
outer loop
vertex 9518.90919921875 17119.8828125 2111.10715942383
vertex 9518.90919921875 17124.371496582 2100.63411254883
vertex 9518.90919921875 17124.371496582 2109.61098632813
endloop
endfacet
facet normal 1.0 0.0 0.0
outer loop
vertex 9518.90919921875 17124.371496582 2109.61098632813
vertex 9518.90919921875 17119.8828125 2141.03078613281
vertex 9518.90919921875 17119.8828125 2111.10715942383
endloop
endfacet
facet normal 1.0 0.0 0.0
outer loop
vertex 9518.90919921875 17119.8828125 2141.03078613281
vertex 9518.90919921875 17124.371496582 2109.61098632813
vertex 9518.90919921875 17124.371496582 2141.03078613281
endloop
endfacet
facet normal 1.0 0.0 0.0
outer loop
vertex 9518.90919921875 17124.371496582 2141.03078613281
vertex 9518.90919921875 17124.371496582 2109.61098632813
vertex 9518.90919921875 17124.371496582 2111.10715942383
endloop
endfacet
facet normal 1.0 0.0 0.0
outer loop
vertex 9518.90919921875 17124.371496582 2141.03078613281
vertex 9518.90919921875 17124.371496582 2111.10715942383
vertex 9518.90919921875 17124.371496582 2139.53477783203
endloop
endfacet
facet normal -1.0 0.0 0.0
outer loop
vertex 9545.84039733887 17124.371496582 2141.03078613281
vertex 9545.84039733887 17119.8828125 2111.10715942383
vertex 9545.84039733887 17119.8828125 2141.03078613281
endloop
endfacet
facet normal -1.0 0.0 0.0
outer loop
vertex 9545.84039733887 17119.8828125 2111.10715942383
vertex 9545.84039733887 17124.371496582 2141.03078613281
vertex 9545.84039733887 17124.371496582 2109.61098632813
endloop
endfacet
facet normal -1.0 0.0 0.0
outer loop
vertex 9545.84039733887 17124.371496582 2109.61098632813
vertex 9545.84039733887 17124.371496582 2141.03078613281
vertex 9545.84039733887 17124.371496582 2139.53477783203
endloop
endfacet
facet normal -1.0 0.0 0.0
outer loop
vertex 9545.84039733887 17124.371496582 2109.61098632813
vertex 9545.84039733887 17124.371496582 2139.53477783203
vertex 9545.84039733887 17124.371496582 2111.10715942383
endloop
endfacet
facet normal -1.0 0.0 0.0
outer loop
vertex 9545.84039733887 17124.371496582 2096.1454284668
vertex 9545.84039733887 17119.8828125 2081.18386230469
vertex 9545.84039733887 17119.8828125 2096.1454284668
endloop
endfacet
facet normal -1.0 0.0 0.0
outer loop
vertex 9545.84039733887 17119.8828125 2081.18386230469
vertex 9545.84039733887 17124.371496582 2096.1454284668
vertex 9545.84039733887 17124.371496582 2081.18386230469
endloop
endfacet
facet normal -1.0 0.0 0.0
outer loop
vertex 9545.84039733887 17124.371496582 2154.49650878906
vertex 9545.84039733887 17119.8828125 2148.51181640625
vertex 9545.84039733887 17119.8828125 2154.49650878906
endloop
endfacet
facet normal -1.0 0.0 0.0
outer loop
vertex 9545.84039733887 17119.8828125 2148.51181640625
vertex 9545.84039733887 17124.371496582 2154.49650878906
vertex 9545.84039733887 17124.371496582 2148.51181640625
endloop
endfacet
facet normal -0.999972323666048 0.0026913437167595 0.00693603423604932
outer loop
vertex 9545.89288170278 17116.575910881 2173.73589565674
vertex 9545.84039733887 17114.8122945221 2167.47255984081
vertex 9545.84039733887 17112.6892295254 2171.14580399295
endloop
endfacet
facet normal -0.999972323666048 0.0026913437167595 0.00693603423604932
outer loop
vertex 9545.84039733887 17114.8122945221 2167.47255984081
vertex 9545.89288170278 17116.575910881 2173.73589565674
vertex 9545.84039733887 17115.394128418 2166.46589355469
endloop
endfacet
facet normal -0.999972323666048 0.0026913437167595 0.00693603423604932
outer loop
vertex 9545.84039733887 17115.394128418 2166.46589355469
vertex 9545.89288170278 17116.575910881 2173.73589565674
vertex 9545.87803843367 17117.508617807 2172.10153271575
endloop
endfacet
facet normal -0.999972323666048 0.0026913437167595 0.00693603423604932
outer loop
vertex 9545.84039733887 17115.394128418 2166.46589355469
vertex 9545.87803843367 17117.508617807 2172.10153271575
vertex 9545.84039733887 17119.8828125 2167.96206665039
endloop
endfacet
facet normal -1.0 0.0 0.0
outer loop
vertex 9545.84039733887 17025.6234130859 2332.5416015625
vertex 9545.84039733887 17028.7118164921 2316.44024472588
vertex 9545.84039733887 17021.1350585937 2329.54925537109
endloop
endfacet
facet normal -1.0 0.0 0.0
outer loop
vertex 9545.84039733887 17028.7118164921 2316.44024472588
vertex 9545.84039733887 17025.6234130859 2332.5416015625
vertex 9545.84039733887 17033.1044433594 2319.07587890625
endloop
endfacet
facet normal -1.0 0.0 0.0
outer loop
vertex 9545.84039733887 17033.1044433594 2319.07587890625
vertex 9545.84039733887 17025.6234130859 2332.5416015625
vertex 9545.84039733887 17037.5927978516 2311.59484863281
endloop
endfacet
facet normal -1.0 0.0 0.0
outer loop
vertex 9545.84039733887 17033.1044433594 2319.07587890625
vertex 9545.84039733887 17037.5927978516 2311.59484863281
vertex 9545.84039733887 17034.6011108398 2314.58735961914
endloop
endfacet
facet normal -1.0 0.0 0.0
outer loop
vertex 9545.84039733887 17034.6011108398 2314.58735961914
vertex 9545.84039733887 17069.4091353243 2246.02733290279
vertex 9545.84039733887 17030.9538447122 2312.5611750502
endloop
endfacet
facet normal -1.0 0.0 0.0
outer loop
vertex 9545.84039733887 17069.4091353243 2246.02733290279
vertex 9545.84039733887 17034.6011108398 2314.58735961914
vertex 9545.84039733887 17037.5927978516 2311.59484863281
endloop
endfacet
facet normal -1.0 0.0 0.0
outer loop
vertex 9545.84039733887 17069.4091353243 2246.02733290279
vertex 9545.84039733887 17037.5927978516 2311.59484863281
vertex 9545.84039733887 17067.5162597656 2259.2287902832
endloop
endfacet
facet normal -1.0 0.0 0.0
outer loop
vertex 9545.84039733887 17069.4091353243 2246.02733290279
vertex 9545.84039733887 17067.5162597656 2259.2287902832
vertex 9545.84039733887 17073.5012817383 2248.75541381836
endloop
endfacet
facet normal -1.0 0.0 0.0
outer loop
vertex 9928.86145141601 17124.371496582 2141.03078613281
vertex 9928.86145141601 17119.8828125 2111.10715942383
vertex 9928.86145141601 17119.8828125 2141.03078613281
endloop
endfacet
facet normal -1.0 0.0 0.0
outer loop
vertex 9928.86145141601 17119.8828125 2111.10715942383
vertex 9928.86145141601 17124.371496582 2141.03078613281
vertex 9928.86145141601 17124.371496582 2109.61098632813
endloop
endfacet
facet normal -1.0 0.0 0.0
outer loop
vertex 9928.86145141601 17124.371496582 2109.61098632813
vertex 9928.86145141601 17124.371496582 2141.03078613281
vertex 9928.86145141601 17124.371496582 2139.53477783203
endloop
endfacet
facet normal -1.0 0.0 0.0
outer loop
vertex 9928.86145141601 17124.371496582 2109.61098632813
vertex 9928.86145141601 17124.371496582 2139.53477783203
vertex 9928.86145141601 17124.371496582 2111.10715942383
endloop
endfacet
facet normal 1.0 0.0 0.0
outer loop
vertex 9928.86145141601 17104.921081543 2161.97737426758
vertex 9928.86145141601 17112.6892295254 2171.14580399295
vertex 9928.86145141601 17103.4247436523 2164.96955566406
endloop
endfacet
facet normal 1.0 0.0 0.0
outer loop
vertex 9928.86145141601 17112.6892295254 2171.14580399295
vertex 9928.86145141601 17104.921081543 2161.97737426758
vertex 9928.86145141601 17114.8122945221 2167.47255984081
endloop
endfacet
facet normal 1.0 0.0 0.0
outer loop
vertex 9928.86145141601 17061.5318969727 2236.78619384766
vertex 9928.86145141601 17069.4091353243 2246.02733290279
vertex 9928.86145141601 17060.0358886719 2239.77854003906
endloop
endfacet
facet normal 1.0 0.0 0.0
outer loop
vertex 9928.86145141601 17069.4091353243 2246.02733290279
vertex 9928.86145141601 17061.5318969727 2236.78619384766
vertex 9928.86145141601 17071.7867753232 2241.91363302291
endloop
endfacet
facet normal 1.0 0.0 0.0
outer loop
vertex 9901.93050048828 17124.371496582 2081.18386230469
vertex 9901.93050048828 17119.8828125 2096.1454284668
vertex 9901.93050048828 17119.8828125 2081.18386230469
endloop
endfacet
facet normal 1.0 0.0 0.0
outer loop
vertex 9901.93050048828 17119.8828125 2096.1454284668
vertex 9901.93050048828 17124.371496582 2081.18386230469
vertex 9901.93050048828 17124.371496582 2096.1454284668
endloop
endfacet
facet normal 1.0 0.0 0.0
outer loop
vertex 9901.93050048828 17124.371496582 2100.63411254883
vertex 9901.93050048828 17119.8828125 2111.10715942383
vertex 9901.93050048828 17119.8828125 2100.63411254883
endloop
endfacet
facet normal 1.0 0.0 0.0
outer loop
vertex 9901.93050048828 17119.8828125 2111.10715942383
vertex 9901.93050048828 17124.371496582 2100.63411254883
vertex 9901.93050048828 17124.371496582 2109.61098632813
endloop
endfacet
facet normal 1.0 0.0 0.0
outer loop
vertex 9901.93050048828 17071.7867753232 2241.91363302291
vertex 9901.93050048828 17073.5012817383 2248.75541381836
vertex 9901.93050048828 17069.4091353243 2246.02733290279
endloop
endfacet
facet normal 1.0 0.0 0.0
outer loop
vertex 9901.93050048828 17073.5012817383 2248.75541381836
vertex 9901.93050048828 17071.7867753232 2241.91363302291
vertex 9901.93050048828 17076.161043295 2244.10076700881
endloop
endfacet
facet normal -1.0 0.0 0.0
outer loop
vertex 9725.38166320801 16627.6407104492 2381.9153137207
vertex 9725.38166320801 16626.1447021484 2378.92313232422
vertex 9725.38166320801 16626.1447021484 2381.9153137207
endloop
endfacet
facet normal -1.0 0.0 0.0
outer loop
vertex 9725.38166320801 16626.1447021484 2378.92313232422
vertex 9725.38166320801 16627.6407104492 2381.9153137207
vertex 9725.38166320801 16635.1214111328 2378.92313232422
endloop
endfacet
facet normal -1.0 0.0 0.0
outer loop
vertex 9725.38166320801 16635.1214111328 2378.92313232422
vertex 9725.38166320801 16627.6407104492 2381.9153137207
vertex 9725.38166320801 16629.1370483398 2386.40366821289
endloop
endfacet
facet normal -1.0 0.0 0.0
outer loop
vertex 9725.38166320801 16635.1214111328 2378.92313232422
vertex 9725.38166320801 16629.1370483398 2386.40366821289
vertex 9725.38166320801 16632.1290649414 2383.41148681641
endloop
endfacet
facet normal -1.0 0.0 0.0
outer loop
vertex 9725.38166320801 16632.1290649414 2383.41148681641
vertex 9725.38166320801 16629.1370483398 2386.40366821289
vertex 9725.38166320801 16631.7256621383 2386.6390203035
endloop
endfacet
facet normal -1.0 0.0 0.0
outer loop
vertex 9722.3893170166 16627.7768713684 2390.75633819326
vertex 9722.3893170166 16626.1447021484 2383.41148681641
vertex 9722.3893170166 16626.1447021484 2390.89235229492
endloop
endfacet
facet normal -1.0 0.0 0.0
outer loop
vertex 9722.3893170166 16626.1447021484 2390.89235229492
vertex 9722.3893170166 16617.1673339844 2387.90000610352
vertex 9722.3893170166 16615.6709960937 2389.39617919922
endloop
endfacet
facet normal -1.0 0.0 0.0
outer loop
vertex 9722.3893170166 16617.1673339844 2387.90000610352
vertex 9722.3893170166 16626.1447021484 2390.89235229492
vertex 9722.3893170166 16624.6483642578 2386.40366821289
endloop
endfacet
facet normal -1.0 0.0 0.0
outer loop
vertex 9722.3893170166 16624.6483642578 2386.40366821289
vertex 9722.3893170166 16626.1447021484 2390.89235229492
vertex 9722.3893170166 16626.1447021484 2381.9153137207
endloop
endfacet
facet normal -1.0 0.0 0.0
outer loop
vertex 9722.3893170166 16626.1447021484 2381.9153137207
vertex 9722.3893170166 16626.1447021484 2390.89235229492
vertex 9722.3893170166 16626.1447021484 2383.41148681641
endloop
endfacet
facet normal -1.0 0.0 0.0
outer loop
vertex 9722.3893170166 16624.6483642578 2386.40366821289
vertex 9722.3893170166 16615.6709960937 2387.90000610352
vertex 9722.3893170166 16617.1673339844 2387.90000610352
endloop
endfacet
facet normal -1.0 0.0 0.0
outer loop
vertex 9928.86145141601 17025.6234130859 2332.5416015625
vertex 9928.86145141601 17028.7118164921 2316.44024472588
vertex 9928.86145141601 17021.1350585937 2329.54925537109
endloop
endfacet
facet normal -1.0 0.0 0.0
outer loop
vertex 9928.86145141601 17028.7118164921 2316.44024472588
vertex 9928.86145141601 17025.6234130859 2332.5416015625
vertex 9928.86145141601 17033.1044433594 2319.07587890625
endloop
endfacet
facet normal -1.0 0.0 0.0
outer loop
vertex 9928.86145141601 17033.1044433594 2319.07587890625
vertex 9928.86145141601 17025.6234130859 2332.5416015625
vertex 9928.86145141601 17037.5927978516 2311.59484863281
endloop
endfacet
facet normal -1.0 0.0 0.0
outer loop
vertex 9928.86145141601 17033.1044433594 2319.07587890625
vertex 9928.86145141601 17037.5927978516 2311.59484863281
vertex 9928.86145141601 17034.6011108398 2314.58735961914
endloop
endfacet
facet normal -1.0 0.0 0.0
outer loop
vertex 9928.86145141601 17034.6011108398 2314.58735961914
vertex 9928.86145141601 17069.4091353243 2246.02733290279
vertex 9928.86145141601 17030.9538447122 2312.5611750502
endloop
endfacet
facet normal -1.0 0.0 0.0
outer loop
vertex 9928.86145141601 17069.4091353243 2246.02733290279
vertex 9928.86145141601 17034.6011108398 2314.58735961914
vertex 9928.86145141601 17037.5927978516 2311.59484863281
endloop
endfacet
facet normal -1.0 0.0 0.0
outer loop
vertex 9928.86145141601 17069.4091353243 2246.02733290279
vertex 9928.86145141601 17037.5927978516 2311.59484863281
vertex 9928.86145141601 17067.5162597656 2259.2287902832
endloop
endfacet
facet normal -1.0 0.0 0.0
outer loop
vertex 9928.86145141601 17069.4091353243 2246.02733290279
vertex 9928.86145141601 17067.5162597656 2259.2287902832
vertex 9928.86145141601 17073.5012817383 2248.75541381836
endloop
endfacet
facet normal 1.0 0.0 0.0
outer loop
vertex 9518.90919921875 17124.371496582 2081.18386230469
vertex 9518.90919921875 17119.8828125 2096.1454284668
vertex 9518.90919921875 17119.8828125 2081.18386230469
endloop
endfacet
facet normal 1.0 0.0 0.0
outer loop
vertex 9518.90919921875 17119.8828125 2096.1454284668
vertex 9518.90919921875 17124.371496582 2081.18386230469
vertex 9518.90919921875 17124.371496582 2096.1454284668
endloop
endfacet
facet normal -1.0 0.0 0.0
outer loop
vertex 9545.84039733887 17124.371496582 2109.61098632813
vertex 9545.84039733887 17119.8828125 2100.63411254883
vertex 9545.84039733887 17119.8828125 2111.10715942383
endloop
endfacet
facet normal -1.0 0.0 0.0
outer loop
vertex 9545.84039733887 17119.8828125 2100.63411254883
vertex 9545.84039733887 17124.371496582 2109.61098632813
vertex 9545.84039733887 17124.371496582 2100.63411254883
endloop
endfacet
facet normal -1.0 0.0 0.0
outer loop
vertex 9928.86145141601 17124.371496582 2109.61098632813
vertex 9928.86145141601 17119.8828125 2100.63411254883
vertex 9928.86145141601 17119.8828125 2111.10715942383
endloop
endfacet
facet normal -1.0 0.0 0.0
outer loop
vertex 9928.86145141601 17119.8828125 2100.63411254883
vertex 9928.86145141601 17124.371496582 2109.61098632813
vertex 9928.86145141601 17124.371496582 2100.63411254883
endloop
endfacet
facet normal 0.31611804906582 0.948719863318366 -1.41133694754952e-018
outer loop
vertex 9723.88532531738 16620.1593505859 2360.96872558594
vertex 9728.37409179687 16618.663671875 2308.60250244141
vertex 9723.88532531738 16620.1593505859 2308.60250244141
endloop
endfacet
facet normal 0.31611804906582 0.948719863318366 -1.41133694754952e-018
outer loop
vertex 9728.37409179687 16618.663671875 2308.60250244141
vertex 9723.88532531738 16620.1593505859 2360.96872558594
vertex 9728.37409179687 16618.663671875 2360.96872558594
endloop
endfacet
facet normal -0.316138941988508 0.948712901439833 1.4113265909097e-018
outer loop
vertex 9719.39688842773 16618.663671875 2360.96872558594
vertex 9723.88532531738 16620.1593505859 2308.60250244141
vertex 9719.39688842773 16618.663671875 2308.60250244141
endloop
endfacet
facet normal -0.316138941988508 0.948712901439833 1.4113265909097e-018
outer loop
vertex 9723.88532531738 16620.1593505859 2308.60250244141
vertex 9719.39688842773 16618.663671875 2360.96872558594
vertex 9723.88532531738 16620.1593505859 2360.96872558594
endloop
endfacet
facet normal -1.0 0.0 0.0
outer loop
vertex 9719.39688842773 16618.663671875 2360.96872558594
vertex 9719.39688842773 16614.174987793 2308.60250244141
vertex 9719.39688842773 16614.174987793 2360.96872558594
endloop
endfacet
facet normal -1.0 0.0 0.0
outer loop
vertex 9719.39688842773 16614.174987793 2308.60250244141
vertex 9719.39688842773 16618.663671875 2360.96872558594
vertex 9719.39688842773 16618.663671875 2308.60250244141
endloop
endfacet
facet normal -0.554664945781754 -0.832073793554949 0.0
outer loop
vertex 9723.88532531738 16611.1829711914 2360.96872558594
vertex 9719.39688842773 16614.174987793 2308.60250244141
vertex 9723.88532531738 16611.1829711914 2308.60250244141
endloop
endfacet
facet normal -0.554664945781754 -0.832073793554949 0.0
outer loop
vertex 9719.39688842773 16614.174987793 2308.60250244141
vertex 9723.88532531738 16611.1829711914 2360.96872558594
vertex 9719.39688842773 16614.174987793 2360.96872558594
endloop
endfacet
facet normal 0.55463674793593 -0.832092589703247 -1.20066406998683e-029
outer loop
vertex 9728.37409179687 16614.174987793 2360.96872558594
vertex 9723.88532531738 16611.1829711914 2308.60250244141
vertex 9728.37409179687 16614.174987793 2308.60250244141
endloop
endfacet
facet normal 0.55463674793593 -0.832092589703247 -1.20066406998683e-029
outer loop
vertex 9723.88532531738 16611.1829711914 2308.60250244141
vertex 9728.37409179687 16614.174987793 2360.96872558594
vertex 9723.88532531738 16611.1829711914 2360.96872558594
endloop
endfacet
facet normal 1.0 0.0 0.0
outer loop
vertex 9728.37409179687 16618.663671875 2308.60250244141
vertex 9728.37409179687 16614.174987793 2360.96872558594
vertex 9728.37409179687 16614.174987793 2308.60250244141
endloop
endfacet
facet normal 1.0 0.0 0.0
outer loop
vertex 9728.37409179687 16614.174987793 2360.96872558594
vertex 9728.37409179687 16618.663671875 2308.60250244141
vertex 9728.37409179687 16618.663671875 2360.96872558594
endloop
endfacet
facet normal 0.0 0.0 -1.0
outer loop
vertex 9723.88532531738 16620.1593505859 2308.60250244141
vertex 9719.39688842773 16614.174987793 2308.60250244141
vertex 9719.39688842773 16618.663671875 2308.60250244141
endloop
endfacet
facet normal 0.0 0.0 -1.0
outer loop
vertex 9719.39688842773 16614.174987793 2308.60250244141
vertex 9723.88532531738 16620.1593505859 2308.60250244141
vertex 9723.88532531738 16611.1829711914 2308.60250244141
endloop
endfacet
facet normal 0.0 0.0 -1.0
outer loop
vertex 9723.88532531738 16611.1829711914 2308.60250244141
vertex 9723.88532531738 16620.1593505859 2308.60250244141
vertex 9728.37409179687 16618.663671875 2308.60250244141
endloop
endfacet
facet normal 0.0 0.0 -1.0
outer loop
vertex 9723.88532531738 16611.1829711914 2308.60250244141
vertex 9728.37409179687 16618.663671875 2308.60250244141
vertex 9728.37409179687 16614.174987793 2308.60250244141
endloop
endfacet
facet normal 0.0 0.0 1.0
outer loop
vertex 9723.88532531738 16611.1829711914 2360.96872558594
vertex 9719.39688842773 16618.663671875 2360.96872558594
vertex 9719.39688842773 16614.174987793 2360.96872558594
endloop
endfacet
facet normal 0.0 0.0 1.0
outer loop
vertex 9719.39688842773 16618.663671875 2360.96872558594
vertex 9723.88532531738 16611.1829711914 2360.96872558594
vertex 9723.88532531738 16620.1593505859 2360.96872558594
endloop
endfacet
facet normal 0.0 0.0 1.0
outer loop
vertex 9723.88532531738 16620.1593505859 2360.96872558594
vertex 9723.88532531738 16611.1829711914 2360.96872558594
vertex 9728.37409179687 16614.174987793 2360.96872558594
endloop
endfacet
facet normal 0.0 0.0 1.0
outer loop
vertex 9723.88532531738 16620.1593505859 2360.96872558594
vertex 9728.37409179687 16614.174987793 2360.96872558594
vertex 9728.37409179687 16618.663671875 2360.96872558594
endloop
endfacet
facet normal 1.0 0.0 0.0
outer loop
vertex 9723.88532531738 16617.1673339844 2307.10649414062
vertex 9723.88532531738 16615.6709960937 2387.90000610352
vertex 9723.88532531738 16615.6709960937 2307.10649414062
endloop
endfacet
facet normal 1.0 0.0 0.0
outer loop
vertex 9723.88532531738 16615.6709960937 2387.90000610352
vertex 9723.88532531738 16617.1673339844 2307.10649414062
vertex 9723.88532531738 16615.6709960937 2389.39617919922
endloop
endfacet
facet normal 1.0 0.0 0.0
outer loop
vertex 9723.88532531738 16615.6709960937 2389.39617919922
vertex 9723.88532531738 16617.1673339844 2307.10649414062
vertex 9723.88532531738 16617.1673339844 2389.39617919922
endloop
endfacet
facet normal 1.0 0.0 0.0
outer loop
vertex 9723.88532531738 16617.1673339844 2389.39617919922
vertex 9723.88532531738 16617.1673339844 2307.10649414062
vertex 9723.88532531738 16617.1673339844 2387.90000610352
endloop
endfacet
facet normal 1.0 0.0 0.0
outer loop
vertex 9901.93050048828 17124.371496582 2148.51181640625
vertex 9901.93050048828 17119.8828125 2154.49650878906
vertex 9901.93050048828 17119.8828125 2148.51181640625
endloop
endfacet
facet normal 1.0 0.0 0.0
outer loop
vertex 9901.93050048828 17119.8828125 2154.49650878906
vertex 9901.93050048828 17124.371496582 2148.51181640625
vertex 9901.93050048828 17124.371496582 2154.49650878906
endloop
endfacet
facet normal -2.06516911602602e-018 0.707067840371991 0.707145719856727
outer loop
vertex 9726.87783630371 16615.6709960937 2301.12180175781
vertex 9720.89306152344 16617.1673339844 2299.62562866211
vertex 9720.89306152344 16615.6709960937 2301.12180175781
endloop
endfacet
facet normal -2.06516911602602e-018 0.707067840371991 0.707145719856727
outer loop
vertex 9720.89306152344 16617.1673339844 2299.62562866211
vertex 9726.87783630371 16615.6709960937 2301.12180175781
vertex 9722.3893170166 16617.1673339844 2299.62562866211
endloop
endfacet
facet normal -2.06516911602602e-018 0.707067840371991 0.707145719856727
outer loop
vertex 9722.3893170166 16617.1673339844 2299.62562866211
vertex 9726.87783630371 16615.6709960937 2301.12180175781
vertex 9726.87783630371 16617.1673339844 2299.62562866211
endloop
endfacet
facet normal -2.08760277091778e-019 -0.707145724145717 0.707067836082528
outer loop
vertex 9726.87783630371 16615.6709960937 2301.12180175781
vertex 9725.38166320801 16614.174987793 2299.62562866211
vertex 9726.87783630371 16614.174987793 2299.62562866211
endloop
endfacet
facet normal -2.08760277091778e-019 -0.707145724145717 0.707067836082528
outer loop
vertex 9725.38166320801 16614.174987793 2299.62562866211
vertex 9726.87783630371 16615.6709960937 2301.12180175781
vertex 9722.3893170166 16614.174987793 2299.62562866211
endloop
endfacet
facet normal -2.08760277091778e-019 -0.707145724145717 0.707067836082528
outer loop
vertex 9722.3893170166 16614.174987793 2299.62562866211
vertex 9726.87783630371 16615.6709960937 2301.12180175781
vertex 9720.89306152344 16614.174987793 2299.62562866211
endloop
endfacet
facet normal -2.08760277091778e-019 -0.707145724145717 0.707067836082528
outer loop
vertex 9720.89306152344 16614.174987793 2299.62562866211
vertex 9726.87783630371 16615.6709960937 2301.12180175781
vertex 9720.89306152344 16615.6709960937 2301.12180175781
endloop
endfacet
facet normal 0.0 0.0 -1.0
outer loop
vertex 9722.3893170166 16617.1673339844 2299.62562866211
vertex 9720.89306152344 16614.174987793 2299.62562866211
vertex 9720.89306152344 16617.1673339844 2299.62562866211
endloop
endfacet
facet normal 0.0 0.0 -1.0
outer loop
vertex 9720.89306152344 16614.174987793 2299.62562866211
vertex 9722.3893170166 16617.1673339844 2299.62562866211
vertex 9722.3893170166 16614.174987793 2299.62562866211
endloop
endfacet
facet normal 0.0 0.0 -1.0
outer loop
vertex 9722.3893170166 16614.174987793 2299.62562866211
vertex 9722.3893170166 16617.1673339844 2299.62562866211
vertex 9726.87783630371 16617.1673339844 2299.62562866211
endloop
endfacet
facet normal 0.0 0.0 -1.0
outer loop
vertex 9722.3893170166 16614.174987793 2299.62562866211
vertex 9726.87783630371 16617.1673339844 2299.62562866211
vertex 9725.38166320801 16614.174987793 2299.62562866211
endloop
endfacet
facet normal 0.0 0.0 -1.0
outer loop
vertex 9725.38166320801 16614.174987793 2299.62562866211
vertex 9726.87783630371 16617.1673339844 2299.62562866211
vertex 9726.87783630371 16614.174987793 2299.62562866211
endloop
endfacet
facet normal -1.0 0.0 0.0
outer loop
vertex 9720.89306152344 16617.1673339844 2299.62562866211
vertex 9720.89306152344 16614.174987793 2299.62562866211
vertex 9720.89306152344 16615.6709960937 2301.12180175781
endloop
endfacet
facet normal -1.0 0.0 0.0
outer loop
vertex 9726.87783630371 16617.1673339844 2299.62562866211
vertex 9726.87783630371 16614.174987793 2299.62562866211
vertex 9726.87783630371 16615.6709960937 2301.12180175781
endloop
endfacet
facet normal 1.36310722481787e-017 0.707145715568682 0.707067844660509
outer loop
vertex 9720.89306152344 16632.1290649414 2396.87720947266
vertex 9726.87783630371 16633.625402832 2395.38070678711
vertex 9720.89306152344 16633.625402832 2395.38070678711
endloop
endfacet
facet normal 1.36310722481787e-017 0.707145715568682 0.707067844660509
outer loop
vertex 9726.87783630371 16633.625402832 2395.38070678711
vertex 9720.89306152344 16632.1290649414 2396.87720947266
vertex 9726.87783630371 16632.1290649414 2396.87720947266
endloop
endfacet
facet normal 1.36310722481787e-017 0.707145715568682 0.707067844660509
outer loop
vertex 9726.87783630371 16632.1290649414 2396.87720947266
vertex 9720.89306152344 16632.1290649414 2396.87720947266
vertex 9722.3893170166 16632.1290649414 2396.87720947266
endloop
endfacet
facet normal 1.36310722481787e-017 0.707145715568682 0.707067844660509
outer loop
vertex 9726.87783630371 16632.1290649414 2396.87720947266
vertex 9722.3893170166 16632.1290649414 2396.87720947266
vertex 9725.38166320801 16632.1290649414 2396.87720947266
endloop
endfacet
facet normal 0.0 0.832040894431967 0.554714295825203
outer loop
vertex 9725.38166320801 16632.1290649414 2383.41148681641
vertex 9726.87783630371 16635.1214111328 2378.92313232422
vertex 9725.38166320801 16635.1214111328 2378.92313232422
endloop
endfacet
facet normal 0.0 0.832040894431967 0.554714295825203
outer loop
vertex 9726.87783630371 16635.1214111328 2378.92313232422
vertex 9725.38166320801 16632.1290649414 2383.41148681641
vertex 9726.87783630371 16632.1290649414 2383.41148681641
endloop
endfacet
facet normal 0.0 0.0 -1.0
outer loop
vertex 9726.87783630371 16633.625402832 2395.38070678711
vertex 9720.89306152344 16632.1290649414 2395.38070678711
vertex 9720.89306152344 16633.625402832 2395.38070678711
endloop
endfacet
facet normal 0.0 0.0 -1.0
outer loop
vertex 9720.89306152344 16632.1290649414 2395.38070678711
vertex 9726.87783630371 16633.625402832 2395.38070678711
vertex 9722.3893170166 16632.1290649414 2395.38070678711
endloop
endfacet
facet normal 0.0 0.0 -1.0
outer loop
vertex 9722.3893170166 16632.1290649414 2395.38070678711
vertex 9726.87783630371 16633.625402832 2395.38070678711
vertex 9725.38166320801 16632.1290649414 2395.38070678711
endloop
endfacet
facet normal 0.0 0.0 -1.0
outer loop
vertex 9725.38166320801 16632.1290649414 2395.38070678711
vertex 9726.87783630371 16633.625402832 2395.38070678711
vertex 9725.38166320801 16630.6330566406 2395.38070678711
endloop
endfacet
facet normal 0.0 0.0 -1.0
outer loop
vertex 9725.38166320801 16630.6330566406 2395.38070678711
vertex 9726.87783630371 16633.625402832 2395.38070678711
vertex 9726.87783630371 16632.1290649414 2395.38070678711
endloop
endfacet
facet normal 0.0 0.0 -1.0
outer loop
vertex 9722.3893170166 16630.6330566406 2395.38070678711
vertex 9720.89306152344 16632.1290649414 2395.38070678711
vertex 9722.3893170166 16632.1290649414 2395.38070678711
endloop
endfacet
facet normal 0.0 0.0 1.0
outer loop
vertex 9726.87783630371 16629.1370483398 2396.87720947266
vertex 9725.38166320801 16632.1290649414 2396.87720947266
vertex 9725.38166320801 16629.1370483398 2396.87720947266
endloop
endfacet
facet normal 0.0 0.0 1.0
outer loop
vertex 9725.38166320801 16632.1290649414 2396.87720947266
vertex 9726.87783630371 16629.1370483398 2396.87720947266
vertex 9726.87783630371 16632.1290649414 2396.87720947266
endloop
endfacet
facet normal 4.17646997674958e-014 -0.976187622377673 0.216927927931433
outer loop
vertex 9726.87783630371 16629.1370483398 2396.87720947266
vertex 9725.38166320801 16626.1447021484 2383.41148681641
vertex 9726.87783630371 16626.1447021484 2383.41148681641
endloop
endfacet
facet normal 4.17646997674958e-014 -0.976187622377673 0.216927927931433
outer loop
vertex 9725.38166320801 16626.1447021484 2383.41148681641
vertex 9726.87783630371 16629.1370483398 2396.87720947266
vertex 9725.38166320801 16627.7768713684 2390.75633819326
endloop
endfacet
facet normal 4.17646997674958e-014 -0.976187622377673 0.216927927931433
outer loop
vertex 9725.38166320801 16627.7768713684 2390.75633819326
vertex 9726.87783630371 16629.1370483398 2396.87720947266
vertex 9725.38166320801 16629.1370483398 2396.87720947266
endloop
endfacet
facet normal -0.707067836082644 0.707145724145602 0.0
outer loop
vertex 9726.87783630371 16632.1290649414 2395.38070678711
vertex 9726.87783630371 16632.1290649414 2383.41148681641
vertex 9725.38166320801 16630.6330566406 2395.38070678711
endloop
endfacet
facet normal -2.97108921299899e-014 0.992279347928197 0.124022964305778
outer loop
vertex 9725.38166320801 16631.7256621383 2386.6390203035
vertex 9726.87783630371 16632.1290649414 2383.41148681641
vertex 9725.38166320801 16632.1290649414 2383.41148681641
endloop
endfacet
facet normal -2.97108921299899e-014 0.992279347928197 0.124022964305778
outer loop
vertex 9726.87783630371 16632.1290649414 2383.41148681641
vertex 9725.38166320801 16631.7256621383 2386.6390203035
vertex 9725.38166320801 16630.6330566406 2395.38070678711
endloop
endfacet
facet normal -2.97108921299899e-014 0.992279347928197 0.124022964305778
outer loop
vertex 9725.38166320801 16630.6330566406 2395.38070678711
vertex 9725.38166320801 16631.7256621383 2386.6390203035
vertex 9725.38166320801 16631.2471927008 2390.4671447489
endloop
endfacet
facet normal 0.0 -1.0 0.0
outer loop
vertex 9726.87783630371 16626.1447021484 2381.9153137207
vertex 9725.38166320801 16626.1447021484 2378.92313232422
vertex 9726.87783630371 16626.1447021484 2378.92313232422
endloop
endfacet
facet normal 0.0 -1.0 0.0
outer loop
vertex 9725.38166320801 16626.1447021484 2378.92313232422
vertex 9726.87783630371 16626.1447021484 2381.9153137207
vertex 9725.38166320801 16626.1447021484 2381.9153137207
endloop
endfacet
facet normal 1.0 0.0 0.0
outer loop
vertex 9726.87783630371 16632.1290649414 2383.41148681641
vertex 9726.87783630371 16632.1290649414 2396.87720947266
vertex 9726.87783630371 16629.1370483398 2396.87720947266
endloop
endfacet
facet normal 1.0 0.0 0.0
outer loop
vertex 9726.87783630371 16632.1290649414 2396.87720947266
vertex 9726.87783630371 16632.1290649414 2383.41148681641
vertex 9726.87783630371 16632.1290649414 2395.38070678711
endloop
endfacet
facet normal 1.0 0.0 0.0
outer loop
vertex 9726.87783630371 16632.1290649414 2396.87720947266
vertex 9726.87783630371 16632.1290649414 2395.38070678711
vertex 9726.87783630371 16633.625402832 2395.38070678711
endloop
endfacet
facet normal 1.0 0.0 0.0
outer loop
vertex 9726.87783630371 16635.1214111328 2378.92313232422
vertex 9726.87783630371 16626.1447021484 2381.9153137207
vertex 9726.87783630371 16626.1447021484 2378.92313232422
endloop
endfacet
facet normal 1.0 0.0 0.0
outer loop
vertex 9726.87783630371 16626.1447021484 2381.9153137207
vertex 9726.87783630371 16635.1214111328 2378.92313232422
vertex 9726.87783630371 16626.1447021484 2383.41148681641
endloop
endfacet
facet normal 1.0 0.0 0.0
outer loop
vertex 9726.87783630371 16626.1447021484 2383.41148681641
vertex 9726.87783630371 16635.1214111328 2378.92313232422
vertex 9726.87783630371 16632.1290649414 2383.41148681641
endloop
endfacet
facet normal 1.0 0.0 0.0
outer loop
vertex 9726.87783630371 16626.1447021484 2383.41148681641
vertex 9726.87783630371 16632.1290649414 2383.41148681641
vertex 9726.87783630371 16629.1370483398 2396.87720947266
endloop
endfacet
facet normal 0.0 -1.0 0.0
outer loop
vertex 9726.87783630371 16626.1447021484 2383.41148681641
vertex 9725.38166320801 16626.1447021484 2381.9153137207
vertex 9726.87783630371 16626.1447021484 2381.9153137207
endloop
endfacet
facet normal 0.0 -1.0 0.0
outer loop
vertex 9725.38166320801 16626.1447021484 2381.9153137207
vertex 9726.87783630371 16626.1447021484 2383.41148681641
vertex 9725.38166320801 16626.1447021484 2383.41148681641
endloop
endfacet
facet normal -1.0 0.0 0.0
outer loop
vertex 9725.38166320801 16627.7768713684 2390.75633819326
vertex 9725.38166320801 16626.1447021484 2381.9153137207
vertex 9725.38166320801 16626.1447021484 2383.41148681641
endloop
endfacet
facet normal -1.0 0.0 0.0
outer loop
vertex 9725.38166320801 16626.1447021484 2381.9153137207
vertex 9725.38166320801 16627.7768713684 2390.75633819326
vertex 9725.38166320801 16627.6407104492 2381.9153137207
endloop
endfacet
facet normal -1.0 0.0 0.0
outer loop
vertex 9725.38166320801 16627.6407104492 2381.9153137207
vertex 9725.38166320801 16627.7768713684 2390.75633819326
vertex 9725.38166320801 16629.1370483398 2386.40366821289
endloop
endfacet
facet normal -1.0 0.0 0.0
outer loop
vertex 9725.38166320801 16629.1370483398 2386.40366821289
vertex 9725.38166320801 16627.7768713684 2390.75633819326
vertex 9725.38166320801 16631.2471927008 2390.4671447489
endloop
endfacet
facet normal -1.0 0.0 0.0
outer loop
vertex 9725.38166320801 16629.1370483398 2386.40366821289
vertex 9725.38166320801 16631.2471927008 2390.4671447489
vertex 9725.38166320801 16631.7256621383 2386.6390203035
endloop
endfacet
facet normal 1.0 0.0 0.0
outer loop
vertex 9725.38166320801 16615.6709960937 2389.39617919922
vertex 9725.38166320801 16614.174987793 2389.39617919922
vertex 9725.38166320801 16615.6709960937 2387.90000610352
endloop
endfacet
facet normal 1.0 0.0 0.0
outer loop
vertex 9725.38166320801 16624.6483642578 2386.40366821289
vertex 9725.38166320801 16617.1673339844 2387.90000610352
vertex 9725.38166320801 16615.6709960937 2387.90000610352
endloop
endfacet
facet normal 1.0 0.0 0.0
outer loop
vertex 9725.38166320801 16617.1673339844 2387.90000610352
vertex 9725.38166320801 16626.1447021484 2390.89235229492
vertex 9725.38166320801 16615.6709960937 2389.39617919922
endloop
endfacet
facet normal 1.0 0.0 0.0
outer loop
vertex 9725.38166320801 16626.1447021484 2390.89235229492
vertex 9725.38166320801 16617.1673339844 2387.90000610352
vertex 9725.38166320801 16624.6483642578 2386.40366821289
endloop
endfacet
facet normal 1.0 0.0 0.0
outer loop
vertex 9725.38166320801 16626.1447021484 2390.89235229492
vertex 9725.38166320801 16624.6483642578 2386.40366821289
vertex 9725.38166320801 16626.1447021484 2381.9153137207
endloop
endfacet
facet normal 1.0 0.0 0.0
outer loop
vertex 9725.38166320801 16626.1447021484 2390.89235229492
vertex 9725.38166320801 16626.1447021484 2381.9153137207
vertex 9725.38166320801 16626.1447021484 2383.41148681641
endloop
endfacet
facet normal 1.0 0.0 0.0
outer loop
vertex 9725.38166320801 16626.1447021484 2390.89235229492
vertex 9725.38166320801 16626.1447021484 2383.41148681641
vertex 9725.38166320801 16627.7768713684 2390.75633819326
endloop
endfacet
facet normal 0.0 1.0 0.0
outer loop
vertex 9722.3893170166 16645.5951171875 2389.39617919922
vertex 9725.38166320801 16645.5951171875 2387.90000610352
vertex 9722.3893170166 16645.5951171875 2387.90000610352
endloop
endfacet
facet normal 0.0 1.0 0.0
outer loop
vertex 9725.38166320801 16645.5951171875 2387.90000610352
vertex 9722.3893170166 16645.5951171875 2389.39617919922
vertex 9725.38166320801 16645.5951171875 2389.39617919922
endloop
endfacet
facet normal -1.42947043792758e-017 0.0920562649976252 -0.995753806959676
outer loop
vertex 9725.38166320801 16644.1049130473 2387.83254160397
vertex 9722.3893170166 16643.2437548584 2387.68622448793
vertex 9722.3893170166 16644.1049130473 2387.83254160397
endloop
endfacet
facet normal -1.42947043792758e-017 0.0920562649976252 -0.995753806959676
outer loop
vertex 9722.3893170166 16643.2437548584 2387.68622448793
vertex 9725.38166320801 16644.1049130473 2387.83254160397
vertex 9722.3893170166 16631.7256621383 2386.6390203035
endloop
endfacet
facet normal -1.42947043792758e-017 0.0920562649976252 -0.995753806959676
outer loop
vertex 9722.3893170166 16631.7256621383 2386.6390203035
vertex 9725.38166320801 16644.1049130473 2387.83254160397
vertex 9722.3893170166 16629.1370483398 2386.40366821289
endloop
endfacet
facet normal -1.42947043792758e-017 0.0920562649976252 -0.995753806959676
outer loop
vertex 9722.3893170166 16629.1370483398 2386.40366821289
vertex 9725.38166320801 16644.1049130473 2387.83254160397
vertex 9725.38166320801 16629.1370483398 2386.40366821289
endloop
endfacet
facet normal -1.42947043792758e-017 0.0920562649976252 -0.995753806959676
outer loop
vertex 9725.38166320801 16629.1370483398 2386.40366821289
vertex 9725.38166320801 16644.1049130473 2387.83254160397
vertex 9725.38166320801 16643.2437548584 2387.68622448793
endloop
endfacet
facet normal -1.42947043792758e-017 0.0920562649976252 -0.995753806959676
outer loop
vertex 9725.38166320801 16629.1370483398 2386.40366821289
vertex 9725.38166320801 16643.2437548584 2387.68622448793
vertex 9725.38166320801 16631.7256621383 2386.6390203035
endloop
endfacet
facet normal -0.00100379511769561 0.0792156312220566 0.996856998854627
outer loop
vertex 9725.15281344677 16644.1031802165 2389.45339163953
vertex 9722.3893170166 16627.7768713684 2390.75633819326
vertex 9722.3893170166 16626.1447021484 2390.89235229492
endloop
endfacet
facet normal -0.0099486075845621 0.0791201820761425 0.996815440287402
outer loop
vertex 9722.3893170166 16627.7768713684 2390.75633819326
vertex 9725.15281344677 16644.1031802165 2389.45339163953
vertex 9722.3893170166 16631.2471927008 2390.4671447489
endloop
endfacet
facet normal -0.0099486075845621 0.0791201820761425 0.996815440287402
outer loop
vertex 9722.3893170166 16631.2471927008 2390.4671447489
vertex 9725.15281344677 16644.1031802165 2389.45339163953
vertex 9722.3893170166 16644.0987792969 2389.39617919922
endloop
endfacet
facet normal 0.00152700211180825 -0.0312698199543002 0.999509813170724
outer loop
vertex 9725.38166320801 16626.1447021484 2390.89235229492
vertex 9725.15281344677 16644.1031802165 2389.45339163953
vertex 9722.3893170166 16626.1447021484 2390.89235229492
endloop
endfacet
facet normal -0.00100379511769561 0.0792156312220566 0.996856998854627
outer loop
vertex 9725.15281344677 16644.1031802165 2389.45339163953
vertex 9725.38166320801 16626.1447021484 2390.89235229492
vertex 9725.38166320801 16645.5951171875 2389.39617919922
endloop
endfacet
facet normal 0.00303532464618579 0.0792566545280812 0.996849622318888
outer loop
vertex 9725.38166320801 16645.5951171875 2389.39617919922
vertex 9725.38166320801 16626.1447021484 2390.89235229492
vertex 9725.38166320801 16627.7768713684 2390.75633819326
endloop
endfacet
facet normal 0.00303532464618579 0.0792566545280812 0.996849622318888
outer loop
vertex 9725.38166320801 16645.5951171875 2389.39617919922
vertex 9725.38166320801 16627.7768713684 2390.75633819326
vertex 9725.38166320801 16631.2471927008 2390.4671447489
endloop
endfacet
facet normal 0.00303532464618579 0.0792566545280812 0.996849622318888
outer loop
vertex 9725.38166320801 16645.5951171875 2389.39617919922
vertex 9725.38166320801 16631.2471927008 2390.4671447489
vertex 9725.38166320801 16644.0987792969 2389.39617919922
endloop
endfacet
facet normal 1.0 0.0 0.0
outer loop
vertex 9722.3893170166 16635.1214111328 2378.92313232422
vertex 9722.3893170166 16626.1447021484 2381.9153137207
vertex 9722.3893170166 16626.1447021484 2378.92313232422
endloop
endfacet
facet normal 1.0 0.0 0.0
outer loop
vertex 9722.3893170166 16626.1447021484 2381.9153137207
vertex 9722.3893170166 16635.1214111328 2378.92313232422
vertex 9722.3893170166 16627.6407104492 2381.9153137207
endloop
endfacet
facet normal 1.0 0.0 0.0
outer loop
vertex 9722.3893170166 16627.6407104492 2381.9153137207
vertex 9722.3893170166 16635.1214111328 2378.92313232422
vertex 9722.3893170166 16629.1370483398 2386.40366821289
endloop
endfacet
facet normal 1.0 0.0 0.0
outer loop
vertex 9722.3893170166 16629.1370483398 2386.40366821289
vertex 9722.3893170166 16635.1214111328 2378.92313232422
vertex 9722.3893170166 16632.1290649414 2383.41148681641
endloop
endfacet
facet normal 1.0 0.0 0.0
outer loop
vertex 9722.3893170166 16629.1370483398 2386.40366821289
vertex 9722.3893170166 16632.1290649414 2383.41148681641
vertex 9722.3893170166 16631.7256621383 2386.6390203035
endloop
endfacet
facet normal 1.47086637766438e-026 0.832040894431967 0.554714295825203
outer loop
vertex 9720.89306152344 16632.1290649414 2383.41148681641
vertex 9722.3893170166 16635.1214111328 2378.92313232422
vertex 9720.89306152344 16635.1214111328 2378.92313232422
endloop
endfacet
facet normal 1.47086637766438e-026 0.832040894431967 0.554714295825203
outer loop
vertex 9722.3893170166 16635.1214111328 2378.92313232422
vertex 9720.89306152344 16632.1290649414 2383.41148681641
vertex 9722.3893170166 16632.1290649414 2383.41148681641
endloop
endfacet
facet normal 0.0 -1.0 0.0
outer loop
vertex 9725.38166320801 16632.1290649414 2396.87720947266
vertex 9722.3893170166 16632.1290649414 2395.38070678711
vertex 9725.38166320801 16632.1290649414 2395.38070678711
endloop
endfacet
facet normal 0.0 -1.0 0.0
outer loop
vertex 9722.3893170166 16632.1290649414 2395.38070678711
vertex 9725.38166320801 16632.1290649414 2396.87720947266
vertex 9722.3893170166 16632.1290649414 2396.87720947266
endloop
endfacet
facet normal 0.0 0.0 1.0
outer loop
vertex 9722.3893170166 16629.1370483398 2396.87720947266
vertex 9720.89306152344 16632.1290649414 2396.87720947266
vertex 9720.89306152344 16629.1370483398 2396.87720947266
endloop
endfacet
facet normal 0.0 0.0 1.0
outer loop
vertex 9720.89306152344 16632.1290649414 2396.87720947266
vertex 9722.3893170166 16629.1370483398 2396.87720947266
vertex 9722.3893170166 16632.1290649414 2396.87720947266
endloop
endfacet
facet normal -4.19756964802248e-014 -0.976187622377673 0.216927927931433
outer loop
vertex 9722.3893170166 16627.7768713684 2390.75633819326
vertex 9720.89306152344 16626.1447021484 2383.41148681641
vertex 9722.3893170166 16626.1447021484 2383.41148681641
endloop
endfacet
facet normal -4.19756964802248e-014 -0.976187622377673 0.216927927931433
outer loop
vertex 9720.89306152344 16626.1447021484 2383.41148681641
vertex 9722.3893170166 16627.7768713684 2390.75633819326
vertex 9720.89306152344 16629.1370483398 2396.87720947266
endloop
endfacet
facet normal -4.19756964802248e-014 -0.976187622377673 0.216927927931433
outer loop
vertex 9720.89306152344 16629.1370483398 2396.87720947266
vertex 9722.3893170166 16627.7768713684 2390.75633819326
vertex 9722.3893170166 16629.1370483398 2396.87720947266
endloop
endfacet
facet normal 2.98379164938022e-014 0.992279347928197 0.124022964305778
outer loop
vertex 9722.3893170166 16630.6330566406 2395.38070678711
vertex 9722.3893170166 16632.1290649414 2383.41148681641
vertex 9720.89306152344 16632.1290649414 2383.41148681641
endloop
endfacet
facet normal 2.98379164938022e-014 0.992279347928197 0.124022964305778
outer loop
vertex 9722.3893170166 16632.1290649414 2383.41148681641
vertex 9722.3893170166 16630.6330566406 2395.38070678711
vertex 9722.3893170166 16631.7256621383 2386.6390203035
endloop
endfacet
facet normal 2.98379164938022e-014 0.992279347928197 0.124022964305778
outer loop
vertex 9722.3893170166 16631.7256621383 2386.6390203035
vertex 9722.3893170166 16630.6330566406 2395.38070678711
vertex 9722.3893170166 16631.2471927008 2390.4671447489
endloop
endfacet
facet normal 0.70704836433518 0.707165193212269 7.74585142565856e-018
outer loop
vertex 9722.3893170166 16630.6330566406 2395.38070678711
vertex 9720.89306152344 16632.1290649414 2383.41148681641
vertex 9720.89306152344 16632.1290649414 2395.38070678711
endloop
endfacet
facet normal 0.0 -1.0 0.0
outer loop
vertex 9722.3893170166 16626.1447021484 2381.9153137207
vertex 9720.89306152344 16626.1447021484 2378.92313232422
vertex 9722.3893170166 16626.1447021484 2378.92313232422
endloop
endfacet
facet normal 0.0 -1.0 0.0
outer loop
vertex 9720.89306152344 16626.1447021484 2378.92313232422
vertex 9722.3893170166 16626.1447021484 2381.9153137207
vertex 9720.89306152344 16626.1447021484 2381.9153137207
endloop
endfacet
facet normal 0.0 -1.0 0.0
outer loop
vertex 9722.3893170166 16626.1447021484 2383.41148681641
vertex 9720.89306152344 16626.1447021484 2381.9153137207
vertex 9722.3893170166 16626.1447021484 2381.9153137207
endloop
endfacet
facet normal 0.0 -1.0 0.0
outer loop
vertex 9720.89306152344 16626.1447021484 2381.9153137207
vertex 9722.3893170166 16626.1447021484 2383.41148681641
vertex 9720.89306152344 16626.1447021484 2383.41148681641
endloop
endfacet
facet normal -1.0 0.0 0.0
outer loop
vertex 9722.3893170166 16615.6709960937 2387.90000610352
vertex 9722.3893170166 16614.174987793 2389.39617919922
vertex 9722.3893170166 16615.6709960937 2389.39617919922
endloop
endfacet
facet normal 8.38612366885686e-027 0.94866936454986 -0.316269563449543
outer loop
vertex 9722.3893170166 16629.1370483398 2386.40366821289
vertex 9725.38166320801 16627.6407104492 2381.9153137207
vertex 9722.3893170166 16627.6407104492 2381.9153137207
endloop
endfacet
facet normal 8.38612366885686e-027 0.94866936454986 -0.316269563449543
outer loop
vertex 9725.38166320801 16627.6407104492 2381.9153137207
vertex 9722.3893170166 16629.1370483398 2386.40366821289
vertex 9725.38166320801 16629.1370483398 2386.40366821289
endloop
endfacet
facet normal -1.0 0.0 0.0
outer loop
vertex 9722.3893170166 16627.7768713684 2390.75633819326
vertex 9722.3893170166 16626.1447021484 2381.9153137207
vertex 9722.3893170166 16626.1447021484 2383.41148681641
endloop
endfacet
facet normal -1.0 0.0 0.0
outer loop
vertex 9722.3893170166 16626.1447021484 2381.9153137207
vertex 9722.3893170166 16627.7768713684 2390.75633819326
vertex 9722.3893170166 16627.6407104492 2381.9153137207
endloop
endfacet
facet normal -1.0 0.0 0.0
outer loop
vertex 9722.3893170166 16627.6407104492 2381.9153137207
vertex 9722.3893170166 16627.7768713684 2390.75633819326
vertex 9722.3893170166 16629.1370483398 2386.40366821289
endloop
endfacet
facet normal -1.0 0.0 0.0
outer loop
vertex 9722.3893170166 16629.1370483398 2386.40366821289
vertex 9722.3893170166 16627.7768713684 2390.75633819326
vertex 9722.3893170166 16631.2471927008 2390.4671447489
endloop
endfacet
facet normal -1.0 0.0 0.0
outer loop
vertex 9722.3893170166 16629.1370483398 2386.40366821289
vertex 9722.3893170166 16631.2471927008 2390.4671447489
vertex 9722.3893170166 16631.7256621383 2386.6390203035
endloop
endfacet
facet normal 0.0 0.0 1.0
outer loop
vertex 9725.38166320801 16614.174987793 2389.39617919922
vertex 9722.3893170166 16615.6709960937 2389.39617919922
vertex 9722.3893170166 16614.174987793 2389.39617919922
endloop
endfacet
facet normal 0.0 0.0 1.0
outer loop
vertex 9722.3893170166 16615.6709960937 2389.39617919922
vertex 9725.38166320801 16614.174987793 2389.39617919922
vertex 9723.88532531738 16615.6709960937 2389.39617919922
endloop
endfacet
facet normal 0.0 0.0 1.0
outer loop
vertex 9723.88532531738 16615.6709960937 2389.39617919922
vertex 9725.38166320801 16614.174987793 2389.39617919922
vertex 9725.38166320801 16615.6709960937 2389.39617919922
endloop
endfacet
facet normal 0.0 0.0 -1.0
outer loop
vertex 9725.38166320801 16627.6407104492 2381.9153137207
vertex 9722.3893170166 16626.1447021484 2381.9153137207
vertex 9722.3893170166 16627.6407104492 2381.9153137207
endloop
endfacet
facet normal 0.0 0.0 -1.0
outer loop
vertex 9722.3893170166 16626.1447021484 2381.9153137207
vertex 9725.38166320801 16627.6407104492 2381.9153137207
vertex 9725.38166320801 16626.1447021484 2381.9153137207
endloop
endfacet
facet normal 1.76825438033371e-018 -0.707145724145717 -0.707067836082528
outer loop
vertex 9725.38166320801 16614.174987793 2389.39617919922
vertex 9723.88532531738 16615.6709960937 2387.90000610352
vertex 9725.38166320801 16615.6709960937 2387.90000610352
endloop
endfacet
facet normal 1.76825438033371e-018 -0.707145724145717 -0.707067836082528
outer loop
vertex 9723.88532531738 16615.6709960937 2387.90000610352
vertex 9725.38166320801 16614.174987793 2389.39617919922
vertex 9722.3893170166 16615.6709960937 2387.90000610352
endloop
endfacet
facet normal 1.76825438033371e-018 -0.707145724145717 -0.707067836082528
outer loop
vertex 9722.3893170166 16615.6709960937 2387.90000610352
vertex 9725.38166320801 16614.174987793 2389.39617919922
vertex 9722.3893170166 16614.174987793 2389.39617919922
endloop
endfacet
facet normal 1.69155736080084e-017 -0.141414814299859 0.989950428201603
outer loop
vertex 9723.88532531738 16615.6709960937 2389.39617919922
vertex 9722.3893170166 16626.1447021484 2390.89235229492
vertex 9722.3893170166 16615.6709960937 2389.39617919922
endloop
endfacet
facet normal 0.000893995326795762 -0.0312761267540348 0.999510382471148
outer loop
vertex 9722.3893170166 16626.1447021484 2390.89235229492
vertex 9723.88532531738 16615.6709960937 2389.39617919922
vertex 9725.38166320801 16626.1447021484 2390.89235229492
endloop
endfacet
facet normal 0.00152700211180825 -0.0312698199543002 0.999509813170724
outer loop
vertex 9725.38166320801 16626.1447021484 2390.89235229492
vertex 9723.88532531738 16615.6709960937 2389.39617919922
vertex 9725.38166320801 16615.6709960937 2389.39617919922
endloop
endfacet
facet normal 4.17749348640031e-018 -0.164410732315631 -0.986391966258565
outer loop
vertex 9725.38166320801 16624.6483642578 2386.40366821289
vertex 9722.3893170166 16615.6709960937 2387.90000610352
vertex 9722.3893170166 16624.6483642578 2386.40366821289
endloop
endfacet
facet normal 4.17749348640031e-018 -0.164410732315631 -0.986391966258565
outer loop
vertex 9722.3893170166 16615.6709960937 2387.90000610352
vertex 9725.38166320801 16624.6483642578 2386.40366821289
vertex 9723.88532531738 16615.6709960937 2387.90000610352
endloop
endfacet
facet normal 4.17749348640031e-018 -0.164410732315631 -0.986391966258565
outer loop
vertex 9723.88532531738 16615.6709960937 2387.90000610352
vertex 9725.38166320801 16624.6483642578 2386.40366821289
vertex 9725.38166320801 16615.6709960937 2387.90000610352
endloop
endfacet
facet normal -4.19259999261422e-027 -0.94866936454986 -0.316269563449543
outer loop
vertex 9725.38166320801 16624.6483642578 2386.40366821289
vertex 9722.3893170166 16626.1447021484 2381.9153137207
vertex 9725.38166320801 16626.1447021484 2381.9153137207
endloop
endfacet
facet normal -4.19259999261422e-027 -0.94866936454986 -0.316269563449543
outer loop
vertex 9722.3893170166 16626.1447021484 2381.9153137207
vertex 9725.38166320801 16624.6483642578 2386.40366821289
vertex 9722.3893170166 16624.6483642578 2386.40366821289
endloop
endfacet
facet normal -1.0 0.0 0.0
outer loop
vertex 9720.89306152344 16633.625402832 2395.38070678711
vertex 9720.89306152344 16632.1290649414 2395.38070678711
vertex 9720.89306152344 16632.1290649414 2396.87720947266
endloop
endfacet
facet normal -1.0 0.0 0.0
outer loop
vertex 9720.89306152344 16629.1370483398 2396.87720947266
vertex 9720.89306152344 16626.1447021484 2381.9153137207
vertex 9720.89306152344 16626.1447021484 2383.41148681641
endloop
endfacet
facet normal -1.0 0.0 0.0
outer loop
vertex 9720.89306152344 16626.1447021484 2381.9153137207
vertex 9720.89306152344 16629.1370483398 2396.87720947266
vertex 9720.89306152344 16626.1447021484 2378.92313232422
endloop
endfacet
facet normal -1.0 0.0 0.0
outer loop
vertex 9720.89306152344 16626.1447021484 2378.92313232422
vertex 9720.89306152344 16629.1370483398 2396.87720947266
vertex 9720.89306152344 16632.1290649414 2383.41148681641
endloop
endfacet
facet normal -1.0 0.0 0.0
outer loop
vertex 9720.89306152344 16626.1447021484 2378.92313232422
vertex 9720.89306152344 16632.1290649414 2383.41148681641
vertex 9720.89306152344 16635.1214111328 2378.92313232422
endloop
endfacet
facet normal -1.0 0.0 0.0
outer loop
vertex 9720.89306152344 16632.1290649414 2383.41148681641
vertex 9720.89306152344 16629.1370483398 2396.87720947266
vertex 9720.89306152344 16632.1290649414 2396.87720947266
endloop
endfacet
facet normal -1.0 0.0 0.0
outer loop
vertex 9720.89306152344 16632.1290649414 2383.41148681641
vertex 9720.89306152344 16632.1290649414 2396.87720947266
vertex 9720.89306152344 16632.1290649414 2395.38070678711
endloop
endfacet
facet normal 0.0 0.0 1.0
outer loop
vertex 9725.38166320801 16614.174987793 2307.10649414062
vertex 9722.3893170166 16617.1673339844 2307.10649414062
vertex 9722.3893170166 16614.174987793 2307.10649414062
endloop
endfacet
facet normal 0.0 0.0 1.0
outer loop
vertex 9722.3893170166 16617.1673339844 2307.10649414062
vertex 9725.38166320801 16614.174987793 2307.10649414062
vertex 9723.88532531738 16617.1673339844 2307.10649414062
endloop
endfacet
facet normal 0.0 0.0 1.0
outer loop
vertex 9723.88532531738 16617.1673339844 2307.10649414062
vertex 9725.38166320801 16614.174987793 2307.10649414062
vertex 9725.38166320801 16617.1673339844 2307.10649414062
endloop
endfacet
facet normal -1.0 0.0 0.0
outer loop
vertex 9720.89306152344 16617.1673339844 2305.61032104492
vertex 9720.89306152344 16614.174987793 2299.62562866211
vertex 9720.89306152344 16614.174987793 2305.61032104492
endloop
endfacet
facet normal -1.0 0.0 0.0
outer loop
vertex 9720.89306152344 16614.174987793 2299.62562866211
vertex 9720.89306152344 16617.1673339844 2305.61032104492
vertex 9720.89306152344 16614.174987793 2298.12929077148
endloop
endfacet
facet normal -1.0 0.0 0.0
outer loop
vertex 9720.89306152344 16614.174987793 2298.12929077148
vertex 9720.89306152344 16617.1673339844 2305.61032104492
vertex 9720.89306152344 16617.1673339844 2298.12929077148
endloop
endfacet
facet normal -1.0 0.0 0.0
outer loop
vertex 9720.89306152344 16617.1673339844 2298.12929077148
vertex 9720.89306152344 16617.1673339844 2305.61032104492
vertex 9720.89306152344 16617.1673339844 2299.62562866211
endloop
endfacet
facet normal 0.0 1.0 0.0
outer loop
vertex 9720.89306152344 16617.1673339844 2305.61032104492
vertex 9722.3893170166 16617.1673339844 2299.62562866211
vertex 9720.89306152344 16617.1673339844 2299.62562866211
endloop
endfacet
facet normal 0.0 1.0 0.0
outer loop
vertex 9722.3893170166 16617.1673339844 2299.62562866211
vertex 9720.89306152344 16617.1673339844 2305.61032104492
vertex 9722.3893170166 16617.1673339844 2305.61032104492
endloop
endfacet
facet normal 0.0 1.0 0.0
outer loop
vertex 9722.3893170166 16617.1673339844 2305.61032104492
vertex 9720.89306152344 16617.1673339844 2305.61032104492
vertex 9722.3893170166 16617.1673339844 2307.10649414062
endloop
endfacet
facet normal 0.0 1.0 0.0
outer loop
vertex 9722.3893170166 16617.1673339844 2305.61032104492
vertex 9722.3893170166 16617.1673339844 2307.10649414062
vertex 9725.38166320801 16617.1673339844 2305.61032104492
endloop
endfacet
facet normal 0.0 1.0 0.0
outer loop
vertex 9725.38166320801 16617.1673339844 2305.61032104492
vertex 9722.3893170166 16617.1673339844 2307.10649414062
vertex 9726.87783630371 16617.1673339844 2305.61032104492
endloop
endfacet
facet normal 0.0 1.0 0.0
outer loop
vertex 9726.87783630371 16617.1673339844 2305.61032104492
vertex 9722.3893170166 16617.1673339844 2307.10649414062
vertex 9725.38166320801 16617.1673339844 2307.10649414062
endloop
endfacet
facet normal 0.0 1.0 0.0
outer loop
vertex 9725.38166320801 16617.1673339844 2307.10649414062
vertex 9722.3893170166 16617.1673339844 2307.10649414062
vertex 9723.88532531738 16617.1673339844 2307.10649414062
endloop
endfacet
facet normal 0.0 -1.0 0.0
outer loop
vertex 9725.38166320801 16614.174987793 2307.10649414062
vertex 9722.3893170166 16614.174987793 2305.61032104492
vertex 9726.87783630371 16614.174987793 2305.61032104492
endloop
endfacet
facet normal 0.0 -1.0 0.0
outer loop
vertex 9722.3893170166 16614.174987793 2305.61032104492
vertex 9725.38166320801 16614.174987793 2307.10649414062
vertex 9720.89306152344 16614.174987793 2305.61032104492
endloop
endfacet
facet normal 0.0 -1.0 0.0
outer loop
vertex 9720.89306152344 16614.174987793 2305.61032104492
vertex 9725.38166320801 16614.174987793 2307.10649414062
vertex 9722.3893170166 16614.174987793 2307.10649414062
endloop
endfacet
facet normal 0.0 -1.0 0.0
outer loop
vertex 9722.3893170166 16614.174987793 2299.62562866211
vertex 9720.89306152344 16614.174987793 2298.12929077148
vertex 9722.3893170166 16614.174987793 2298.12929077148
endloop
endfacet
facet normal 0.0 -1.0 0.0
outer loop
vertex 9720.89306152344 16614.174987793 2298.12929077148
vertex 9722.3893170166 16614.174987793 2299.62562866211
vertex 9720.89306152344 16614.174987793 2299.62562866211
endloop
endfacet
facet normal 0.0 -1.0 0.0
outer loop
vertex 9720.89306152344 16614.174987793 2299.62562866211
vertex 9722.3893170166 16614.174987793 2299.62562866211
vertex 9722.3893170166 16614.174987793 2302.61781005859
endloop
endfacet
facet normal 0.0 -1.0 0.0
outer loop
vertex 9720.89306152344 16614.174987793 2299.62562866211
vertex 9722.3893170166 16614.174987793 2302.61781005859
vertex 9720.89306152344 16614.174987793 2305.61032104492
endloop
endfacet
facet normal 0.0 -1.0 0.0
outer loop
vertex 9720.89306152344 16614.174987793 2305.61032104492
vertex 9722.3893170166 16614.174987793 2302.61781005859
vertex 9722.3893170166 16614.174987793 2305.61032104492
endloop
endfacet
facet normal 0.0 0.0 -1.0
outer loop
vertex 9722.3893170166 16617.1673339844 2298.12929077148
vertex 9720.89306152344 16614.174987793 2298.12929077148
vertex 9720.89306152344 16617.1673339844 2298.12929077148
endloop
endfacet
facet normal 0.0 0.0 -1.0
outer loop
vertex 9720.89306152344 16614.174987793 2298.12929077148
vertex 9722.3893170166 16617.1673339844 2298.12929077148
vertex 9722.3893170166 16614.174987793 2298.12929077148
endloop
endfacet
facet normal 0.0 0.0 -1.0
outer loop
vertex 9722.3893170166 16614.174987793 2298.12929077148
vertex 9722.3893170166 16617.1673339844 2298.12929077148
vertex 9722.3893170166 16615.6713256836 2298.12929077148
endloop
endfacet
facet normal -1.0 0.0 0.0
outer loop
vertex 9726.87783630371 16617.1673339844 2305.61032104492
vertex 9726.87783630371 16614.174987793 2302.61781005859
vertex 9726.87783630371 16614.174987793 2305.61032104492
endloop
endfacet
facet normal -1.0 0.0 0.0
outer loop
vertex 9726.87783630371 16614.174987793 2302.61781005859
vertex 9726.87783630371 16617.1673339844 2305.61032104492
vertex 9726.87783630371 16614.174987793 2299.62562866211
endloop
endfacet
facet normal -1.0 0.0 0.0
outer loop
vertex 9726.87783630371 16614.174987793 2299.62562866211
vertex 9726.87783630371 16617.1673339844 2305.61032104492
vertex 9726.87783630371 16615.6709960937 2301.12180175781
endloop
endfacet
facet normal -1.0 0.0 0.0
outer loop
vertex 9726.87783630371 16615.6709960937 2301.12180175781
vertex 9726.87783630371 16617.1673339844 2305.61032104492
vertex 9726.87783630371 16617.1673339844 2299.62562866211
endloop
endfacet
facet normal 0.707106781186548 0.0 0.707106781186548
outer loop
vertex 9726.87783630371 16617.1673339844 2305.61032104492
vertex 9725.38166320801 16614.174987793 2307.10649414062
vertex 9726.87783630371 16614.174987793 2305.61032104492
endloop
endfacet
facet normal 0.707106781186548 0.0 0.707106781186548
outer loop
vertex 9725.38166320801 16614.174987793 2307.10649414062
vertex 9726.87783630371 16617.1673339844 2305.61032104492
vertex 9725.38166320801 16617.1673339844 2307.10649414062
endloop
endfacet
facet normal -0.707087310511199 0.0 0.707126251325772
outer loop
vertex 9722.3893170166 16614.174987793 2307.10649414062
vertex 9720.89306152344 16617.1673339844 2305.61032104492
vertex 9720.89306152344 16614.174987793 2305.61032104492
endloop
endfacet
facet normal -0.707087310511199 0.0 0.707126251325772
outer loop
vertex 9720.89306152344 16617.1673339844 2305.61032104492
vertex 9722.3893170166 16614.174987793 2307.10649414062
vertex 9722.3893170166 16617.1673339844 2307.10649414062
endloop
endfacet
facet normal 0.0 0.0 -1.0
outer loop
vertex 9725.38166320801 16617.1673339844 2305.61032104492
vertex 9722.3893170166 16614.174987793 2305.61032104492
vertex 9722.3893170166 16617.1673339844 2305.61032104492
endloop
endfacet
facet normal 0.0 0.0 -1.0
outer loop
vertex 9722.3893170166 16614.174987793 2305.61032104492
vertex 9725.38166320801 16617.1673339844 2305.61032104492
vertex 9726.87783630371 16614.174987793 2305.61032104492
endloop
endfacet
facet normal 0.0 0.0 -1.0
outer loop
vertex 9726.87783630371 16614.174987793 2305.61032104492
vertex 9725.38166320801 16617.1673339844 2305.61032104492
vertex 9726.87783630371 16617.1673339844 2305.61032104492
endloop
endfacet
facet normal 1.0 0.0 0.0
outer loop
vertex 9722.3893170166 16617.1673339844 2298.12929077148
vertex 9722.3893170166 16615.6713256836 2298.12929077148
vertex 9722.3893170166 16617.1673339844 2296.6332824707
endloop
endfacet
facet normal -1.0 0.0 0.0
outer loop
vertex 9722.3893170166 16623.152355957 2305.61032104492
vertex 9722.3893170166 16617.1673339844 2299.62562866211
vertex 9722.3893170166 16617.1673339844 2305.61032104492
endloop
endfacet
facet normal -1.0 0.0 0.0
outer loop
vertex 9722.3893170166 16617.1673339844 2299.62562866211
vertex 9722.3893170166 16623.152355957 2305.61032104492
vertex 9722.3893170166 16617.1673339844 2298.12929077148
endloop
endfacet
facet normal -1.0 0.0 0.0
outer loop
vertex 9722.3893170166 16617.1673339844 2298.12929077148
vertex 9722.3893170166 16623.152355957 2305.61032104492
vertex 9722.3893170166 16617.1673339844 2296.6332824707
endloop
endfacet
facet normal -1.0 0.0 0.0
outer loop
vertex 9722.3893170166 16617.1673339844 2296.6332824707
vertex 9722.3893170166 16623.152355957 2305.61032104492
vertex 9722.3893170166 16623.152355957 2296.6332824707
endloop
endfacet
facet normal 1.0 0.0 0.0
outer loop
vertex 9722.3893170166 16615.6713256836 2298.12929077148
vertex 9722.3893170166 16614.174987793 2302.61781005859
vertex 9722.3893170166 16614.174987793 2299.62562866211
endloop
endfacet
facet normal 1.0 0.0 0.0
outer loop
vertex 9722.3893170166 16614.174987793 2302.61781005859
vertex 9722.3893170166 16615.6713256836 2298.12929077148
vertex 9722.3893170166 16617.1673339844 2305.61032104492
endloop
endfacet
facet normal 1.0 0.0 0.0
outer loop
vertex 9722.3893170166 16617.1673339844 2305.61032104492
vertex 9722.3893170166 16615.6713256836 2298.12929077148
vertex 9722.3893170166 16617.1673339844 2298.12929077148
endloop
endfacet
facet normal 1.0 0.0 0.0
outer loop
vertex 9722.3893170166 16617.1673339844 2305.61032104492
vertex 9722.3893170166 16617.1673339844 2298.12929077148
vertex 9722.3893170166 16617.1673339844 2299.62562866211
endloop
endfacet
facet normal 1.0 0.0 0.0
outer loop
vertex 9725.38166320801 16647.0911254883 2378.92313232422
vertex 9725.38166320801 16642.6024414062 2386.40366821289
vertex 9725.38166320801 16642.6024414062 2378.92313232422
endloop
endfacet
facet normal 1.0 0.0 0.0
outer loop
vertex 9725.38166320801 16642.6024414062 2386.40366821289
vertex 9725.38166320801 16647.0911254883 2378.92313232422
vertex 9725.38166320801 16647.0911254883 2386.40366821289
endloop
endfacet
facet normal 0.0 1.0 0.0
outer loop
vertex 9722.3893170166 16647.0911254883 2386.40366821289
vertex 9725.38166320801 16647.0911254883 2378.92313232422
vertex 9722.3893170166 16647.0911254883 2378.92313232422
endloop
endfacet
facet normal 0.0 1.0 0.0
outer loop
vertex 9725.38166320801 16647.0911254883 2378.92313232422
vertex 9722.3893170166 16647.0911254883 2386.40366821289
vertex 9725.38166320801 16647.0911254883 2386.40366821289
endloop
endfacet
facet normal 0.0 -1.0 0.0
outer loop
vertex 9725.38166320801 16642.6024414062 2386.40366821289
vertex 9722.3893170166 16642.6024414062 2378.92313232422
vertex 9725.38166320801 16642.6024414062 2378.92313232422
endloop
endfacet
facet normal 0.0 -1.0 0.0
outer loop
vertex 9722.3893170166 16642.6024414062 2378.92313232422
vertex 9725.38166320801 16642.6024414062 2386.40366821289
vertex 9722.3893170166 16642.6024414062 2386.40366821289
endloop
endfacet
facet normal -1.0 0.0 0.0
outer loop
vertex 9722.3893170166 16647.0911254883 2386.40366821289
vertex 9722.3893170166 16642.6024414062 2378.92313232422
vertex 9722.3893170166 16642.6024414062 2386.40366821289
endloop
endfacet
facet normal -1.0 0.0 0.0
outer loop
vertex 9722.3893170166 16642.6024414062 2378.92313232422
vertex 9722.3893170166 16647.0911254883 2386.40366821289
vertex 9722.3893170166 16647.0911254883 2378.92313232422
endloop
endfacet
facet normal 0.0 0.0 1.0
outer loop
vertex 9725.38166320801 16642.6024414062 2386.40366821289
vertex 9722.3893170166 16647.0911254883 2386.40366821289
vertex 9722.3893170166 16642.6024414062 2386.40366821289
endloop
endfacet
facet normal 0.0 0.0 1.0
outer loop
vertex 9722.3893170166 16647.0911254883 2386.40366821289
vertex 9725.38166320801 16642.6024414062 2386.40366821289
vertex 9725.38166320801 16647.0911254883 2386.40366821289
endloop
endfacet
facet normal 0.0 -1.0 0.0
outer loop
vertex 9726.87783630371 16614.174987793 2302.61781005859
vertex 9725.38166320801 16614.174987793 2299.62562866211
vertex 9726.87783630371 16614.174987793 2299.62562866211
endloop
endfacet
facet normal 0.0 -1.0 0.0
outer loop
vertex 9725.38166320801 16614.174987793 2299.62562866211
vertex 9726.87783630371 16614.174987793 2302.61781005859
vertex 9725.38166320801 16614.174987793 2302.61781005859
endloop
endfacet
facet normal 0.0 0.0 1.0
outer loop
vertex 9726.87783630371 16617.1673339844 2305.61032104492
vertex 9725.38166320801 16623.152355957 2305.61032104492
vertex 9725.38166320801 16617.1673339844 2305.61032104492
endloop
endfacet
facet normal 0.0 0.0 1.0
outer loop
vertex 9725.38166320801 16623.152355957 2305.61032104492
vertex 9726.87783630371 16617.1673339844 2305.61032104492
vertex 9726.87783630371 16623.152355957 2305.61032104492
endloop
endfacet
facet normal -4.2023933486749e-021 -0.707106781186547 -0.707106781186548
outer loop
vertex 9726.87783630371 16617.1673339844 2296.6332824707
vertex 9725.38166320801 16614.174987793 2299.62562866211
vertex 9725.38166320801 16617.1673339844 2296.6332824707
endloop
endfacet
facet normal -4.2023933486749e-021 -0.707106781186547 -0.707106781186548
outer loop
vertex 9725.38166320801 16614.174987793 2299.62562866211
vertex 9726.87783630371 16617.1673339844 2296.6332824707
vertex 9726.87783630371 16614.174987793 2299.62562866211
endloop
endfacet
facet normal -4.2023933486749e-021 -0.707106781186547 -0.707106781186548
outer loop
vertex 9726.87783630371 16614.174987793 2299.62562866211
vertex 9726.87783630371 16617.1673339844 2296.6332824707
vertex 9726.87783630371 16615.6713256836 2298.12929077148
endloop
endfacet
facet normal -1.0 0.0 0.0
outer loop
vertex 9725.38166320801 16617.1673339844 2305.61032104492
vertex 9725.38166320801 16614.174987793 2299.62562866211
vertex 9725.38166320801 16614.174987793 2302.61781005859
endloop
endfacet
facet normal -1.0 0.0 0.0
outer loop
vertex 9725.38166320801 16614.174987793 2299.62562866211
vertex 9725.38166320801 16617.1673339844 2305.61032104492
vertex 9725.38166320801 16617.1673339844 2296.6332824707
endloop
endfacet
facet normal -1.0 0.0 0.0
outer loop
vertex 9725.38166320801 16617.1673339844 2296.6332824707
vertex 9725.38166320801 16617.1673339844 2305.61032104492
vertex 9725.38166320801 16623.152355957 2305.61032104492
endloop
endfacet
facet normal -1.0 0.0 0.0
outer loop
vertex 9725.38166320801 16617.1673339844 2296.6332824707
vertex 9725.38166320801 16623.152355957 2305.61032104492
vertex 9725.38166320801 16623.152355957 2296.6332824707
endloop
endfacet
facet normal 1.0 0.0 0.0
outer loop
vertex 9726.87783630371 16617.1673339844 2296.6332824707
vertex 9726.87783630371 16617.1673339844 2298.12929077148
vertex 9726.87783630371 16615.6713256836 2298.12929077148
endloop
endfacet
facet normal 1.0 0.0 0.0
outer loop
vertex 9726.87783630371 16617.1673339844 2298.12929077148
vertex 9726.87783630371 16617.1673339844 2296.6332824707
vertex 9726.87783630371 16623.152355957 2296.6332824707
endloop
endfacet
facet normal 1.0 0.0 0.0
outer loop
vertex 9726.87783630371 16617.1673339844 2298.12929077148
vertex 9726.87783630371 16623.152355957 2296.6332824707
vertex 9726.87783630371 16617.1673339844 2299.62562866211
endloop
endfacet
facet normal 1.0 0.0 0.0
outer loop
vertex 9726.87783630371 16617.1673339844 2299.62562866211
vertex 9726.87783630371 16623.152355957 2296.6332824707
vertex 9726.87783630371 16617.1673339844 2305.61032104492
endloop
endfacet
facet normal 1.0 0.0 0.0
outer loop
vertex 9726.87783630371 16617.1673339844 2305.61032104492
vertex 9726.87783630371 16623.152355957 2296.6332824707
vertex 9726.87783630371 16623.152355957 2305.61032104492
endloop
endfacet
facet normal 0.0 -0.707126251325801 0.70708731051117
outer loop
vertex 9726.87783630371 16617.1673339844 2305.61032104492
vertex 9725.38166320801 16614.174987793 2302.61781005859
vertex 9726.87783630371 16614.174987793 2302.61781005859
endloop
endfacet
facet normal 0.0 -0.707126251325801 0.70708731051117
outer loop
vertex 9725.38166320801 16614.174987793 2302.61781005859
vertex 9726.87783630371 16617.1673339844 2305.61032104492
vertex 9725.38166320801 16617.1673339844 2305.61032104492
endloop
endfacet
facet normal 0.0 0.0 -1.0
outer loop
vertex 9726.87783630371 16623.152355957 2296.6332824707
vertex 9725.38166320801 16617.1673339844 2296.6332824707
vertex 9725.38166320801 16623.152355957 2296.6332824707
endloop
endfacet
facet normal 0.0 0.0 -1.0
outer loop
vertex 9725.38166320801 16617.1673339844 2296.6332824707
vertex 9726.87783630371 16623.152355957 2296.6332824707
vertex 9726.87783630371 16617.1673339844 2296.6332824707
endloop
endfacet
facet normal -1.88264957472446e-018 0.707067840371991 0.707145719856727
outer loop
vertex 9723.88532531738 16615.6709960937 2389.39617919922
vertex 9722.3893170166 16617.1673339844 2387.90000610352
vertex 9722.3893170166 16615.6709960937 2389.39617919922
endloop
endfacet
facet normal -1.88264957472446e-018 0.707067840371991 0.707145719856727
outer loop
vertex 9722.3893170166 16617.1673339844 2387.90000610352
vertex 9723.88532531738 16615.6709960937 2389.39617919922
vertex 9723.88532531738 16617.1673339844 2387.90000610352
endloop
endfacet
facet normal -1.88264957472446e-018 0.707067840371991 0.707145719856727
outer loop
vertex 9723.88532531738 16617.1673339844 2387.90000610352
vertex 9723.88532531738 16615.6709960937 2389.39617919922
vertex 9725.38166320801 16615.6709960937 2389.39617919922
endloop
endfacet
facet normal -1.88264957472446e-018 0.707067840371991 0.707145719856727
outer loop
vertex 9723.88532531738 16617.1673339844 2387.90000610352
vertex 9725.38166320801 16615.6709960937 2389.39617919922
vertex 9725.38166320801 16617.1673339844 2387.90000610352
endloop
endfacet
facet normal 0.0 -1.0 0.0
outer loop
vertex 9725.38166320801 16615.6709960937 2389.39617919922
vertex 9723.88532531738 16615.6709960937 2387.90000610352
vertex 9725.38166320801 16615.6709960937 2387.90000610352
endloop
endfacet
facet normal 0.0 -1.0 0.0
outer loop
vertex 9723.88532531738 16615.6709960937 2387.90000610352
vertex 9725.38166320801 16615.6709960937 2389.39617919922
vertex 9723.88532531738 16615.6709960937 2389.39617919922
endloop
endfacet
facet normal 0.0 0.0 -1.0
outer loop
vertex 9723.88532531738 16617.1673339844 2387.90000610352
vertex 9722.3893170166 16615.6709960937 2387.90000610352
vertex 9722.3893170166 16617.1673339844 2387.90000610352
endloop
endfacet
facet normal 0.0 0.0 -1.0
outer loop
vertex 9722.3893170166 16615.6709960937 2387.90000610352
vertex 9723.88532531738 16617.1673339844 2387.90000610352
vertex 9723.88532531738 16615.6709960937 2387.90000610352
endloop
endfacet
facet normal 0.0 0.0 -1.0
outer loop
vertex 9723.88532531738 16615.6709960937 2387.90000610352
vertex 9723.88532531738 16617.1673339844 2387.90000610352
vertex 9725.38166320801 16617.1673339844 2387.90000610352
endloop
endfacet
facet normal 0.0 0.0 -1.0
outer loop
vertex 9723.88532531738 16615.6709960937 2387.90000610352
vertex 9725.38166320801 16617.1673339844 2387.90000610352
vertex 9725.38166320801 16615.6709960937 2387.90000610352
endloop
endfacet
facet normal -1.0 0.0 0.0
outer loop
vertex 9722.3893170166 16617.1673339844 2387.90000610352
vertex 9722.3893170166 16615.6709960937 2387.90000610352
vertex 9722.3893170166 16615.6709960937 2389.39617919922
endloop
endfacet
facet normal 1.0 0.0 0.0
outer loop
vertex 9725.38166320801 16617.1673339844 2387.90000610352
vertex 9725.38166320801 16615.6709960937 2389.39617919922
vertex 9725.38166320801 16615.6709960937 2387.90000610352
endloop
endfacet
facet normal -0.000948555815678231 0.710074836359974 0.704125576165374
outer loop
vertex 9725.15281344677 16644.1031802165 2389.45339163953
vertex 9725.38166320801 16644.0987792969 2389.39617919922
vertex 9722.3893170166 16644.0987792969 2389.39617919922
endloop
endfacet
facet normal -0.000948555815678231 0.710074836359974 0.704125576165374
outer loop
vertex 9720.89306152344 16644.0987792969 2389.39617919922
vertex 9722.3893170166 16645.5951171875 2387.90000610352
vertex 9720.89306152344 16645.5951171875 2387.90000610352
endloop
endfacet
facet normal -0.000948555815678231 0.710074836359974 0.704125576165374
outer loop
vertex 9722.3893170166 16645.5951171875 2387.90000610352
vertex 9720.89306152344 16644.0987792969 2389.39617919922
vertex 9725.38166320801 16645.5951171875 2387.90000610352
endloop
endfacet
facet normal -0.000948555815678231 0.710074836359974 0.704125576165374
outer loop
vertex 9725.38166320801 16645.5951171875 2387.90000610352
vertex 9720.89306152344 16644.0987792969 2389.39617919922
vertex 9726.87783630371 16645.5951171875 2387.90000610352
endloop
endfacet
facet normal -0.000948555815678231 0.710074836359974 0.704125576165374
outer loop
vertex 9726.87783630371 16645.5951171875 2387.90000610352
vertex 9720.89306152344 16644.0987792969 2389.39617919922
vertex 9726.87783630371 16644.0987792969 2389.39617919922
endloop
endfacet
facet normal -0.000948555815678231 0.710074836359974 0.704125576165374
outer loop
vertex 9726.87783630371 16644.0987792969 2389.39617919922
vertex 9720.89306152344 16644.0987792969 2389.39617919922
vertex 9722.3893170166 16644.0987792969 2389.39617919922
endloop
endfacet
facet normal -0.000948555815678231 0.710074836359974 0.704125576165374
outer loop
vertex 9726.87783630371 16644.0987792969 2389.39617919922
vertex 9722.3893170166 16644.0987792969 2389.39617919922
vertex 9725.38166320801 16644.0987792969 2389.39617919922
endloop
endfacet
facet normal 9.94837976005332e-005 -0.999998908175853 -0.00147436429560531
outer loop
vertex 9725.15281344677 16644.1031802165 2389.45339163953
vertex 9722.3893170166 16644.0987792969 2389.39617919922
vertex 9725.38166320801 16644.0987792969 2389.39617919922
endloop
endfacet
facet normal 9.94837976005332e-005 -0.999998908175853 -0.00147436429560531
outer loop
vertex 9726.87783630371 16644.0987792969 2387.90000610352
vertex 9722.3893170166 16644.1049130473 2387.83254160397
vertex 9725.38166320801 16644.1049130473 2387.83254160397
endloop
endfacet
facet normal 9.94837976005332e-005 -0.999998908175853 -0.00147436429560531
outer loop
vertex 9722.3893170166 16644.1049130473 2387.83254160397
vertex 9726.87783630371 16644.0987792969 2387.90000610352
vertex 9720.89306152344 16644.0987792969 2387.90000610352
endloop
endfacet
facet normal 9.94837976005332e-005 -0.999998908175853 -0.00147436429560531
outer loop
vertex 9720.89306152344 16644.0987792969 2387.90000610352
vertex 9726.87783630371 16644.0987792969 2387.90000610352
vertex 9726.87783630371 16644.0987792969 2389.39617919922
endloop
endfacet
facet normal 9.94837976005332e-005 -0.999998908175853 -0.00147436429560531
outer loop
vertex 9720.89306152344 16644.0987792969 2387.90000610352
vertex 9726.87783630371 16644.0987792969 2389.39617919922
vertex 9720.89306152344 16644.0987792969 2389.39617919922
endloop
endfacet
facet normal 9.94837976005332e-005 -0.999998908175853 -0.00147436429560531
outer loop
vertex 9720.89306152344 16644.0987792969 2389.39617919922
vertex 9726.87783630371 16644.0987792969 2389.39617919922
vertex 9725.38166320801 16644.0987792969 2389.39617919922
endloop
endfacet
facet normal 9.94837976005332e-005 -0.999998908175853 -0.00147436429560531
outer loop
vertex 9720.89306152344 16644.0987792969 2389.39617919922
vertex 9725.38166320801 16644.0987792969 2389.39617919922
vertex 9722.3893170166 16644.0987792969 2389.39617919922
endloop
endfacet
facet normal -6.21918385037863e-008 0.0224908339974846 -0.999747049200994
outer loop
vertex 9726.87783630371 16645.5951171875 2387.90000610352
vertex 9725.38166320801 16644.1049130473 2387.83254160397
vertex 9725.38166320801 16645.5951171875 2387.90000610352
endloop
endfacet
facet normal -6.21918385037863e-008 0.0224908339974846 -0.999747049200994
outer loop
vertex 9725.38166320801 16644.1049130473 2387.83254160397
vertex 9726.87783630371 16645.5951171875 2387.90000610352
vertex 9726.87783630371 16644.0987792969 2387.90000610352
endloop
endfacet
facet normal -1.0 0.0 0.0
outer loop
vertex 9720.89306152344 16645.5951171875 2387.90000610352
vertex 9720.89306152344 16644.0987792969 2387.90000610352
vertex 9720.89306152344 16644.0987792969 2389.39617919922
endloop
endfacet
facet normal 1.0 0.0 0.0
outer loop
vertex 9726.87783630371 16645.5951171875 2387.90000610352
vertex 9726.87783630371 16644.0987792969 2389.39617919922
vertex 9726.87783630371 16644.0987792969 2387.90000610352
endloop
endfacet
facet normal 1.01818447951466e-018 0.707145724145602 0.707067836082644
outer loop
vertex 9719.39688842773 16626.1447021484 2383.41148681641
vertex 9722.3893170166 16627.6407104492 2381.9153137207
vertex 9719.39688842773 16627.6407104492 2381.9153137207
endloop
endfacet
facet normal 1.01818447951466e-018 0.707145724145602 0.707067836082644
outer loop
vertex 9722.3893170166 16627.6407104492 2381.9153137207
vertex 9719.39688842773 16626.1447021484 2383.41148681641
vertex 9725.38166320801 16627.6407104492 2381.9153137207
endloop
endfacet
facet normal 1.01818447951466e-018 0.707145724145602 0.707067836082644
outer loop
vertex 9725.38166320801 16627.6407104492 2381.9153137207
vertex 9719.39688842773 16626.1447021484 2383.41148681641
vertex 9728.37409179687 16627.6407104492 2381.9153137207
endloop
endfacet
facet normal 1.01818447951466e-018 0.707145724145602 0.707067836082644
outer loop
vertex 9728.37409179687 16627.6407104492 2381.9153137207
vertex 9719.39688842773 16626.1447021484 2383.41148681641
vertex 9728.37409179687 16626.1447021484 2383.41148681641
endloop
endfacet
facet normal 1.01818447951466e-018 0.707145724145602 0.707067836082644
outer loop
vertex 9728.37409179687 16626.1447021484 2383.41148681641
vertex 9719.39688842773 16626.1447021484 2383.41148681641
vertex 9720.89306152344 16626.1447021484 2383.41148681641
endloop
endfacet
facet normal 1.01818447951466e-018 0.707145724145602 0.707067836082644
outer loop
vertex 9728.37409179687 16626.1447021484 2383.41148681641
vertex 9720.89306152344 16626.1447021484 2383.41148681641
vertex 9722.3893170166 16626.1447021484 2383.41148681641
endloop
endfacet
facet normal 1.01818447951466e-018 0.707145724145602 0.707067836082644
outer loop
vertex 9728.37409179687 16626.1447021484 2383.41148681641
vertex 9722.3893170166 16626.1447021484 2383.41148681641
vertex 9725.38166320801 16626.1447021484 2383.41148681641
endloop
endfacet
facet normal 1.01818447951466e-018 0.707145724145602 0.707067836082644
outer loop
vertex 9728.37409179687 16626.1447021484 2383.41148681641
vertex 9725.38166320801 16626.1447021484 2383.41148681641
vertex 9726.87783630371 16626.1447021484 2383.41148681641
endloop
endfacet
facet normal 0.0 -1.0 0.0
outer loop
vertex 9728.37409179687 16626.1447021484 2383.41148681641
vertex 9726.87783630371 16626.1447021484 2381.9153137207
vertex 9728.37409179687 16626.1447021484 2381.9153137207
endloop
endfacet
facet normal 0.0 -1.0 0.0
outer loop
vertex 9726.87783630371 16626.1447021484 2381.9153137207
vertex 9728.37409179687 16626.1447021484 2383.41148681641
vertex 9725.38166320801 16626.1447021484 2381.9153137207
endloop
endfacet
facet normal 0.0 -1.0 0.0
outer loop
vertex 9725.38166320801 16626.1447021484 2381.9153137207
vertex 9728.37409179687 16626.1447021484 2383.41148681641
vertex 9722.3893170166 16626.1447021484 2381.9153137207
endloop
endfacet
facet normal 0.0 -1.0 0.0
outer loop
vertex 9722.3893170166 16626.1447021484 2381.9153137207
vertex 9728.37409179687 16626.1447021484 2383.41148681641
vertex 9720.89306152344 16626.1447021484 2381.9153137207
endloop
endfacet
facet normal 0.0 -1.0 0.0
outer loop
vertex 9720.89306152344 16626.1447021484 2381.9153137207
vertex 9728.37409179687 16626.1447021484 2383.41148681641
vertex 9719.39688842773 16626.1447021484 2381.9153137207
endloop
endfacet
facet normal 0.0 -1.0 0.0
outer loop
vertex 9719.39688842773 16626.1447021484 2381.9153137207
vertex 9728.37409179687 16626.1447021484 2383.41148681641
vertex 9719.39688842773 16626.1447021484 2383.41148681641
endloop
endfacet
facet normal 0.0 -1.0 0.0
outer loop
vertex 9719.39688842773 16626.1447021484 2383.41148681641
vertex 9728.37409179687 16626.1447021484 2383.41148681641
vertex 9726.87783630371 16626.1447021484 2383.41148681641
endloop
endfacet
facet normal 0.0 -1.0 0.0
outer loop
vertex 9719.39688842773 16626.1447021484 2383.41148681641
vertex 9726.87783630371 16626.1447021484 2383.41148681641
vertex 9725.38166320801 16626.1447021484 2383.41148681641
endloop
endfacet
facet normal 0.0 -1.0 0.0
outer loop
vertex 9719.39688842773 16626.1447021484 2383.41148681641
vertex 9725.38166320801 16626.1447021484 2383.41148681641
vertex 9722.3893170166 16626.1447021484 2383.41148681641
endloop
endfacet
facet normal 0.0 -1.0 0.0
outer loop
vertex 9719.39688842773 16626.1447021484 2383.41148681641
vertex 9722.3893170166 16626.1447021484 2383.41148681641
vertex 9720.89306152344 16626.1447021484 2383.41148681641
endloop
endfacet
facet normal 0.0 0.0 -1.0
outer loop
vertex 9722.3893170166 16627.6407104492 2381.9153137207
vertex 9719.39688842773 16626.1447021484 2381.9153137207
vertex 9719.39688842773 16627.6407104492 2381.9153137207
endloop
endfacet
facet normal 0.0 0.0 -1.0
outer loop
vertex 9719.39688842773 16626.1447021484 2381.9153137207
vertex 9722.3893170166 16627.6407104492 2381.9153137207
vertex 9720.89306152344 16626.1447021484 2381.9153137207
endloop
endfacet
facet normal 0.0 0.0 -1.0
outer loop
vertex 9720.89306152344 16626.1447021484 2381.9153137207
vertex 9722.3893170166 16627.6407104492 2381.9153137207
vertex 9722.3893170166 16626.1447021484 2381.9153137207
endloop
endfacet
facet normal 0.0 0.0 -1.0
outer loop
vertex 9722.3893170166 16626.1447021484 2381.9153137207
vertex 9722.3893170166 16627.6407104492 2381.9153137207
vertex 9725.38166320801 16627.6407104492 2381.9153137207
endloop
endfacet
facet normal 0.0 0.0 -1.0
outer loop
vertex 9722.3893170166 16626.1447021484 2381.9153137207
vertex 9725.38166320801 16627.6407104492 2381.9153137207
vertex 9725.38166320801 16626.1447021484 2381.9153137207
endloop
endfacet
facet normal 0.0 0.0 -1.0
outer loop
vertex 9725.38166320801 16626.1447021484 2381.9153137207
vertex 9725.38166320801 16627.6407104492 2381.9153137207
vertex 9728.37409179687 16627.6407104492 2381.9153137207
endloop
endfacet
facet normal 0.0 0.0 -1.0
outer loop
vertex 9725.38166320801 16626.1447021484 2381.9153137207
vertex 9728.37409179687 16627.6407104492 2381.9153137207
vertex 9726.87783630371 16626.1447021484 2381.9153137207
endloop
endfacet
facet normal 0.0 0.0 -1.0
outer loop
vertex 9726.87783630371 16626.1447021484 2381.9153137207
vertex 9728.37409179687 16627.6407104492 2381.9153137207
vertex 9728.37409179687 16626.1447021484 2381.9153137207
endloop
endfacet
facet normal -1.0 0.0 0.0
outer loop
vertex 9719.39688842773 16627.6407104492 2381.9153137207
vertex 9719.39688842773 16626.1447021484 2381.9153137207
vertex 9719.39688842773 16626.1447021484 2383.41148681641
endloop
endfacet
facet normal 1.0 0.0 0.0
outer loop
vertex 9728.37409179687 16627.6407104492 2381.9153137207
vertex 9728.37409179687 16626.1447021484 2383.41148681641
vertex 9728.37409179687 16626.1447021484 2381.9153137207
endloop
endfacet
facet normal 0.0 0.0 1.0
outer loop
vertex 9589.22958190918 16790.7240722656 2393.88486328125
vertex 9574.26785095215 16823.6402099609 2393.88486328125
vertex 9574.26785095215 16790.7240722656 2393.88486328125
endloop
endfacet
facet normal 0.0 0.0 1.0
outer loop
vertex 9574.26785095215 16823.6402099609 2393.88486328125
vertex 9589.22958190918 16790.7240722656 2393.88486328125
vertex 9589.22958190918 16823.6402099609 2393.88486328125
endloop
endfacet
facet normal 1.0 0.0 0.0
outer loop
vertex 9589.22958190918 16823.6402099609 2392.38869018555
vertex 9589.22958190918 16790.7240722656 2393.88486328125
vertex 9589.22958190918 16790.7240722656 2392.38869018555
endloop
endfacet
facet normal 1.0 0.0 0.0
outer loop
vertex 9589.22958190918 16790.7240722656 2393.88486328125
vertex 9589.22958190918 16823.6402099609 2392.38869018555
vertex 9589.22958190918 16823.6402099609 2393.88486328125
endloop
endfacet
facet normal -1.0 0.0 0.0
outer loop
vertex 9574.26785095215 16823.6402099609 2393.88486328125
vertex 9574.26785095215 16790.7240722656 2377.42679443359
vertex 9574.26785095215 16790.7240722656 2393.88486328125
endloop
endfacet
facet normal -1.0 0.0 0.0
outer loop
vertex 9574.26785095215 16790.7240722656 2377.42679443359
vertex 9574.26785095215 16823.6402099609 2393.88486328125
vertex 9574.26785095215 16823.6402099609 2371.44193725586
endloop
endfacet
facet normal 0.0 0.0 -1.0
outer loop
vertex 9589.22958190918 16823.6402099609 2392.38869018555
vertex 9575.76394165039 16790.7240722656 2392.38869018555
vertex 9575.76394165039 16823.6402099609 2392.38869018555
endloop
endfacet
facet normal 0.0 0.0 -1.0
outer loop
vertex 9575.76394165039 16790.7240722656 2392.38869018555
vertex 9589.22958190918 16823.6402099609 2392.38869018555
vertex 9589.22958190918 16790.7240722656 2392.38869018555
endloop
endfacet
facet normal 1.0 0.0 0.0
outer loop
vertex 9589.22958190918 16823.6402099609 2392.38869018555
vertex 9589.22958190918 16790.7240722656 2392.38869018555
vertex 9589.22958190918 16790.7240722656 2377.42679443359
endloop
endfacet
facet normal 1.0 0.0 0.0
outer loop
vertex 9589.22958190918 16823.6402099609 2392.38869018555
vertex 9589.22958190918 16790.7240722656 2377.42679443359
vertex 9589.22958190918 16823.6402099609 2371.44193725586
endloop
endfacet
facet normal 1.0 0.0 0.0
outer loop
vertex 9575.76394165039 16823.6402099609 2371.44193725586
vertex 9575.76394165039 16790.7240722656 2392.38869018555
vertex 9575.76394165039 16790.7240722656 2377.42679443359
endloop
endfacet
facet normal 1.0 0.0 0.0
outer loop
vertex 9575.76394165039 16790.7240722656 2392.38869018555
vertex 9575.76394165039 16823.6402099609 2371.44193725586
vertex 9575.76394165039 16823.6402099609 2392.38869018555
endloop
endfacet
facet normal 0.0 -1.0 0.0
outer loop
vertex 9589.22958190918 16790.7240722656 2393.88486328125
vertex 9575.76394165039 16790.7240722656 2392.38869018555
vertex 9589.22958190918 16790.7240722656 2392.38869018555
endloop
endfacet
facet normal 0.0 -1.0 0.0
outer loop
vertex 9575.76394165039 16790.7240722656 2392.38869018555
vertex 9574.26785095215 16790.7240722656 2377.42679443359
vertex 9575.76394165039 16790.7240722656 2377.42679443359
endloop
endfacet
facet normal 0.0 -1.0 0.0
outer loop
vertex 9574.26785095215 16790.7240722656 2377.42679443359
vertex 9575.76394165039 16790.7240722656 2392.38869018555
vertex 9574.26785095215 16790.7240722656 2393.88486328125
endloop
endfacet
facet normal 0.0 -1.0 0.0
outer loop
vertex 9574.26785095215 16790.7240722656 2393.88486328125
vertex 9575.76394165039 16790.7240722656 2392.38869018555
vertex 9589.22958190918 16790.7240722656 2393.88486328125
endloop
endfacet
facet normal 0.0 1.0 0.0
outer loop
vertex 9574.26785095215 16823.6402099609 2393.88486328125
vertex 9575.76394165039 16823.6402099609 2371.44193725586
vertex 9574.26785095215 16823.6402099609 2371.44193725586
endloop
endfacet
facet normal 0.0 1.0 0.0
outer loop
vertex 9575.76394165039 16823.6402099609 2371.44193725586
vertex 9574.26785095215 16823.6402099609 2393.88486328125
vertex 9575.76394165039 16823.6402099609 2392.38869018555
endloop
endfacet
facet normal 0.0 1.0 0.0
outer loop
vertex 9575.76394165039 16823.6402099609 2392.38869018555
vertex 9574.26785095215 16823.6402099609 2393.88486328125
vertex 9589.22958190918 16823.6402099609 2392.38869018555
endloop
endfacet
facet normal 0.0 1.0 0.0
outer loop
vertex 9589.22958190918 16823.6402099609 2392.38869018555
vertex 9574.26785095215 16823.6402099609 2393.88486328125
vertex 9589.22958190918 16823.6402099609 2393.88486328125
endloop
endfacet
facet normal 0.0 0.0 -1.0
outer loop
vertex 9901.93050048828 17124.371496582 2072.20682373047
vertex 9898.93815429687 17119.8828125 2072.20682373047
vertex 9898.93815429687 17124.371496582 2072.20682373047
endloop
endfacet
facet normal 0.0 0.0 -1.0
outer loop
vertex 9898.93815429687 17119.8828125 2072.20682373047
vertex 9901.93050048828 17124.371496582 2072.20682373047
vertex 9901.93050048828 17119.8828125 2072.20682373047
endloop
endfacet
facet normal 0.0 1.0 0.0
outer loop
vertex 9898.93815429687 17124.371496582 2154.49650878906
vertex 9901.93050048828 17124.371496582 2072.20682373047
vertex 9898.93815429687 17124.371496582 2072.20682373047
endloop
endfacet
facet normal 0.0 1.0 0.0
outer loop
vertex 9901.93050048828 17124.371496582 2072.20682373047
vertex 9898.93815429687 17124.371496582 2154.49650878906
vertex 9901.93050048828 17124.371496582 2079.68752441406
endloop
endfacet
facet normal 0.0 1.0 0.0
outer loop
vertex 9901.93050048828 17124.371496582 2079.68752441406
vertex 9898.93815429687 17124.371496582 2154.49650878906
vertex 9901.93050048828 17124.371496582 2081.18386230469
endloop
endfacet
facet normal 0.0 1.0 0.0
outer loop
vertex 9901.93050048828 17124.371496582 2081.18386230469
vertex 9898.93815429687 17124.371496582 2154.49650878906
vertex 9901.93050048828 17124.371496582 2096.1454284668
endloop
endfacet
facet normal 0.0 1.0 0.0
outer loop
vertex 9901.93050048828 17124.371496582 2096.1454284668
vertex 9898.93815429687 17124.371496582 2154.49650878906
vertex 9901.93050048828 17124.371496582 2100.63411254883
endloop
endfacet
facet normal 0.0 1.0 0.0
outer loop
vertex 9901.93050048828 17124.371496582 2100.63411254883
vertex 9898.93815429687 17124.371496582 2154.49650878906
vertex 9901.93050048828 17124.371496582 2109.61098632813
endloop
endfacet
facet normal 0.0 1.0 0.0
outer loop
vertex 9901.93050048828 17124.371496582 2109.61098632813
vertex 9898.93815429687 17124.371496582 2154.49650878906
vertex 9901.93050048828 17124.371496582 2111.10715942383
endloop
endfacet
facet normal 0.0 1.0 0.0
outer loop
vertex 9901.93050048828 17124.371496582 2111.10715942383
vertex 9898.93815429687 17124.371496582 2154.49650878906
vertex 9901.93050048828 17124.371496582 2139.53477783203
endloop
endfacet
facet normal 0.0 1.0 0.0
outer loop
vertex 9901.93050048828 17124.371496582 2139.53477783203
vertex 9898.93815429687 17124.371496582 2154.49650878906
vertex 9901.93050048828 17124.371496582 2141.03078613281
endloop
endfacet
facet normal 0.0 1.0 0.0
outer loop
vertex 9901.93050048828 17124.371496582 2141.03078613281
vertex 9898.93815429687 17124.371496582 2154.49650878906
vertex 9901.93050048828 17124.371496582 2144.02313232422
endloop
endfacet
facet normal 0.0 1.0 0.0
outer loop
vertex 9901.93050048828 17124.371496582 2144.02313232422
vertex 9898.93815429687 17124.371496582 2154.49650878906
vertex 9901.93050048828 17124.371496582 2148.51181640625
endloop
endfacet
facet normal 0.0 1.0 0.0
outer loop
vertex 9901.93050048828 17124.371496582 2148.51181640625
vertex 9898.93815429687 17124.371496582 2154.49650878906
vertex 9901.93050048828 17124.371496582 2154.49650878906
endloop
endfacet
facet normal 1.0 0.0 0.0
outer loop
vertex 9901.93050048828 17124.371496582 2072.20682373047
vertex 9901.93050048828 17119.8828125 2081.18386230469
vertex 9901.93050048828 17119.8828125 2072.20682373047
endloop
endfacet
facet normal 1.0 0.0 0.0
outer loop
vertex 9901.93050048828 17119.8828125 2081.18386230469
vertex 9901.93050048828 17124.371496582 2072.20682373047
vertex 9901.93050048828 17124.371496582 2081.18386230469
endloop
endfacet
facet normal 1.0 0.0 0.0
outer loop
vertex 9901.93050048828 17124.371496582 2081.18386230469
vertex 9901.93050048828 17124.371496582 2072.20682373047
vertex 9901.93050048828 17124.371496582 2079.68752441406
endloop
endfacet
facet normal 0.0 0.0 1.0
outer loop
vertex 9901.93050048828 17119.8828125 2154.49650878906
vertex 9898.93815429687 17124.371496582 2154.49650878906
vertex 9898.93815429687 17119.8828125 2154.49650878906
endloop
endfacet
facet normal 0.0 0.0 1.0
outer loop
vertex 9898.93815429687 17124.371496582 2154.49650878906
vertex 9901.93050048828 17119.8828125 2154.49650878906
vertex 9901.93050048828 17124.371496582 2154.49650878906
endloop
endfacet
facet normal 0.0 1.0 0.0
outer loop
vertex 9901.93050048828 17124.371496582 2081.18386230469
vertex 9928.86145141601 17124.371496582 2079.68752441406
vertex 9901.93050048828 17124.371496582 2079.68752441406
endloop
endfacet
facet normal 0.0 1.0 0.0
outer loop
vertex 9928.86145141601 17124.371496582 2079.68752441406
vertex 9901.93050048828 17124.371496582 2081.18386230469
vertex 9928.86145141601 17124.371496582 2081.18386230469
endloop
endfacet
facet normal 2.66796369001489e-018 -0.316248663428889 -0.948676331990759
outer loop
vertex 9928.86145141601 17124.371496582 2079.68752441406
vertex 9901.93050048828 17119.8828125 2081.18386230469
vertex 9901.93050048828 17124.371496582 2079.68752441406
endloop
endfacet
facet normal 2.66796369001489e-018 -0.316248663428889 -0.948676331990759
outer loop
vertex 9901.93050048828 17119.8828125 2081.18386230469
vertex 9928.86145141601 17124.371496582 2079.68752441406
vertex 9928.86145141601 17119.8828125 2081.18386230469
endloop
endfacet
facet normal 0.0 0.0 1.0
outer loop
vertex 9928.86145141601 17119.8828125 2081.18386230469
vertex 9901.93050048828 17124.371496582 2081.18386230469
vertex 9901.93050048828 17119.8828125 2081.18386230469
endloop
endfacet
facet normal 0.0 0.0 1.0
outer loop
vertex 9901.93050048828 17124.371496582 2081.18386230469
vertex 9928.86145141601 17119.8828125 2081.18386230469
vertex 9928.86145141601 17124.371496582 2081.18386230469
endloop
endfacet
facet normal 0.0 1.0 0.0
outer loop
vertex 9901.93050048828 17124.371496582 2111.10715942383
vertex 9928.86145141601 17124.371496582 2109.61098632813
vertex 9901.93050048828 17124.371496582 2109.61098632813
endloop
endfacet
facet normal 0.0 1.0 0.0
outer loop
vertex 9928.86145141601 17124.371496582 2109.61098632813
vertex 9901.93050048828 17124.371496582 2111.10715942383
vertex 9928.86145141601 17124.371496582 2111.10715942383
endloop
endfacet
facet normal 0.0 -0.316217317138163 -0.948686780946136
outer loop
vertex 9928.86145141601 17124.371496582 2109.61098632813
vertex 9901.93050048828 17119.8828125 2111.10715942383
vertex 9901.93050048828 17124.371496582 2109.61098632813
endloop
endfacet
facet normal 0.0 -0.316217317138163 -0.948686780946136
outer loop
vertex 9901.93050048828 17119.8828125 2111.10715942383
vertex 9928.86145141601 17124.371496582 2109.61098632813
vertex 9928.86145141601 17119.8828125 2111.10715942383
endloop
endfacet
facet normal 0.0 0.0 1.0
outer loop
vertex 9928.86145141601 17119.8828125 2111.10715942383
vertex 9901.93050048828 17124.371496582 2111.10715942383
vertex 9901.93050048828 17119.8828125 2111.10715942383
endloop
endfacet
facet normal 0.0 0.0 1.0
outer loop
vertex 9901.93050048828 17124.371496582 2111.10715942383
vertex 9928.86145141601 17119.8828125 2111.10715942383
vertex 9928.86145141601 17124.371496582 2111.10715942383
endloop
endfacet
facet normal 0.0 1.0 0.0
outer loop
vertex 9901.93050048828 17124.371496582 2141.03078613281
vertex 9928.86145141601 17124.371496582 2139.53477783203
vertex 9901.93050048828 17124.371496582 2139.53477783203
endloop
endfacet
facet normal 0.0 1.0 0.0
outer loop
vertex 9928.86145141601 17124.371496582 2139.53477783203
vertex 9901.93050048828 17124.371496582 2141.03078613281
vertex 9928.86145141601 17124.371496582 2141.03078613281
endloop
endfacet
facet normal -1.55299346596778e-028 -0.31618596981175 -0.948697229095881
outer loop
vertex 9928.86145141601 17124.371496582 2139.53477783203
vertex 9901.93050048828 17119.8828125 2141.03078613281
vertex 9901.93050048828 17124.371496582 2139.53477783203
endloop
endfacet
facet normal -1.55299346596778e-028 -0.31618596981175 -0.948697229095881
outer loop
vertex 9901.93050048828 17119.8828125 2141.03078613281
vertex 9928.86145141601 17124.371496582 2139.53477783203
vertex 9928.86145141601 17119.8828125 2141.03078613281
endloop
endfacet
facet normal 0.0 0.0 1.0
outer loop
vertex 9928.86145141601 17119.8828125 2141.03078613281
vertex 9901.93050048828 17124.371496582 2141.03078613281
vertex 9901.93050048828 17119.8828125 2141.03078613281
endloop
endfacet
facet normal 0.0 0.0 1.0
outer loop
vertex 9901.93050048828 17124.371496582 2141.03078613281
vertex 9928.86145141601 17119.8828125 2141.03078613281
vertex 9928.86145141601 17124.371496582 2141.03078613281
endloop
endfacet
facet normal 0.0 -1.0 0.0
outer loop
vertex 9901.93050048828 17119.8828125 2081.18386230469
vertex 9898.93815429687 17119.8828125 2072.20682373047
vertex 9901.93050048828 17119.8828125 2072.20682373047
endloop
endfacet
facet normal 0.0 -1.0 0.0
outer loop
vertex 9898.93815429687 17119.8828125 2072.20682373047
vertex 9901.93050048828 17119.8828125 2081.18386230469
vertex 9898.93815429687 17119.8828125 2154.49650878906
endloop
endfacet
facet normal 0.0 -1.0 0.0
outer loop
vertex 9898.93815429687 17119.8828125 2154.49650878906
vertex 9901.93050048828 17119.8828125 2081.18386230469
vertex 9901.93050048828 17119.8828125 2096.1454284668
endloop
endfacet
facet normal 0.0 -1.0 0.0
outer loop
vertex 9898.93815429687 17119.8828125 2154.49650878906
vertex 9901.93050048828 17119.8828125 2096.1454284668
vertex 9901.93050048828 17119.8828125 2100.63411254883
endloop
endfacet
facet normal 0.0 -1.0 0.0
outer loop
vertex 9898.93815429687 17119.8828125 2154.49650878906
vertex 9901.93050048828 17119.8828125 2100.63411254883
vertex 9901.93050048828 17119.8828125 2111.10715942383
endloop
endfacet
facet normal 0.0 -1.0 0.0
outer loop
vertex 9898.93815429687 17119.8828125 2154.49650878906
vertex 9901.93050048828 17119.8828125 2111.10715942383
vertex 9901.93050048828 17119.8828125 2141.03078613281
endloop
endfacet
facet normal 0.0 -1.0 0.0
outer loop
vertex 9898.93815429687 17119.8828125 2154.49650878906
vertex 9901.93050048828 17119.8828125 2141.03078613281
vertex 9901.93050048828 17119.8828125 2144.02313232422
endloop
endfacet
facet normal 0.0 -1.0 0.0
outer loop
vertex 9898.93815429687 17119.8828125 2154.49650878906
vertex 9901.93050048828 17119.8828125 2144.02313232422
vertex 9901.93050048828 17119.8828125 2148.51181640625
endloop
endfacet
facet normal 0.0 -1.0 0.0
outer loop
vertex 9898.93815429687 17119.8828125 2154.49650878906
vertex 9901.93050048828 17119.8828125 2148.51181640625
vertex 9901.93050048828 17119.8828125 2154.49650878906
endloop
endfacet
facet normal -1.0 0.0 0.0
outer loop
vertex 9898.93815429687 17124.371496582 2154.49650878906
vertex 9898.93815429687 17119.8828125 2072.20682373047
vertex 9898.93815429687 17119.8828125 2154.49650878906
endloop
endfacet
facet normal -1.0 0.0 0.0
outer loop
vertex 9898.93815429687 17119.8828125 2072.20682373047
vertex 9898.93815429687 17124.371496582 2154.49650878906
vertex 9898.93815429687 17124.371496582 2072.20682373047
endloop
endfacet
facet normal 0.0159449341304665 0.86775127376443 0.49674287710624
outer loop
vertex 9898.93815429687 17025.6234130859 2332.5416015625
vertex 9901.93050048828 17112.114050293 2181.42762451172
vertex 9901.93050048828 17116.557998037 2173.72495143643
endloop
endfacet
facet normal 0.0160691499970671 0.867750671667241 0.496739926157968
outer loop
vertex 9901.93050048828 17112.114050293 2181.42762451172
vertex 9898.93815429687 17025.6234130859 2332.5416015625
vertex 9901.93050048828 17111.7217702648 2182.10756158228
endloop
endfacet
facet normal 0.0160691499970671 0.867750671667241 0.496739926157968
outer loop
vertex 9901.93050048828 17111.7217702648 2182.10756158228
vertex 9898.93815429687 17025.6234130859 2332.5416015625
vertex 9901.93050048828 17097.4397216797 2206.86256713867
endloop
endfacet
facet normal 0.0160691499970671 0.867750671667241 0.496739926157968
outer loop
vertex 9901.93050048828 17097.4397216797 2206.86256713867
vertex 9898.93815429687 17025.6234130859 2332.5416015625
vertex 9901.93050048828 17082.1190842593 2233.67405176578
endloop
endfacet
facet normal 0.0160691499970671 0.867750671667241 0.496739926157968
outer loop
vertex 9901.93050048828 17082.1190842593 2233.67405176578
vertex 9898.93815429687 17025.6234130859 2332.5416015625
vertex 9901.93050048828 17081.4809082361 2234.79087518295
endloop
endfacet
facet normal 0.0160691499970671 0.867750671667241 0.496739926157968
outer loop
vertex 9901.93050048828 17081.4809082361 2234.79087518295
vertex 9898.93815429687 17025.6234130859 2332.5416015625
vertex 9901.93050048828 17076.161043295 2244.10076700881
endloop
endfacet
facet normal 0.0160691499970671 0.867750671667241 0.496739926157968
outer loop
vertex 9901.93050048828 17076.161043295 2244.10076700881
vertex 9898.93815429687 17025.6234130859 2332.5416015625
vertex 9901.93050048828 17073.5012817383 2248.75541381836
endloop
endfacet
facet normal 0.0160691499970671 0.867750671667241 0.496739926157968
outer loop
vertex 9901.93050048828 17073.5012817383 2248.75541381836
vertex 9898.93815429687 17025.6234130859 2332.5416015625
vertex 9901.93050048828 17067.5162597656 2259.2287902832
endloop
endfacet
facet normal 0.0160691499970671 0.867750671667241 0.496739926157968
outer loop
vertex 9901.93050048828 17067.5162597656 2259.2287902832
vertex 9898.93815429687 17025.6234130859 2332.5416015625
vertex 9901.93050048828 17037.5927978516 2311.59484863281
endloop
endfacet
facet normal 0.0160691499970671 0.867750671667241 0.496739926157968
outer loop
vertex 9901.93050048828 17037.5927978516 2311.59484863281
vertex 9898.93815429687 17025.6234130859 2332.5416015625
vertex 9901.93050048828 17025.6234130859 2332.5416015625
endloop
endfacet
facet normal 0.0159449341304665 0.86775127376443 0.49674287710624
outer loop
vertex 9898.93815429687 17025.6234130859 2332.5416015625
vertex 9901.93050048828 17119.8828125 2167.96206665039
vertex 9898.93815429687 17119.8828125 2167.96206665039
endloop
endfacet
facet normal 0.00413404220680237 0.867747330444731 0.496988410529939
outer loop
vertex 9901.93050048828 17119.8828125 2167.96206665039
vertex 9898.93815429687 17025.6234130859 2332.5416015625
vertex 9901.93050048828 17117.5202655017 2172.05705790616
endloop
endfacet
facet normal 0.00413404220680237 0.867747330444731 0.496988410529939
outer loop
vertex 9901.93050048828 17117.5202655017 2172.05705790616
vertex 9898.93815429687 17025.6234130859 2332.5416015625
vertex 9901.93050048828 17116.557998037 2173.72495143643
endloop
endfacet
facet normal 1.0 0.0 0.0
outer loop
vertex 9901.93050048828 17071.7867753232 2241.91363302291
vertex 9901.93050048828 17077.9893066406 2232.29750976562
vertex 9901.93050048828 17076.161043295 2244.10076700881
endloop
endfacet
facet normal 1.0 0.0 0.0
outer loop
vertex 9901.93050048828 17077.9893066406 2232.29750976562
vertex 9901.93050048828 17071.7867753232 2241.91363302291
vertex 9901.93050048828 17112.6892295254 2171.14580399295
endloop
endfacet
facet normal 1.0 0.0 0.0
outer loop
vertex 9901.93050048828 17077.9893066406 2232.29750976562
vertex 9901.93050048828 17112.6892295254 2171.14580399295
vertex 9901.93050048828 17082.1190842593 2233.67405176578
endloop
endfacet
facet normal 1.0 0.0 0.0
outer loop
vertex 9901.93050048828 17082.1190842593 2233.67405176578
vertex 9901.93050048828 17112.6892295254 2171.14580399295
vertex 9901.93050048828 17107.9134277344 2181.42762451172
endloop
endfacet
facet normal 1.0 0.0 0.0
outer loop
vertex 9901.93050048828 17082.1190842593 2233.67405176578
vertex 9901.93050048828 17107.9134277344 2181.42762451172
vertex 9901.93050048828 17097.4397216797 2206.86256713867
endloop
endfacet
facet normal 1.0 0.0 0.0
outer loop
vertex 9901.93050048828 17107.9134277344 2181.42762451172
vertex 9901.93050048828 17112.6892295254 2171.14580399295
vertex 9901.93050048828 17112.114050293 2181.42762451172
endloop
endfacet
facet normal 1.0 0.0 0.0
outer loop
vertex 9901.93050048828 17112.114050293 2181.42762451172
vertex 9901.93050048828 17112.6892295254 2171.14580399295
vertex 9901.93050048828 17116.557998037 2173.72495143643
endloop
endfacet
facet normal 1.0 0.0 0.0
outer loop
vertex 9901.93050048828 17097.4397216797 2206.86256713867
vertex 9901.93050048828 17110.9054443359 2182.92379760742
vertex 9901.93050048828 17111.7217702648 2182.10756158228
endloop
endfacet
facet normal 1.0 0.0 0.0
outer loop
vertex 9901.93050048828 17110.9054443359 2182.92379760742
vertex 9901.93050048828 17097.4397216797 2206.86256713867
vertex 9901.93050048828 17107.9134277344 2181.42762451172
endloop
endfacet
facet normal 1.0 0.0 0.0
outer loop
vertex 9901.93050048828 17076.161043295 2244.10076700881
vertex 9901.93050048828 17080.9819824219 2235.28985595703
vertex 9901.93050048828 17081.4809082361 2234.79087518295
endloop
endfacet
facet normal 1.0 0.0 0.0
outer loop
vertex 9901.93050048828 17080.9819824219 2235.28985595703
vertex 9901.93050048828 17076.161043295 2244.10076700881
vertex 9901.93050048828 17077.9893066406 2232.29750976562
endloop
endfacet
facet normal 7.35514194828356e-027 -0.554714295825203 0.832040894431967
outer loop
vertex 9901.93050048828 17021.1350585937 2329.54925537109
vertex 9898.93815429687 17025.6234130859 2332.5416015625
vertex 9898.93815429687 17021.1350585937 2329.54925537109
endloop
endfacet
facet normal 7.35514194828356e-027 -0.554714295825203 0.832040894431967
outer loop
vertex 9898.93815429687 17025.6234130859 2332.5416015625
vertex 9901.93050048828 17021.1350585937 2329.54925537109
vertex 9901.93050048828 17025.6234130859 2332.5416015625
endloop
endfacet
facet normal 0.0 0.316217317138163 -0.948686780946136
outer loop
vertex 9901.93050048828 17119.8828125 2167.96206665039
vertex 9898.93815429687 17115.394128418 2166.46589355469
vertex 9898.93815429687 17119.8828125 2167.96206665039
endloop
endfacet
facet normal 0.0 0.316217317138163 -0.948686780946136
outer loop
vertex 9898.93815429687 17115.394128418 2166.46589355469
vertex 9901.93050048828 17119.8828125 2167.96206665039
vertex 9901.93050048828 17115.394128418 2166.46589355469
endloop
endfacet
facet normal 2.19541672213009e-015 0.707067840372107 0.707145719856611
outer loop
vertex 9928.86145141601 17110.9054443359 2182.92379760742
vertex 9901.93050048828 17111.7217702648 2182.10756158228
vertex 9901.93050048828 17110.9054443359 2182.92379760742
endloop
endfacet
facet normal 2.19541672213009e-015 0.707067840372107 0.707145719856611
outer loop
vertex 9901.93050048828 17111.7217702648 2182.10756158228
vertex 9928.86145141601 17110.9054443359 2182.92379760742
vertex 9901.93050048828 17112.4017822266 2181.42762451172
endloop
endfacet
facet normal 2.19541672213009e-015 0.707067840372107 0.707145719856611
outer loop
vertex 9901.93050048828 17112.4017822266 2181.42762451172
vertex 9928.86145141601 17110.9054443359 2182.92379760742
vertex 9928.86145141601 17112.4017822266 2181.42762451172
endloop
endfacet
facet normal 2.19541672213009e-015 0.707067840372107 0.707145719856611
outer loop
vertex 9928.86145141601 17112.4017822266 2181.42762451172
vertex 9928.86145141601 17110.9054443359 2182.92379760742
vertex 9928.86145141601 17111.8167296571 2182.01261264804
endloop
endfacet
facet normal 0.0 0.0 -1.0
outer loop
vertex 9928.86145141601 17112.4017822266 2181.42762451172
vertex 9901.93050048828 17112.114050293 2181.42762451172
vertex 9901.93050048828 17112.4017822266 2181.42762451172
endloop
endfacet
facet normal 0.0 0.0 -1.0
outer loop
vertex 9901.93050048828 17112.114050293 2181.42762451172
vertex 9928.86145141601 17112.4017822266 2181.42762451172
vertex 9901.93050048828 17107.9134277344 2181.42762451172
endloop
endfacet
facet normal 0.0 0.0 -1.0
outer loop
vertex 9901.93050048828 17107.9134277344 2181.42762451172
vertex 9928.86145141601 17112.4017822266 2181.42762451172
vertex 9928.86145141601 17107.9134277344 2181.42762451172
endloop
endfacet
facet normal 0.0 0.0 -1.0
outer loop
vertex 9928.86145141601 17107.9134277344 2181.42762451172
vertex 9928.86145141601 17112.4017822266 2181.42762451172
vertex 9928.86145141601 17112.152557373 2181.42762451172
endloop
endfacet
facet normal 0.0 -0.447253004957206 0.894407485186003
outer loop
vertex 9928.86145141601 17107.9134277344 2181.42762451172
vertex 9901.93050048828 17110.9054443359 2182.92379760742
vertex 9901.93050048828 17107.9134277344 2181.42762451172
endloop
endfacet
facet normal 0.0 -0.447253004957206 0.894407485186003
outer loop
vertex 9901.93050048828 17110.9054443359 2182.92379760742
vertex 9928.86145141601 17107.9134277344 2181.42762451172
vertex 9928.86145141601 17110.9054443359 2182.92379760742
endloop
endfacet
facet normal -2.31656201461781e-028 0.707262548728221 0.706950979323504
outer loop
vertex 9901.93050048828 17095.9440429687 2208.3589050293
vertex 9928.86145141601 17097.4397216797 2206.86256713867
vertex 9901.93050048828 17097.4397216797 2206.86256713867
endloop
endfacet
facet normal -2.31656201461781e-028 0.707262548728221 0.706950979323504
outer loop
vertex 9928.86145141601 17097.4397216797 2206.86256713867
vertex 9901.93050048828 17095.9440429687 2208.3589050293
vertex 9928.86145141601 17095.9440429687 2208.3589050293
endloop
endfacet
facet normal 0.0 0.0 -1.0
outer loop
vertex 9928.86145141601 17097.4397216797 2206.86256713867
vertex 9901.93050048828 17092.9513671875 2206.86256713867
vertex 9901.93050048828 17097.4397216797 2206.86256713867
endloop
endfacet
facet normal 0.0 0.0 -1.0
outer loop
vertex 9901.93050048828 17092.9513671875 2206.86256713867
vertex 9928.86145141601 17097.4397216797 2206.86256713867
vertex 9928.86145141601 17092.9513671875 2206.86256713867
endloop
endfacet
facet normal 2.51539875966234e-018 -0.4472135954999 0.894427190999945
outer loop
vertex 9928.86145141601 17092.9513671875 2206.86256713867
vertex 9901.93050048828 17095.9440429687 2208.3589050293
vertex 9901.93050048828 17092.9513671875 2206.86256713867
endloop
endfacet
facet normal 2.51539875966234e-018 -0.4472135954999 0.894427190999945
outer loop
vertex 9901.93050048828 17095.9440429687 2208.3589050293
vertex 9928.86145141601 17092.9513671875 2206.86256713867
vertex 9928.86145141601 17095.9440429687 2208.3589050293
endloop
endfacet
facet normal -2.50345131534695e-015 0.707145724145719 0.707067836082526
outer loop
vertex 9901.93050048828 17081.4809082361 2234.79087518295
vertex 9928.86145141601 17082.4779907227 2233.79368286133
vertex 9901.93050048828 17082.4779907227 2233.79368286133
endloop
endfacet
facet normal -2.50345131534695e-015 0.707145724145719 0.707067836082526
outer loop
vertex 9928.86145141601 17082.4779907227 2233.79368286133
vertex 9901.93050048828 17081.4809082361 2234.79087518295
vertex 9928.86145141601 17081.5679826652 2234.70379116206
endloop
endfacet
facet normal -2.50345131534695e-015 0.707145724145719 0.707067836082526
outer loop
vertex 9928.86145141601 17081.5679826652 2234.70379116206
vertex 9901.93050048828 17081.4809082361 2234.79087518295
vertex 9928.86145141601 17080.9819824219 2235.28985595703
endloop
endfacet
facet normal -2.50345131534695e-015 0.707145724145719 0.707067836082526
outer loop
vertex 9928.86145141601 17080.9819824219 2235.28985595703
vertex 9901.93050048828 17081.4809082361 2234.79087518295
vertex 9901.93050048828 17080.9819824219 2235.28985595703
endloop
endfacet
facet normal -3.1041948026098e-015 0.316217317138197 -0.948686780946125
outer loop
vertex 9928.86145141601 17082.4779907227 2233.79368286133
vertex 9901.93050048828 17082.1190842593 2233.67405176578
vertex 9901.93050048828 17082.4779907227 2233.79368286133
endloop
endfacet
facet normal -3.1041948026098e-015 0.316217317138197 -0.948686780946125
outer loop
vertex 9901.93050048828 17082.1190842593 2233.67405176578
vertex 9928.86145141601 17082.4779907227 2233.79368286133
vertex 9901.93050048828 17077.9893066406 2232.29750976562
endloop
endfacet
facet normal -3.1041948026098e-015 0.316217317138197 -0.948686780946125
outer loop
vertex 9901.93050048828 17077.9893066406 2232.29750976562
vertex 9928.86145141601 17082.4779907227 2233.79368286133
vertex 9928.86145141601 17077.9893066406 2232.29750976562
endloop
endfacet
facet normal -3.1041948026098e-015 0.316217317138197 -0.948686780946125
outer loop
vertex 9928.86145141601 17077.9893066406 2232.29750976562
vertex 9928.86145141601 17082.4779907227 2233.79368286133
vertex 9928.86145141601 17082.1526991837 2233.68525632921
endloop
endfacet
facet normal 3.9769756256726e-018 -0.707067840372049 0.70714571985667
outer loop
vertex 9928.86145141601 17077.9893066406 2232.29750976562
vertex 9901.93050048828 17080.9819824219 2235.28985595703
vertex 9901.93050048828 17077.9893066406 2232.29750976562
endloop
endfacet
facet normal 3.9769756256726e-018 -0.707067840372049 0.70714571985667
outer loop
vertex 9901.93050048828 17080.9819824219 2235.28985595703
vertex 9928.86145141601 17077.9893066406 2232.29750976562
vertex 9928.86145141601 17080.9819824219 2235.28985595703
endloop
endfacet
facet normal 1.157260944775e-028 0.707262548728221 0.706950979323504
outer loop
vertex 9901.93050048828 17066.0205810547 2260.72512817383
vertex 9928.86145141601 17067.5162597656 2259.2287902832
vertex 9901.93050048828 17067.5162597656 2259.2287902832
endloop
endfacet
facet normal 1.157260944775e-028 0.707262548728221 0.706950979323504
outer loop
vertex 9928.86145141601 17067.5162597656 2259.2287902832
vertex 9901.93050048828 17066.0205810547 2260.72512817383
vertex 9928.86145141601 17066.0205810547 2260.72512817383
endloop
endfacet
facet normal 0.0 0.0 -1.0
outer loop
vertex 9928.86145141601 17067.5162597656 2259.2287902832
vertex 9901.93050048828 17063.0282348633 2259.2287902832
vertex 9901.93050048828 17067.5162597656 2259.2287902832
endloop
endfacet
facet normal 0.0 0.0 -1.0
outer loop
vertex 9901.93050048828 17063.0282348633 2259.2287902832
vertex 9928.86145141601 17067.5162597656 2259.2287902832
vertex 9928.86145141601 17063.0282348633 2259.2287902832
endloop
endfacet
facet normal 1.46412252632075e-028 -0.447253000616623 0.894407487356533
outer loop
vertex 9928.86145141601 17063.0282348633 2259.2287902832
vertex 9901.93050048828 17066.0205810547 2260.72512817383
vertex 9901.93050048828 17063.0282348633 2259.2287902832
endloop
endfacet
facet normal 1.46412252632075e-028 -0.447253000616623 0.894407487356533
outer loop
vertex 9901.93050048828 17066.0205810547 2260.72512817383
vertex 9928.86145141601 17063.0282348633 2259.2287902832
vertex 9928.86145141601 17066.0205810547 2260.72512817383
endloop
endfacet
facet normal 1.15751598850028e-028 0.707106781186432 0.707106781186663
outer loop
vertex 9928.86145141601 17051.0585205078 2286.16007080078
vertex 9901.93050048828 17052.5548583984 2284.66373291016
vertex 9901.93050048828 17051.0585205078 2286.16007080078
endloop
endfacet
facet normal 1.15751598850028e-028 0.707106781186432 0.707106781186663
outer loop
vertex 9901.93050048828 17052.5548583984 2284.66373291016
vertex 9928.86145141601 17051.0585205078 2286.16007080078
vertex 9928.86145141601 17052.5548583984 2284.66373291016
endloop
endfacet
facet normal 0.0 0.0 -1.0
outer loop
vertex 9928.86145141601 17052.5548583984 2284.66373291016
vertex 9901.93050048828 17048.0658447266 2284.66373291016
vertex 9901.93050048828 17052.5548583984 2284.66373291016
endloop
endfacet
facet normal 0.0 0.0 -1.0
outer loop
vertex 9901.93050048828 17048.0658447266 2284.66373291016
vertex 9928.86145141601 17052.5548583984 2284.66373291016
vertex 9928.86145141601 17048.0658447266 2284.66373291016
endloop
endfacet
facet normal 0.0 -0.447213595499958 0.894427190999916
outer loop
vertex 9928.86145141601 17048.0658447266 2284.66373291016
vertex 9901.93050048828 17051.0585205078 2286.16007080078
vertex 9901.93050048828 17048.0658447266 2284.66373291016
endloop
endfacet
facet normal 0.0 -0.447213595499958 0.894427190999916
outer loop
vertex 9901.93050048828 17051.0585205078 2286.16007080078
vertex 9928.86145141601 17048.0658447266 2284.66373291016
vertex 9928.86145141601 17051.0585205078 2286.16007080078
endloop
endfacet
facet normal -1.15828100730893e-028 0.707262548728221 0.706950979323504
outer loop
vertex 9901.93050048828 17036.0971191406 2313.09118652344
vertex 9928.86145141601 17037.5927978516 2311.59484863281
vertex 9901.93050048828 17037.5927978516 2311.59484863281
endloop
endfacet
facet normal -1.15828100730893e-028 0.707262548728221 0.706950979323504
outer loop
vertex 9928.86145141601 17037.5927978516 2311.59484863281
vertex 9901.93050048828 17036.0971191406 2313.09118652344
vertex 9928.86145141601 17036.0971191406 2313.09118652344
endloop
endfacet
facet normal -2.07060473997606e-028 0.316206866609874 -0.948690264263719
outer loop
vertex 9928.86145141601 17037.5927978516 2311.59484863281
vertex 9901.93050048828 17033.1044433594 2310.09884033203
vertex 9901.93050048828 17037.5927978516 2311.59484863281
endloop
endfacet
facet normal -2.07060473997606e-028 0.316206866609874 -0.948690264263719
outer loop
vertex 9901.93050048828 17033.1044433594 2310.09884033203
vertex 9928.86145141601 17037.5927978516 2311.59484863281
vertex 9928.86145141601 17033.1044433594 2310.09884033203
endloop
endfacet
facet normal -3.9769756256726e-018 -0.707067840372049 0.70714571985667
outer loop
vertex 9928.86145141601 17033.1044433594 2310.09884033203
vertex 9901.93050048828 17036.0971191406 2313.09118652344
vertex 9901.93050048828 17033.1044433594 2310.09884033203
endloop
endfacet
facet normal -3.9769756256726e-018 -0.707067840372049 0.70714571985667
outer loop
vertex 9901.93050048828 17036.0971191406 2313.09118652344
vertex 9928.86145141601 17033.1044433594 2310.09884033203
vertex 9928.86145141601 17036.0971191406 2313.09118652344
endloop
endfacet
facet normal 3.49667577881944e-015 -0.865788881354261 -0.500409445277903
outer loop
vertex 9901.93050048828 17114.8122945221 2167.47255984081
vertex 9898.93815429687 17115.394128418 2166.46589355469
vertex 9901.93050048828 17115.394128418 2166.46589355469
endloop
endfacet
facet normal 3.49667577881944e-015 -0.865788881354261 -0.500409445277903
outer loop
vertex 9898.93815429687 17115.394128418 2166.46589355469
vertex 9901.93050048828 17114.8122945221 2167.47255984081
vertex 9898.93815429687 17021.1350585937 2329.54925537109
endloop
endfacet
facet normal 3.49667577881944e-015 -0.865788881354261 -0.500409445277903
outer loop
vertex 9898.93815429687 17021.1350585937 2329.54925537109
vertex 9901.93050048828 17114.8122945221 2167.47255984081
vertex 9901.93050048828 17112.6892295254 2171.14580399295
endloop
endfacet
facet normal 3.49667577881944e-015 -0.865788881354261 -0.500409445277903
outer loop
vertex 9898.93815429687 17021.1350585937 2329.54925537109
vertex 9901.93050048828 17112.6892295254 2171.14580399295
vertex 9901.93050048828 17071.7867753232 2241.91363302291
endloop
endfacet
facet normal 3.49667577881944e-015 -0.865788881354261 -0.500409445277903
outer loop
vertex 9898.93815429687 17021.1350585937 2329.54925537109
vertex 9901.93050048828 17071.7867753232 2241.91363302291
vertex 9901.93050048828 17069.4091353243 2246.02733290279
endloop
endfacet
facet normal 3.49667577881944e-015 -0.865788881354261 -0.500409445277903
outer loop
vertex 9898.93815429687 17021.1350585937 2329.54925537109
vertex 9901.93050048828 17069.4091353243 2246.02733290279
vertex 9901.93050048828 17030.9538447122 2312.5611750502
endloop
endfacet
facet normal 3.49667577881944e-015 -0.865788881354261 -0.500409445277903
outer loop
vertex 9898.93815429687 17021.1350585937 2329.54925537109
vertex 9901.93050048828 17030.9538447122 2312.5611750502
vertex 9901.93050048828 17028.7118164921 2316.44024472588
endloop
endfacet
facet normal 3.49667577881944e-015 -0.865788881354261 -0.500409445277903
outer loop
vertex 9898.93815429687 17021.1350585937 2329.54925537109
vertex 9901.93050048828 17028.7118164921 2316.44024472588
vertex 9901.93050048828 17021.1350585937 2329.54925537109
endloop
endfacet
facet normal -1.0 0.0 0.0
outer loop
vertex 9898.93815429687 17025.6234130859 2332.5416015625
vertex 9898.93815429687 17115.394128418 2166.46589355469
vertex 9898.93815429687 17021.1350585937 2329.54925537109
endloop
endfacet
facet normal -1.0 0.0 0.0
outer loop
vertex 9898.93815429687 17115.394128418 2166.46589355469
vertex 9898.93815429687 17025.6234130859 2332.5416015625
vertex 9898.93815429687 17119.8828125 2167.96206665039
endloop
endfacet
facet normal 3.29462713964618e-015 0.867756787553572 0.496989092088252
outer loop
vertex 9931.85396240234 17025.6234130859 2332.5416015625
vertex 9931.85396240234 17119.8828125 2167.96206665039
vertex 9928.86145141601 17025.6234130859 2332.5416015625
endloop
endfacet
facet normal -0.0135881083279793 0.867619099169945 0.49704372249089
outer loop
vertex 9928.86145141601 17117.5040541718 2172.10569546731
vertex 9931.85396240234 17119.8828125 2167.96206665039
vertex 9928.86145141601 17119.8828125 2167.96206665039
endloop
endfacet
facet normal -0.0134516434491852 0.867621278597027 0.497043630091138
outer loop
vertex 9931.85396240234 17119.8828125 2167.96206665039
vertex 9928.86145141601 17117.5040541718 2172.10569546731
vertex 9928.86145141601 17025.6234130859 2332.5416015625
endloop
endfacet
facet normal -0.000136579907772526 0.867756200808726 0.496990097792637
outer loop
vertex 9928.86145141601 17025.6234130859 2332.5416015625
vertex 9928.86145141601 17117.5040541718 2172.10569546731
vertex 9928.86145141601 17116.5699166088 2173.73289705368
endloop
endfacet
facet normal -0.000136579907772526 0.867756200808726 0.496990097792637
outer loop
vertex 9928.86145141601 17025.6234130859 2332.5416015625
vertex 9928.86145141601 17116.5699166088 2173.73289705368
vertex 9928.86145141601 17112.152557373 2181.42762451172
endloop
endfacet
facet normal -0.000136579907772526 0.867756200808726 0.496990097792637
outer loop
vertex 9928.86145141601 17025.6234130859 2332.5416015625
vertex 9928.86145141601 17112.152557373 2181.42762451172
vertex 9928.86145141601 17111.8167296571 2182.01261264804
endloop
endfacet
facet normal -0.000136579907772526 0.867756200808726 0.496990097792637
outer loop
vertex 9928.86145141601 17025.6234130859 2332.5416015625
vertex 9928.86145141601 17111.8167296571 2182.01261264804
vertex 9928.86145141601 17097.4397216797 2206.86256713867
endloop
endfacet
facet normal -0.000136579907772526 0.867756200808726 0.496990097792637
outer loop
vertex 9928.86145141601 17025.6234130859 2332.5416015625
vertex 9928.86145141601 17097.4397216797 2206.86256713867
vertex 9928.86145141601 17082.1526991837 2233.68525632921
endloop
endfacet
facet normal -0.000136579907772526 0.867756200808726 0.496990097792637
outer loop
vertex 9928.86145141601 17025.6234130859 2332.5416015625
vertex 9928.86145141601 17082.1526991837 2233.68525632921
vertex 9928.86145141601 17081.5679826652 2234.70379116206
endloop
endfacet
facet normal -0.000136579907772526 0.867756200808726 0.496990097792637
outer loop
vertex 9928.86145141601 17025.6234130859 2332.5416015625
vertex 9928.86145141601 17081.5679826652 2234.70379116206
vertex 9928.86145141601 17076.1706467365 2244.10556872959
endloop
endfacet
facet normal -0.000136579907772526 0.867756200808726 0.496990097792637
outer loop
vertex 9928.86145141601 17025.6234130859 2332.5416015625
vertex 9928.86145141601 17076.1706467365 2244.10556872959
vertex 9928.86145141601 17073.5012817383 2248.75541381836
endloop
endfacet
facet normal -0.000136579907772526 0.867756200808726 0.496990097792637
outer loop
vertex 9928.86145141601 17025.6234130859 2332.5416015625
vertex 9928.86145141601 17073.5012817383 2248.75541381836
vertex 9928.86145141601 17067.5162597656 2259.2287902832
endloop
endfacet
facet normal -0.000136579907772526 0.867756200808726 0.496990097792637
outer loop
vertex 9928.86145141601 17025.6234130859 2332.5416015625
vertex 9928.86145141601 17067.5162597656 2259.2287902832
vertex 9928.86145141601 17037.5927978516 2311.59484863281
endloop
endfacet
facet normal 1.0 0.0 0.0
outer loop
vertex 9931.85396240234 17115.394128418 2166.46589355469
vertex 9931.85396240234 17025.6234130859 2332.5416015625
vertex 9931.85396240234 17021.1350585937 2329.54925537109
endloop
endfacet
facet normal 1.0 0.0 0.0
outer loop
vertex 9931.85396240234 17025.6234130859 2332.5416015625
vertex 9931.85396240234 17115.394128418 2166.46589355469
vertex 9931.85396240234 17119.8828125 2167.96206665039
endloop
endfacet
facet normal -7.35433188832188e-027 -0.554714295825203 0.832040894431967
outer loop
vertex 9931.85396240234 17021.1350585937 2329.54925537109
vertex 9928.86145141601 17025.6234130859 2332.5416015625
vertex 9928.86145141601 17021.1350585937 2329.54925537109
endloop
endfacet
facet normal -7.35433188832188e-027 -0.554714295825203 0.832040894431967
outer loop
vertex 9928.86145141601 17025.6234130859 2332.5416015625
vertex 9931.85396240234 17021.1350585937 2329.54925537109
vertex 9931.85396240234 17025.6234130859 2332.5416015625
endloop
endfacet
facet normal 0.0 0.316217317138163 -0.948686780946136
outer loop
vertex 9931.85396240234 17119.8828125 2167.96206665039
vertex 9928.86145141601 17115.394128418 2166.46589355469
vertex 9928.86145141601 17119.8828125 2167.96206665039
endloop
endfacet
facet normal 0.0 0.316217317138163 -0.948686780946136
outer loop
vertex 9928.86145141601 17115.394128418 2166.46589355469
vertex 9931.85396240234 17119.8828125 2167.96206665039
vertex 9931.85396240234 17115.394128418 2166.46589355469
endloop
endfacet
facet normal -4.85595926634249e-015 -0.865788881354261 -0.500409445277902
outer loop
vertex 9931.85396240234 17021.1350585937 2329.54925537109
vertex 9928.86145141601 17115.394128418 2166.46589355469
vertex 9931.85396240234 17115.394128418 2166.46589355469
endloop
endfacet
facet normal -4.85595926634249e-015 -0.865788881354261 -0.500409445277902
outer loop
vertex 9928.86145141601 17115.394128418 2166.46589355469
vertex 9931.85396240234 17021.1350585937 2329.54925537109
vertex 9928.86145141601 17114.8122945221 2167.47255984081
endloop
endfacet
facet normal -4.85595926634249e-015 -0.865788881354261 -0.500409445277902
outer loop
vertex 9928.86145141601 17114.8122945221 2167.47255984081
vertex 9931.85396240234 17021.1350585937 2329.54925537109
vertex 9928.86145141601 17112.6892295254 2171.14580399295
endloop
endfacet
facet normal -4.85595926634249e-015 -0.865788881354261 -0.500409445277902
outer loop
vertex 9928.86145141601 17112.6892295254 2171.14580399295
vertex 9931.85396240234 17021.1350585937 2329.54925537109
vertex 9928.86145141601 17071.7867753232 2241.91363302291
endloop
endfacet
facet normal -4.85595926634249e-015 -0.865788881354261 -0.500409445277902
outer loop
vertex 9928.86145141601 17071.7867753232 2241.91363302291
vertex 9931.85396240234 17021.1350585937 2329.54925537109
vertex 9928.86145141601 17069.4091353243 2246.02733290279
endloop
endfacet
facet normal -4.85595926634249e-015 -0.865788881354261 -0.500409445277902
outer loop
vertex 9928.86145141601 17069.4091353243 2246.02733290279
vertex 9931.85396240234 17021.1350585937 2329.54925537109
vertex 9928.86145141601 17030.9538447122 2312.5611750502
endloop
endfacet
facet normal -4.85595926634249e-015 -0.865788881354261 -0.500409445277902
outer loop
vertex 9928.86145141601 17030.9538447122 2312.5611750502
vertex 9931.85396240234 17021.1350585937 2329.54925537109
vertex 9928.86145141601 17028.7118164921 2316.44024472588
endloop
endfacet
facet normal -4.85595926634249e-015 -0.865788881354261 -0.500409445277902
outer loop
vertex 9928.86145141601 17028.7118164921 2316.44024472588
vertex 9931.85396240234 17021.1350585937 2329.54925537109
vertex 9928.86145141601 17021.1350585937 2329.54925537109
endloop
endfacet
facet normal -1.0 0.0 0.0
outer loop
vertex 9928.86145141601 17076.1706467365 2244.10556872959
vertex 9928.86145141601 17080.9819824219 2235.28985595703
vertex 9928.86145141601 17077.9893066406 2232.29750976562
endloop
endfacet
facet normal -1.0 0.0 0.0
outer loop
vertex 9928.86145141601 17080.9819824219 2235.28985595703
vertex 9928.86145141601 17076.1706467365 2244.10556872959
vertex 9928.86145141601 17081.5679826652 2234.70379116206
endloop
endfacet
facet normal -1.0 0.0 0.0
outer loop
vertex 9928.86145141601 17097.4397216797 2206.86256713867
vertex 9928.86145141601 17110.9054443359 2182.92379760742
vertex 9928.86145141601 17107.9134277344 2181.42762451172
endloop
endfacet
facet normal -1.0 0.0 0.0
outer loop
vertex 9928.86145141601 17110.9054443359 2182.92379760742
vertex 9928.86145141601 17097.4397216797 2206.86256713867
vertex 9928.86145141601 17111.8167296571 2182.01261264804
endloop
endfacet
facet normal -1.0 0.0 0.0
outer loop
vertex 9928.86145141601 17071.7867753232 2241.91363302291
vertex 9928.86145141601 17077.9893066406 2232.29750976562
vertex 9928.86145141601 17112.6892295254 2171.14580399295
endloop
endfacet
facet normal -1.0 0.0 0.0
outer loop
vertex 9928.86145141601 17077.9893066406 2232.29750976562
vertex 9928.86145141601 17071.7867753232 2241.91363302291
vertex 9928.86145141601 17076.1706467365 2244.10556872959
endloop
endfacet
facet normal -1.0 0.0 0.0
outer loop
vertex 9928.86145141601 17112.6892295254 2171.14580399295
vertex 9928.86145141601 17077.9893066406 2232.29750976562
vertex 9928.86145141601 17082.1526991837 2233.68525632921
endloop
endfacet
facet normal -1.0 0.0 0.0
outer loop
vertex 9928.86145141601 17112.6892295254 2171.14580399295
vertex 9928.86145141601 17082.1526991837 2233.68525632921
vertex 9928.86145141601 17107.9134277344 2181.42762451172
endloop
endfacet
facet normal -1.0 0.0 0.0
outer loop
vertex 9928.86145141601 17107.9134277344 2181.42762451172
vertex 9928.86145141601 17082.1526991837 2233.68525632921
vertex 9928.86145141601 17097.4397216797 2206.86256713867
endloop
endfacet
facet normal -1.0 0.0 0.0
outer loop
vertex 9928.86145141601 17112.6892295254 2171.14580399295
vertex 9928.86145141601 17107.9134277344 2181.42762451172
vertex 9928.86145141601 17112.152557373 2181.42762451172
endloop
endfacet
facet normal -1.0 0.0 0.0
outer loop
vertex 9928.86145141601 17112.6892295254 2171.14580399295
vertex 9928.86145141601 17112.152557373 2181.42762451172
vertex 9928.86145141601 17116.5699166088 2173.73289705368
endloop
endfacet
facet normal 0.0 0.0 -1.0
outer loop
vertex 9931.85396240234 17124.371496582 2072.20682373047
vertex 9928.86145141601 17119.8828125 2072.20682373047
vertex 9928.86145141601 17124.371496582 2072.20682373047
endloop
endfacet
facet normal 0.0 0.0 -1.0
outer loop
vertex 9928.86145141601 17119.8828125 2072.20682373047
vertex 9931.85396240234 17124.371496582 2072.20682373047
vertex 9931.85396240234 17119.8828125 2072.20682373047
endloop
endfacet
facet normal 0.0 1.0 0.0
outer loop
vertex 9928.86145141601 17124.371496582 2079.68752441406
vertex 9931.85396240234 17124.371496582 2072.20682373047
vertex 9928.86145141601 17124.371496582 2072.20682373047
endloop
endfacet
facet normal 0.0 1.0 0.0
outer loop
vertex 9931.85396240234 17124.371496582 2072.20682373047
vertex 9928.86145141601 17124.371496582 2079.68752441406
vertex 9931.85396240234 17124.371496582 2154.49650878906
endloop
endfacet
facet normal 0.0 1.0 0.0
outer loop
vertex 9931.85396240234 17124.371496582 2154.49650878906
vertex 9928.86145141601 17124.371496582 2079.68752441406
vertex 9928.86145141601 17124.371496582 2081.18386230469
endloop
endfacet
facet normal 0.0 1.0 0.0
outer loop
vertex 9931.85396240234 17124.371496582 2154.49650878906
vertex 9928.86145141601 17124.371496582 2081.18386230469
vertex 9928.86145141601 17124.371496582 2096.1454284668
endloop
endfacet
facet normal 0.0 1.0 0.0
outer loop
vertex 9931.85396240234 17124.371496582 2154.49650878906
vertex 9928.86145141601 17124.371496582 2096.1454284668
vertex 9928.86145141601 17124.371496582 2100.63411254883
endloop
endfacet
facet normal 0.0 1.0 0.0
outer loop
vertex 9931.85396240234 17124.371496582 2154.49650878906
vertex 9928.86145141601 17124.371496582 2100.63411254883
vertex 9928.86145141601 17124.371496582 2109.61098632813
endloop
endfacet
facet normal 0.0 1.0 0.0
outer loop
vertex 9931.85396240234 17124.371496582 2154.49650878906
vertex 9928.86145141601 17124.371496582 2109.61098632813
vertex 9928.86145141601 17124.371496582 2111.10715942383
endloop
endfacet
facet normal 0.0 1.0 0.0
outer loop
vertex 9931.85396240234 17124.371496582 2154.49650878906
vertex 9928.86145141601 17124.371496582 2111.10715942383
vertex 9928.86145141601 17124.371496582 2139.53477783203
endloop
endfacet
facet normal 0.0 1.0 0.0
outer loop
vertex 9931.85396240234 17124.371496582 2154.49650878906
vertex 9928.86145141601 17124.371496582 2139.53477783203
vertex 9928.86145141601 17124.371496582 2141.03078613281
endloop
endfacet
facet normal 0.0 1.0 0.0
outer loop
vertex 9931.85396240234 17124.371496582 2154.49650878906
vertex 9928.86145141601 17124.371496582 2141.03078613281
vertex 9928.86145141601 17124.371496582 2144.02313232422
endloop
endfacet
facet normal 0.0 1.0 0.0
outer loop
vertex 9931.85396240234 17124.371496582 2154.49650878906
vertex 9928.86145141601 17124.371496582 2144.02313232422
vertex 9928.86145141601 17124.371496582 2148.51181640625
endloop
endfacet
facet normal 0.0 1.0 0.0
outer loop
vertex 9931.85396240234 17124.371496582 2154.49650878906
vertex 9928.86145141601 17124.371496582 2148.51181640625
vertex 9928.86145141601 17124.371496582 2154.49650878906
endloop
endfacet
facet normal 1.0 0.0 0.0
outer loop
vertex 9931.85396240234 17124.371496582 2072.20682373047
vertex 9931.85396240234 17119.8828125 2154.49650878906
vertex 9931.85396240234 17119.8828125 2072.20682373047
endloop
endfacet
facet normal 1.0 0.0 0.0
outer loop
vertex 9931.85396240234 17119.8828125 2154.49650878906
vertex 9931.85396240234 17124.371496582 2072.20682373047
vertex 9931.85396240234 17124.371496582 2154.49650878906
endloop
endfacet
facet normal 0.0 0.0 1.0
outer loop
vertex 9931.85396240234 17119.8828125 2154.49650878906
vertex 9928.86145141601 17124.371496582 2154.49650878906
vertex 9928.86145141601 17119.8828125 2154.49650878906
endloop
endfacet
facet normal 0.0 0.0 1.0
outer loop
vertex 9928.86145141601 17124.371496582 2154.49650878906
vertex 9931.85396240234 17119.8828125 2154.49650878906
vertex 9931.85396240234 17124.371496582 2154.49650878906
endloop
endfacet
facet normal 0.0 -1.0 0.0
outer loop
vertex 9931.85396240234 17119.8828125 2154.49650878906
vertex 9928.86145141601 17119.8828125 2072.20682373047
vertex 9931.85396240234 17119.8828125 2072.20682373047
endloop
endfacet
facet normal 0.0 -1.0 0.0
outer loop
vertex 9928.86145141601 17119.8828125 2072.20682373047
vertex 9931.85396240234 17119.8828125 2154.49650878906
vertex 9928.86145141601 17119.8828125 2081.18386230469
endloop
endfacet
facet normal 0.0 -1.0 0.0
outer loop
vertex 9928.86145141601 17119.8828125 2081.18386230469
vertex 9931.85396240234 17119.8828125 2154.49650878906
vertex 9928.86145141601 17119.8828125 2096.1454284668
endloop
endfacet
facet normal 0.0 -1.0 0.0
outer loop
vertex 9928.86145141601 17119.8828125 2096.1454284668
vertex 9931.85396240234 17119.8828125 2154.49650878906
vertex 9928.86145141601 17119.8828125 2100.63411254883
endloop
endfacet
facet normal 0.0 -1.0 0.0
outer loop
vertex 9928.86145141601 17119.8828125 2100.63411254883
vertex 9931.85396240234 17119.8828125 2154.49650878906
vertex 9928.86145141601 17119.8828125 2111.10715942383
endloop
endfacet
facet normal 0.0 -1.0 0.0
outer loop
vertex 9928.86145141601 17119.8828125 2111.10715942383
vertex 9931.85396240234 17119.8828125 2154.49650878906
vertex 9928.86145141601 17119.8828125 2141.03078613281
endloop
endfacet
facet normal 0.0 -1.0 0.0
outer loop
vertex 9928.86145141601 17119.8828125 2141.03078613281
vertex 9931.85396240234 17119.8828125 2154.49650878906
vertex 9928.86145141601 17119.8828125 2144.02313232422
endloop
endfacet
facet normal 0.0 -1.0 0.0
outer loop
vertex 9928.86145141601 17119.8828125 2144.02313232422
vertex 9931.85396240234 17119.8828125 2154.49650878906
vertex 9928.86145141601 17119.8828125 2148.51181640625
endloop
endfacet
facet normal 0.0 -1.0 0.0
outer loop
vertex 9928.86145141601 17119.8828125 2148.51181640625
vertex 9931.85396240234 17119.8828125 2154.49650878906
vertex 9928.86145141601 17119.8828125 2154.49650878906
endloop
endfacet
facet normal -1.0 0.0 0.0
outer loop
vertex 9928.86145141601 17124.371496582 2081.18386230469
vertex 9928.86145141601 17119.8828125 2072.20682373047
vertex 9928.86145141601 17119.8828125 2081.18386230469
endloop
endfacet
facet normal -1.0 0.0 0.0
outer loop
vertex 9928.86145141601 17119.8828125 2072.20682373047
vertex 9928.86145141601 17124.371496582 2081.18386230469
vertex 9928.86145141601 17124.371496582 2072.20682373047
endloop
endfacet
facet normal -1.0 0.0 0.0
outer loop
vertex 9928.86145141601 17124.371496582 2072.20682373047
vertex 9928.86145141601 17124.371496582 2081.18386230469
vertex 9928.86145141601 17124.371496582 2079.68752441406
endloop
endfacet
facet normal 0.0 0.0 -1.0
outer loop
vertex 9548.83282592773 17124.371496582 2072.20682373047
vertex 9545.84039733887 17119.8828125 2072.20682373047
vertex 9545.84039733887 17124.371496582 2072.20682373047
endloop
endfacet
facet normal 0.0 0.0 -1.0
outer loop
vertex 9545.84039733887 17119.8828125 2072.20682373047
vertex 9548.83282592773 17124.371496582 2072.20682373047
vertex 9548.83282592773 17119.8828125 2072.20682373047
endloop
endfacet
facet normal 0.0 1.0 0.0
outer loop
vertex 9545.84039733887 17124.371496582 2079.68752441406
vertex 9548.83282592773 17124.371496582 2072.20682373047
vertex 9545.84039733887 17124.371496582 2072.20682373047
endloop
endfacet
facet normal 0.0 1.0 0.0
outer loop
vertex 9548.83282592773 17124.371496582 2072.20682373047
vertex 9545.84039733887 17124.371496582 2079.68752441406
vertex 9548.83282592773 17124.371496582 2154.49650878906
endloop
endfacet
facet normal 0.0 1.0 0.0
outer loop
vertex 9548.83282592773 17124.371496582 2154.49650878906
vertex 9545.84039733887 17124.371496582 2079.68752441406
vertex 9545.84039733887 17124.371496582 2081.18386230469
endloop
endfacet
facet normal 0.0 1.0 0.0
outer loop
vertex 9548.83282592773 17124.371496582 2154.49650878906
vertex 9545.84039733887 17124.371496582 2081.18386230469
vertex 9545.84039733887 17124.371496582 2096.1454284668
endloop
endfacet
facet normal 0.0 1.0 0.0
outer loop
vertex 9548.83282592773 17124.371496582 2154.49650878906
vertex 9545.84039733887 17124.371496582 2096.1454284668
vertex 9545.84039733887 17124.371496582 2100.63411254883
endloop
endfacet
facet normal 0.0 1.0 0.0
outer loop
vertex 9548.83282592773 17124.371496582 2154.49650878906
vertex 9545.84039733887 17124.371496582 2100.63411254883
vertex 9545.84039733887 17124.371496582 2109.61098632813
endloop
endfacet
facet normal 0.0 1.0 0.0
outer loop
vertex 9548.83282592773 17124.371496582 2154.49650878906
vertex 9545.84039733887 17124.371496582 2109.61098632813
vertex 9545.84039733887 17124.371496582 2111.10715942383
endloop
endfacet
facet normal 0.0 1.0 0.0
outer loop
vertex 9548.83282592773 17124.371496582 2154.49650878906
vertex 9545.84039733887 17124.371496582 2111.10715942383
vertex 9545.84039733887 17124.371496582 2139.53477783203
endloop
endfacet
facet normal 0.0 1.0 0.0
outer loop
vertex 9548.83282592773 17124.371496582 2154.49650878906
vertex 9545.84039733887 17124.371496582 2139.53477783203
vertex 9545.84039733887 17124.371496582 2141.03078613281
endloop
endfacet
facet normal 0.0 1.0 0.0
outer loop
vertex 9548.83282592773 17124.371496582 2154.49650878906
vertex 9545.84039733887 17124.371496582 2141.03078613281
vertex 9545.84039733887 17124.371496582 2144.02313232422
endloop
endfacet
facet normal 0.0 1.0 0.0
outer loop
vertex 9548.83282592773 17124.371496582 2154.49650878906
vertex 9545.84039733887 17124.371496582 2144.02313232422
vertex 9545.84039733887 17124.371496582 2148.51181640625
endloop
endfacet
facet normal 0.0 1.0 0.0
outer loop
vertex 9548.83282592773 17124.371496582 2154.49650878906
vertex 9545.84039733887 17124.371496582 2148.51181640625
vertex 9545.84039733887 17124.371496582 2154.49650878906
endloop
endfacet
facet normal -1.0 0.0 0.0
outer loop
vertex 9545.84039733887 17124.371496582 2081.18386230469
vertex 9545.84039733887 17119.8828125 2072.20682373047
vertex 9545.84039733887 17119.8828125 2081.18386230469
endloop
endfacet
facet normal -1.0 0.0 0.0
outer loop
vertex 9545.84039733887 17119.8828125 2072.20682373047
vertex 9545.84039733887 17124.371496582 2081.18386230469
vertex 9545.84039733887 17124.371496582 2072.20682373047
endloop
endfacet
facet normal -1.0 0.0 0.0
outer loop
vertex 9545.84039733887 17124.371496582 2072.20682373047
vertex 9545.84039733887 17124.371496582 2081.18386230469
vertex 9545.84039733887 17124.371496582 2079.68752441406
endloop
endfacet
facet normal 0.0 0.0 1.0
outer loop
vertex 9548.83282592773 17119.8828125 2154.49650878906
vertex 9545.84039733887 17124.371496582 2154.49650878906
vertex 9545.84039733887 17119.8828125 2154.49650878906
endloop
endfacet
facet normal 0.0 0.0 1.0
outer loop
vertex 9545.84039733887 17124.371496582 2154.49650878906
vertex 9548.83282592773 17119.8828125 2154.49650878906
vertex 9548.83282592773 17124.371496582 2154.49650878906
endloop
endfacet
facet normal 0.0 1.0 0.0
outer loop
vertex 9518.90919921875 17124.371496582 2081.18386230469
vertex 9545.84039733887 17124.371496582 2079.68752441406
vertex 9518.90919921875 17124.371496582 2079.68752441406
endloop
endfacet
facet normal 0.0 1.0 0.0
outer loop
vertex 9545.84039733887 17124.371496582 2079.68752441406
vertex 9518.90919921875 17124.371496582 2081.18386230469
vertex 9545.84039733887 17124.371496582 2081.18386230469
endloop
endfacet
facet normal -3.88232687471395e-029 -0.316248663428889 -0.948676331990759
outer loop
vertex 9545.84039733887 17124.371496582 2079.68752441406
vertex 9518.90919921875 17119.8828125 2081.18386230469
vertex 9518.90919921875 17124.371496582 2079.68752441406
endloop
endfacet
facet normal -3.88232687471395e-029 -0.316248663428889 -0.948676331990759
outer loop
vertex 9518.90919921875 17119.8828125 2081.18386230469
vertex 9545.84039733887 17124.371496582 2079.68752441406
vertex 9545.84039733887 17119.8828125 2081.18386230469
endloop
endfacet
facet normal 0.0 0.0 1.0
outer loop
vertex 9545.84039733887 17119.8828125 2081.18386230469
vertex 9518.90919921875 17124.371496582 2081.18386230469
vertex 9518.90919921875 17119.8828125 2081.18386230469
endloop
endfacet
facet normal 0.0 0.0 1.0
outer loop
vertex 9518.90919921875 17124.371496582 2081.18386230469
vertex 9545.84039733887 17119.8828125 2081.18386230469
vertex 9545.84039733887 17124.371496582 2081.18386230469
endloop
endfacet
facet normal 0.0 1.0 0.0
outer loop
vertex 9518.90919921875 17124.371496582 2111.10715942383
vertex 9545.84039733887 17124.371496582 2109.61098632813
vertex 9518.90919921875 17124.371496582 2109.61098632813
endloop
endfacet
facet normal 0.0 1.0 0.0
outer loop
vertex 9545.84039733887 17124.371496582 2109.61098632813
vertex 9518.90919921875 17124.371496582 2111.10715942383
vertex 9545.84039733887 17124.371496582 2111.10715942383
endloop
endfacet
facet normal 0.0 -0.316217317138163 -0.948686780946136
outer loop
vertex 9545.84039733887 17124.371496582 2109.61098632813
vertex 9518.90919921875 17119.8828125 2111.10715942383
vertex 9518.90919921875 17124.371496582 2109.61098632813
endloop
endfacet
facet normal 0.0 -0.316217317138163 -0.948686780946136
outer loop
vertex 9518.90919921875 17119.8828125 2111.10715942383
vertex 9545.84039733887 17124.371496582 2109.61098632813
vertex 9545.84039733887 17119.8828125 2111.10715942383
endloop
endfacet
facet normal 0.0 0.0 1.0
outer loop
vertex 9545.84039733887 17119.8828125 2111.10715942383
vertex 9518.90919921875 17124.371496582 2111.10715942383
vertex 9518.90919921875 17119.8828125 2111.10715942383
endloop
endfacet
facet normal 0.0 0.0 1.0
outer loop
vertex 9518.90919921875 17124.371496582 2111.10715942383
vertex 9545.84039733887 17119.8828125 2111.10715942383
vertex 9545.84039733887 17124.371496582 2111.10715942383
endloop
endfacet
facet normal 0.0 1.0 0.0
outer loop
vertex 9518.90919921875 17124.371496582 2141.03078613281
vertex 9545.84039733887 17124.371496582 2139.53477783203
vertex 9518.90919921875 17124.371496582 2139.53477783203
endloop
endfacet
facet normal 0.0 1.0 0.0
outer loop
vertex 9545.84039733887 17124.371496582 2139.53477783203
vertex 9518.90919921875 17124.371496582 2141.03078613281
vertex 9545.84039733887 17124.371496582 2141.03078613281
endloop
endfacet
facet normal -7.76482478646147e-029 -0.31618596981175 -0.948697229095881
outer loop
vertex 9545.84039733887 17124.371496582 2139.53477783203
vertex 9518.90919921875 17119.8828125 2141.03078613281
vertex 9518.90919921875 17124.371496582 2139.53477783203
endloop
endfacet
facet normal -7.76482478646147e-029 -0.31618596981175 -0.948697229095881
outer loop
vertex 9518.90919921875 17119.8828125 2141.03078613281
vertex 9545.84039733887 17124.371496582 2139.53477783203
vertex 9545.84039733887 17119.8828125 2141.03078613281
endloop
endfacet
facet normal 0.0 0.0 1.0
outer loop
vertex 9545.84039733887 17119.8828125 2141.03078613281
vertex 9518.90919921875 17124.371496582 2141.03078613281
vertex 9518.90919921875 17119.8828125 2141.03078613281
endloop
endfacet
facet normal 0.0 0.0 1.0
outer loop
vertex 9518.90919921875 17124.371496582 2141.03078613281
vertex 9545.84039733887 17119.8828125 2141.03078613281
vertex 9545.84039733887 17124.371496582 2141.03078613281
endloop
endfacet
facet normal 0.0 -1.0 0.0
outer loop
vertex 9548.83282592773 17119.8828125 2154.49650878906
vertex 9545.84039733887 17119.8828125 2072.20682373047
vertex 9548.83282592773 17119.8828125 2072.20682373047
endloop
endfacet
facet normal 0.0 -1.0 0.0
outer loop
vertex 9545.84039733887 17119.8828125 2072.20682373047
vertex 9548.83282592773 17119.8828125 2154.49650878906
vertex 9545.84039733887 17119.8828125 2081.18386230469
endloop
endfacet
facet normal 0.0 -1.0 0.0
outer loop
vertex 9545.84039733887 17119.8828125 2081.18386230469
vertex 9548.83282592773 17119.8828125 2154.49650878906
vertex 9545.84039733887 17119.8828125 2096.1454284668
endloop
endfacet
facet normal 0.0 -1.0 0.0
outer loop
vertex 9545.84039733887 17119.8828125 2096.1454284668
vertex 9548.83282592773 17119.8828125 2154.49650878906
vertex 9545.84039733887 17119.8828125 2100.63411254883
endloop
endfacet
facet normal 0.0 -1.0 0.0
outer loop
vertex 9545.84039733887 17119.8828125 2100.63411254883
vertex 9548.83282592773 17119.8828125 2154.49650878906
vertex 9545.84039733887 17119.8828125 2111.10715942383
endloop
endfacet
facet normal 0.0 -1.0 0.0
outer loop
vertex 9545.84039733887 17119.8828125 2111.10715942383
vertex 9548.83282592773 17119.8828125 2154.49650878906
vertex 9545.84039733887 17119.8828125 2141.03078613281
endloop
endfacet
facet normal 0.0 -1.0 0.0
outer loop
vertex 9545.84039733887 17119.8828125 2141.03078613281
vertex 9548.83282592773 17119.8828125 2154.49650878906
vertex 9545.84039733887 17119.8828125 2144.02313232422
endloop
endfacet
facet normal 0.0 -1.0 0.0
outer loop
vertex 9545.84039733887 17119.8828125 2144.02313232422
vertex 9548.83282592773 17119.8828125 2154.49650878906
vertex 9545.84039733887 17119.8828125 2148.51181640625
endloop
endfacet
facet normal 0.0 -1.0 0.0
outer loop
vertex 9545.84039733887 17119.8828125 2148.51181640625
vertex 9548.83282592773 17119.8828125 2154.49650878906
vertex 9545.84039733887 17119.8828125 2154.49650878906
endloop
endfacet
facet normal 1.0 0.0 0.0
outer loop
vertex 9548.83282592773 17124.371496582 2072.20682373047
vertex 9548.83282592773 17119.8828125 2154.49650878906
vertex 9548.83282592773 17119.8828125 2072.20682373047
endloop
endfacet
facet normal 1.0 0.0 0.0
outer loop
vertex 9548.83282592773 17119.8828125 2154.49650878906
vertex 9548.83282592773 17124.371496582 2072.20682373047
vertex 9548.83282592773 17124.371496582 2154.49650878906
endloop
endfacet
facet normal -0.000340398673208091 0.867756673176191 0.496989175221083
outer loop
vertex 9545.87803843367 17117.508617807 2172.10153271575
vertex 9548.83282592773 17119.8828125 2167.96206665039
vertex 9545.84039733887 17119.8828125 2167.96206665039
endloop
endfacet
facet normal -0.000340398673208091 0.867756673176191 0.496989175221083
outer loop
vertex 9548.83282592773 17119.8828125 2167.96206665039
vertex 9545.87803843367 17117.508617807 2172.10153271575
vertex 9548.83282592773 17025.6234130859 2332.5416015625
endloop
endfacet
facet normal -0.0175986014832737 0.867641638455628 0.496878532886929
outer loop
vertex 9548.83282592773 17025.6234130859 2332.5416015625
vertex 9545.87803843367 17117.508617807 2172.10153271575
vertex 9545.89288170278 17116.575910881 2173.73589565674
endloop
endfacet
facet normal -0.0177768828250718 0.867639101038503 0.496876617266421
outer loop
vertex 9545.84039733887 17112.152557373 2181.42762451172
vertex 9548.83282592773 17025.6234130859 2332.5416015625
vertex 9545.89288170278 17116.575910881 2173.73589565674
endloop
endfacet
facet normal -0.0175986014832737 0.867641638455628 0.496878532886929
outer loop
vertex 9548.83282592773 17025.6234130859 2332.5416015625
vertex 9545.84039733887 17112.152557373 2181.42762451172
vertex 9545.84039733887 17111.8167296571 2182.01261264804
endloop
endfacet
facet normal -0.0175986014832737 0.867641638455628 0.496878532886929
outer loop
vertex 9548.83282592773 17025.6234130859 2332.5416015625
vertex 9545.84039733887 17111.8167296571 2182.01261264804
vertex 9545.84039733887 17097.4397216797 2206.86256713867
endloop
endfacet
facet normal -0.0175986014832737 0.867641638455628 0.496878532886929
outer loop
vertex 9548.83282592773 17025.6234130859 2332.5416015625
vertex 9545.84039733887 17097.4397216797 2206.86256713867
vertex 9545.84039733887 17082.1526991837 2233.68525632921
endloop
endfacet
facet normal -0.0175986014832737 0.867641638455628 0.496878532886929
outer loop
vertex 9548.83282592773 17025.6234130859 2332.5416015625
vertex 9545.84039733887 17082.1526991837 2233.68525632921
vertex 9545.84039733887 17081.5679826652 2234.70379116206
endloop
endfacet
facet normal -0.0175986014832737 0.867641638455628 0.496878532886929
outer loop
vertex 9548.83282592773 17025.6234130859 2332.5416015625
vertex 9545.84039733887 17081.5679826652 2234.70379116206
vertex 9545.84039733887 17076.1706467365 2244.10556872959
endloop
endfacet
facet normal -0.0175986014832737 0.867641638455628 0.496878532886929
outer loop
vertex 9548.83282592773 17025.6234130859 2332.5416015625
vertex 9545.84039733887 17076.1706467365 2244.10556872959
vertex 9545.84039733887 17073.5012817383 2248.75541381836
endloop
endfacet
facet normal -0.0175986014832737 0.867641638455628 0.496878532886929
outer loop
vertex 9548.83282592773 17025.6234130859 2332.5416015625
vertex 9545.84039733887 17073.5012817383 2248.75541381836
vertex 9545.84039733887 17067.5162597656 2259.2287902832
endloop
endfacet
facet normal -0.0175986014832737 0.867641638455628 0.496878532886929
outer loop
vertex 9548.83282592773 17025.6234130859 2332.5416015625
vertex 9545.84039733887 17067.5162597656 2259.2287902832
vertex 9545.84039733887 17037.5927978516 2311.59484863281
endloop
endfacet
facet normal -0.0175986014832737 0.867641638455628 0.496878532886929
outer loop
vertex 9548.83282592773 17025.6234130859 2332.5416015625
vertex 9545.84039733887 17037.5927978516 2311.59484863281
vertex 9545.84039733887 17025.6234130859 2332.5416015625
endloop
endfacet
facet normal -0.99999884586735 0.00140588284106921 0.000575983859441671
outer loop
vertex 9545.84039733887 17076.1706467365 2244.10556872959
vertex 9545.84039733887 17112.6892295254 2171.14580399295
vertex 9545.84039733887 17071.7867753232 2241.91363302291
endloop
endfacet
facet normal -0.99999884586735 0.00140588284106921 0.000575983859441671
outer loop
vertex 9545.84039733887 17112.6892295254 2171.14580399295
vertex 9545.84039733887 17076.1706467365 2244.10556872959
vertex 9545.84039733887 17081.5679826652 2234.70379116206
endloop
endfacet
facet normal -0.99999884586735 0.00140588284106921 0.000575983859441671
outer loop
vertex 9545.84039733887 17112.6892295254 2171.14580399295
vertex 9545.84039733887 17081.5679826652 2234.70379116206
vertex 9545.84039733887 17082.1526991837 2233.68525632921
endloop
endfacet
facet normal -0.99999884586735 0.00140588284106921 0.000575983859441671
outer loop
vertex 9545.84039733887 17112.6892295254 2171.14580399295
vertex 9545.84039733887 17082.1526991837 2233.68525632921
vertex 9545.84039733887 17097.4397216797 2206.86256713867
endloop
endfacet
facet normal -0.99999884586735 0.00140588284106921 0.000575983859441671
outer loop
vertex 9545.84039733887 17112.6892295254 2171.14580399295
vertex 9545.84039733887 17097.4397216797 2206.86256713867
vertex 9545.84039733887 17111.8167296571 2182.01261264804
endloop
endfacet
facet normal -0.99999884586735 0.00140588284106921 0.000575983859441671
outer loop
vertex 9545.84039733887 17112.6892295254 2171.14580399295
vertex 9545.84039733887 17111.8167296571 2182.01261264804
vertex 9545.84039733887 17112.152557373 2181.42762451172
endloop
endfacet
facet normal -0.99999884586735 0.00140588284106921 0.000575983859441671
outer loop
vertex 9545.84039733887 17112.6892295254 2171.14580399295
vertex 9545.84039733887 17112.152557373 2181.42762451172
vertex 9545.89288170278 17116.575910881 2173.73589565674
endloop
endfacet
facet normal 3.1588354459269e-017 -0.554714295825203 0.832040894431967
outer loop
vertex 9548.83282592773 17021.1350585937 2329.54925537109
vertex 9545.84039733887 17025.6234130859 2332.5416015625
vertex 9545.84039733887 17021.1350585937 2329.54925537109
endloop
endfacet
facet normal 3.1588354459269e-017 -0.554714295825203 0.832040894431967
outer loop
vertex 9545.84039733887 17025.6234130859 2332.5416015625
vertex 9548.83282592773 17021.1350585937 2329.54925537109
vertex 9548.83282592773 17025.6234130859 2332.5416015625
endloop
endfacet
facet normal 0.0 0.316217317138163 -0.948686780946136
outer loop
vertex 9548.83282592773 17119.8828125 2167.96206665039
vertex 9545.84039733887 17115.394128418 2166.46589355469
vertex 9545.84039733887 17119.8828125 2167.96206665039
endloop
endfacet
facet normal 0.0 0.316217317138163 -0.948686780946136
outer loop
vertex 9545.84039733887 17115.394128418 2166.46589355469
vertex 9548.83282592773 17119.8828125 2167.96206665039
vertex 9548.83282592773 17115.394128418 2166.46589355469
endloop
endfacet
facet normal 2.19537642033602e-015 0.707067840372107 0.707145719856611
outer loop
vertex 9545.84039733887 17110.9054443359 2182.92379760742
vertex 9518.90919921875 17111.7217702648 2182.10756158228
vertex 9518.90919921875 17110.9054443359 2182.92379760742
endloop
endfacet
facet normal 2.19537642033602e-015 0.707067840372107 0.707145719856611
outer loop
vertex 9518.90919921875 17111.7217702648 2182.10756158228
vertex 9545.84039733887 17110.9054443359 2182.92379760742
vertex 9518.90919921875 17112.4017822266 2181.42762451172
endloop
endfacet
facet normal 2.19537642033602e-015 0.707067840372107 0.707145719856611
outer loop
vertex 9518.90919921875 17112.4017822266 2181.42762451172
vertex 9545.84039733887 17110.9054443359 2182.92379760742
vertex 9545.84039733887 17112.4017822266 2181.42762451172
endloop
endfacet
facet normal 2.19537642033602e-015 0.707067840372107 0.707145719856611
outer loop
vertex 9545.84039733887 17112.4017822266 2181.42762451172
vertex 9545.84039733887 17110.9054443359 2182.92379760742
vertex 9545.84039733887 17111.8167296571 2182.01261264804
endloop
endfacet
facet normal 0.0 0.0 -1.0
outer loop
vertex 9545.84039733887 17112.4017822266 2181.42762451172
vertex 9518.90919921875 17112.114050293 2181.42762451172
vertex 9518.90919921875 17112.4017822266 2181.42762451172
endloop
endfacet
facet normal 0.0 0.0 -1.0
outer loop
vertex 9518.90919921875 17112.114050293 2181.42762451172
vertex 9545.84039733887 17112.4017822266 2181.42762451172
vertex 9518.90919921875 17107.9134277344 2181.42762451172
endloop
endfacet
facet normal 0.0 0.0 -1.0
outer loop
vertex 9518.90919921875 17107.9134277344 2181.42762451172
vertex 9545.84039733887 17112.4017822266 2181.42762451172
vertex 9545.84039733887 17107.9134277344 2181.42762451172
endloop
endfacet
facet normal 0.0 0.0 -1.0
outer loop
vertex 9545.84039733887 17107.9134277344 2181.42762451172
vertex 9545.84039733887 17112.4017822266 2181.42762451172
vertex 9545.84039733887 17112.152557373 2181.42762451172
endloop
endfacet
facet normal 0.0 -0.447253004957206 0.894407485186003
outer loop
vertex 9545.84039733887 17107.9134277344 2181.42762451172
vertex 9518.90919921875 17110.9054443359 2182.92379760742
vertex 9518.90919921875 17107.9134277344 2181.42762451172
endloop
endfacet
facet normal 0.0 -0.447253004957206 0.894407485186003
outer loop
vertex 9518.90919921875 17110.9054443359 2182.92379760742
vertex 9545.84039733887 17107.9134277344 2181.42762451172
vertex 9545.84039733887 17110.9054443359 2182.92379760742
endloop
endfacet
facet normal 2.3165194889304e-028 0.707262548728221 0.706950979323504
outer loop
vertex 9518.90919921875 17095.9440429687 2208.3589050293
vertex 9545.84039733887 17097.4397216797 2206.86256713867
vertex 9518.90919921875 17097.4397216797 2206.86256713867
endloop
endfacet
facet normal 2.3165194889304e-028 0.707262548728221 0.706950979323504
outer loop
vertex 9545.84039733887 17097.4397216797 2206.86256713867
vertex 9518.90919921875 17095.9440429687 2208.3589050293
vertex 9545.84039733887 17095.9440429687 2208.3589050293
endloop
endfacet
facet normal 0.0 0.0 -1.0
outer loop
vertex 9545.84039733887 17097.4397216797 2206.86256713867
vertex 9518.90919921875 17092.9513671875 2206.86256713867
vertex 9518.90919921875 17097.4397216797 2206.86256713867
endloop
endfacet
facet normal 0.0 0.0 -1.0
outer loop
vertex 9518.90919921875 17092.9513671875 2206.86256713867
vertex 9545.84039733887 17097.4397216797 2206.86256713867
vertex 9545.84039733887 17092.9513671875 2206.86256713867
endloop
endfacet
facet normal -3.66031975711647e-029 -0.4472135954999 0.894427190999945
outer loop
vertex 9545.84039733887 17092.9513671875 2206.86256713867
vertex 9518.90919921875 17095.9440429687 2208.3589050293
vertex 9518.90919921875 17092.9513671875 2206.86256713867
endloop
endfacet
facet normal -3.66031975711647e-029 -0.4472135954999 0.894427190999945
outer loop
vertex 9518.90919921875 17095.9440429687 2208.3589050293
vertex 9545.84039733887 17092.9513671875 2206.86256713867
vertex 9545.84039733887 17095.9440429687 2208.3589050293
endloop
endfacet
facet normal -2.50489626996686e-015 0.707145724145719 0.707067836082527
outer loop
vertex 9518.90919921875 17081.4809082361 2234.79087518295
vertex 9545.84039733887 17082.4779907227 2233.79368286133
vertex 9518.90919921875 17082.4779907227 2233.79368286133
endloop
endfacet
facet normal -2.50489626996686e-015 0.707145724145719 0.707067836082527
outer loop
vertex 9545.84039733887 17082.4779907227 2233.79368286133
vertex 9518.90919921875 17081.4809082361 2234.79087518295
vertex 9545.84039733887 17081.5679826652 2234.70379116206
endloop
endfacet
facet normal -2.50489626996686e-015 0.707145724145719 0.707067836082527
outer loop
vertex 9545.84039733887 17081.5679826652 2234.70379116206
vertex 9518.90919921875 17081.4809082361 2234.79087518295
vertex 9545.84039733887 17080.9819824219 2235.28985595703
endloop
endfacet
facet normal -2.50489626996686e-015 0.707145724145719 0.707067836082527
outer loop
vertex 9545.84039733887 17080.9819824219 2235.28985595703
vertex 9518.90919921875 17081.4809082361 2234.79087518295
vertex 9518.90919921875 17080.9819824219 2235.28985595703
endloop
endfacet
facet normal -3.10773610740192e-015 0.316217317138197 -0.948686780946125
outer loop
vertex 9545.84039733887 17082.4779907227 2233.79368286133
vertex 9518.90919921875 17082.1190842593 2233.67405176578
vertex 9518.90919921875 17082.4779907227 2233.79368286133
endloop
endfacet
facet normal -3.10773610740192e-015 0.316217317138197 -0.948686780946125
outer loop
vertex 9518.90919921875 17082.1190842593 2233.67405176578
vertex 9545.84039733887 17082.4779907227 2233.79368286133
vertex 9518.90919921875 17077.9893066406 2232.29750976562
endloop
endfacet
facet normal -3.10773610740192e-015 0.316217317138197 -0.948686780946125
outer loop
vertex 9518.90919921875 17077.9893066406 2232.29750976562
vertex 9545.84039733887 17082.4779907227 2233.79368286133
vertex 9545.84039733887 17077.9893066406 2232.29750976562
endloop
endfacet
facet normal -3.10773610740192e-015 0.316217317138197 -0.948686780946125
outer loop
vertex 9545.84039733887 17077.9893066406 2232.29750976562
vertex 9545.84039733887 17082.4779907227 2233.79368286133
vertex 9545.84039733887 17082.1526991837 2233.68525632921
endloop
endfacet
facet normal -5.78715497868897e-029 -0.707067840372049 0.70714571985667
outer loop
vertex 9545.84039733887 17077.9893066406 2232.29750976562
vertex 9518.90919921875 17080.9819824219 2235.28985595703
vertex 9518.90919921875 17077.9893066406 2232.29750976562
endloop
endfacet
facet normal -5.78715497868897e-029 -0.707067840372049 0.70714571985667
outer loop
vertex 9518.90919921875 17080.9819824219 2235.28985595703
vertex 9545.84039733887 17077.9893066406 2232.29750976562
vertex 9545.84039733887 17080.9819824219 2235.28985595703
endloop
endfacet
facet normal 5.78619850328409e-029 0.707262548728221 0.706950979323504
outer loop
vertex 9518.90919921875 17066.0205810547 2260.72512817383
vertex 9545.84039733887 17067.5162597656 2259.2287902832
vertex 9518.90919921875 17067.5162597656 2259.2287902832
endloop
endfacet
facet normal 5.78619850328409e-029 0.707262548728221 0.706950979323504
outer loop
vertex 9545.84039733887 17067.5162597656 2259.2287902832
vertex 9518.90919921875 17066.0205810547 2260.72512817383
vertex 9545.84039733887 17066.0205810547 2260.72512817383
endloop
endfacet
facet normal 0.0 0.0 -1.0
outer loop
vertex 9545.84039733887 17067.5162597656 2259.2287902832
vertex 9518.90919921875 17063.0282348633 2259.2287902832
vertex 9518.90919921875 17067.5162597656 2259.2287902832
endloop
endfacet
facet normal 0.0 0.0 -1.0
outer loop
vertex 9518.90919921875 17063.0282348633 2259.2287902832
vertex 9545.84039733887 17067.5162597656 2259.2287902832
vertex 9545.84039733887 17063.0282348633 2259.2287902832
endloop
endfacet
facet normal -7.32047824535264e-029 -0.447253000616623 0.894407487356533
outer loop
vertex 9545.84039733887 17063.0282348633 2259.2287902832
vertex 9518.90919921875 17066.0205810547 2260.72512817383
vertex 9518.90919921875 17063.0282348633 2259.2287902832
endloop
endfacet
facet normal -7.32047824535264e-029 -0.447253000616623 0.894407487356533
outer loop
vertex 9518.90919921875 17066.0205810547 2260.72512817383
vertex 9545.84039733887 17063.0282348633 2259.2287902832
vertex 9545.84039733887 17066.0205810547 2260.72512817383
endloop
endfacet
facet normal 5.78747369850099e-029 0.707106781186432 0.707106781186663
outer loop
vertex 9545.84039733887 17051.0585205078 2286.16007080078
vertex 9518.90919921875 17052.5548583984 2284.66373291016
vertex 9518.90919921875 17051.0585205078 2286.16007080078
endloop
endfacet
facet normal 5.78747369850099e-029 0.707106781186432 0.707106781186663
outer loop
vertex 9518.90919921875 17052.5548583984 2284.66373291016
vertex 9545.84039733887 17051.0585205078 2286.16007080078
vertex 9545.84039733887 17052.5548583984 2284.66373291016
endloop
endfacet
facet normal 0.0 0.0 -1.0
outer loop
vertex 9545.84039733887 17052.5548583984 2284.66373291016
vertex 9518.90919921875 17048.0658447266 2284.66373291016
vertex 9518.90919921875 17052.5548583984 2284.66373291016
endloop
endfacet
facet normal 0.0 0.0 -1.0
outer loop
vertex 9518.90919921875 17048.0658447266 2284.66373291016
vertex 9545.84039733887 17052.5548583984 2284.66373291016
vertex 9545.84039733887 17048.0658447266 2284.66373291016
endloop
endfacet
facet normal -1.4641279028463e-028 -0.447213595499958 0.894427190999916
outer loop
vertex 9545.84039733887 17048.0658447266 2284.66373291016
vertex 9518.90919921875 17051.0585205078 2286.16007080078
vertex 9518.90919921875 17048.0658447266 2284.66373291016
endloop
endfacet
facet normal -1.4641279028463e-028 -0.447213595499958 0.894427190999916
outer loop
vertex 9518.90919921875 17051.0585205078 2286.16007080078
vertex 9545.84039733887 17048.0658447266 2284.66373291016
vertex 9545.84039733887 17051.0585205078 2286.16007080078
endloop
endfacet
facet normal -5.79129872232606e-029 0.707262548728221 0.706950979323504
outer loop
vertex 9518.90919921875 17036.0971191406 2313.09118652344
vertex 9545.84039733887 17037.5927978516 2311.59484863281
vertex 9518.90919921875 17037.5927978516 2311.59484863281
endloop
endfacet
facet normal -5.79129872232606e-029 0.707262548728221 0.706950979323504
outer loop
vertex 9545.84039733887 17037.5927978516 2311.59484863281
vertex 9518.90919921875 17036.0971191406 2313.09118652344
vertex 9545.84039733887 17036.0971191406 2313.09118652344
endloop
endfacet
facet normal 1.77850532038451e-018 0.316206866609874 -0.948690264263719
outer loop
vertex 9545.84039733887 17037.5927978516 2311.59484863281
vertex 9518.90919921875 17033.1044433594 2310.09884033203
vertex 9518.90919921875 17037.5927978516 2311.59484863281
endloop
endfacet
facet normal 1.77850532038451e-018 0.316206866609874 -0.948690264263719
outer loop
vertex 9518.90919921875 17033.1044433594 2310.09884033203
vertex 9545.84039733887 17037.5927978516 2311.59484863281
vertex 9545.84039733887 17033.1044433594 2310.09884033203
endloop
endfacet
facet normal 5.78715497868897e-029 -0.707067840372049 0.70714571985667
outer loop
vertex 9545.84039733887 17033.1044433594 2310.09884033203
vertex 9518.90919921875 17036.0971191406 2313.09118652344
vertex 9518.90919921875 17033.1044433594 2310.09884033203
endloop
endfacet
facet normal 5.78715497868897e-029 -0.707067840372049 0.70714571985667
outer loop
vertex 9518.90919921875 17036.0971191406 2313.09118652344
vertex 9545.84039733887 17033.1044433594 2310.09884033203
vertex 9545.84039733887 17036.0971191406 2313.09118652344
endloop
endfacet
facet normal -1.43744310046246e-014 -0.865788881354261 -0.500409445277902
outer loop
vertex 9548.83282592773 17021.1350585937 2329.54925537109
vertex 9545.84039733887 17115.394128418 2166.46589355469
vertex 9548.83282592773 17115.394128418 2166.46589355469
endloop
endfacet
facet normal -1.43744310046246e-014 -0.865788881354261 -0.500409445277902
outer loop
vertex 9545.84039733887 17115.394128418 2166.46589355469
vertex 9548.83282592773 17021.1350585937 2329.54925537109
vertex 9545.84039733887 17114.8122945221 2167.47255984081
endloop
endfacet
facet normal -1.43744310046246e-014 -0.865788881354261 -0.500409445277902
outer loop
vertex 9545.84039733887 17114.8122945221 2167.47255984081
vertex 9548.83282592773 17021.1350585937 2329.54925537109
vertex 9545.84039733887 17112.6892295254 2171.14580399295
endloop
endfacet
facet normal -1.43744310046246e-014 -0.865788881354261 -0.500409445277902
outer loop
vertex 9545.84039733887 17112.6892295254 2171.14580399295
vertex 9548.83282592773 17021.1350585937 2329.54925537109
vertex 9545.84039733887 17071.7867753232 2241.91363302291
endloop
endfacet
facet normal -1.43744310046246e-014 -0.865788881354261 -0.500409445277902
outer loop
vertex 9545.84039733887 17071.7867753232 2241.91363302291
vertex 9548.83282592773 17021.1350585937 2329.54925537109
vertex 9545.84039733887 17069.4091353243 2246.02733290279
endloop
endfacet
facet normal -1.43744310046246e-014 -0.865788881354261 -0.500409445277902
outer loop
vertex 9545.84039733887 17069.4091353243 2246.02733290279
vertex 9548.83282592773 17021.1350585937 2329.54925537109
vertex 9545.84039733887 17030.9538447122 2312.5611750502
endloop
endfacet
facet normal -1.43744310046246e-014 -0.865788881354261 -0.500409445277902
outer loop
vertex 9545.84039733887 17030.9538447122 2312.5611750502
vertex 9548.83282592773 17021.1350585937 2329.54925537109
vertex 9545.84039733887 17028.7118164921 2316.44024472588
endloop
endfacet
facet normal -1.43744310046246e-014 -0.865788881354261 -0.500409445277902
outer loop
vertex 9545.84039733887 17028.7118164921 2316.44024472588
vertex 9548.83282592773 17021.1350585937 2329.54925537109
vertex 9545.84039733887 17021.1350585937 2329.54925537109
endloop
endfacet
facet normal 1.0 0.0 0.0
outer loop
vertex 9548.83282592773 17115.394128418 2166.46589355469
vertex 9548.83282592773 17025.6234130859 2332.5416015625
vertex 9548.83282592773 17021.1350585937 2329.54925537109
endloop
endfacet
facet normal 1.0 0.0 0.0
outer loop
vertex 9548.83282592773 17025.6234130859 2332.5416015625
vertex 9548.83282592773 17115.394128418 2166.46589355469
vertex 9548.83282592773 17119.8828125 2167.96206665039
endloop
endfacet
facet normal 0.00020236065660281 0.867756665127586 0.496989264649464
outer loop
vertex 9518.90919921875 17025.6234130859 2332.5416015625
vertex 9518.90919921875 17119.8828125 2167.96206665039
vertex 9515.9169354248 17119.8828125 2167.96206665039
endloop
endfacet
facet normal 0.0201282202436852 0.867570575689407 0.496906581711063
outer loop
vertex 9518.90919921875 17119.8828125 2167.96206665039
vertex 9518.90919921875 17025.6234130859 2332.5416015625
vertex 9518.90919921875 17117.5202655017 2172.05705790616
endloop
endfacet
facet normal 0.0201282202436852 0.867570575689407 0.496906581711063
outer loop
vertex 9518.90919921875 17117.5202655017 2172.05705790616
vertex 9518.90919921875 17025.6234130859 2332.5416015625
vertex 9518.90919921875 17116.557998037 2173.72495143643
endloop
endfacet
facet normal 0.0201282202436852 0.867570575689407 0.496906581711063
outer loop
vertex 9518.90919921875 17116.557998037 2173.72495143643
vertex 9518.90919921875 17025.6234130859 2332.5416015625
vertex 9518.90919921875 17112.114050293 2181.42762451172
endloop
endfacet
facet normal 0.0201282202436852 0.867570575689407 0.496906581711063
outer loop
vertex 9518.90919921875 17112.114050293 2181.42762451172
vertex 9518.90919921875 17025.6234130859 2332.5416015625
vertex 9518.90919921875 17111.7217702648 2182.10756158228
endloop
endfacet
facet normal 0.0201282202436852 0.867570575689407 0.496906581711063
outer loop
vertex 9518.90919921875 17111.7217702648 2182.10756158228
vertex 9518.90919921875 17025.6234130859 2332.5416015625
vertex 9518.90919921875 17097.4397216797 2206.86256713867
endloop
endfacet
facet normal 0.0201282202436852 0.867570575689407 0.496906581711063
outer loop
vertex 9518.90919921875 17097.4397216797 2206.86256713867
vertex 9518.90919921875 17025.6234130859 2332.5416015625
vertex 9518.90919921875 17082.1190842593 2233.67405176578
endloop
endfacet
facet normal 0.0201282202436852 0.867570575689407 0.496906581711063
outer loop
vertex 9518.90919921875 17082.1190842593 2233.67405176578
vertex 9518.90919921875 17025.6234130859 2332.5416015625
vertex 9518.90919921875 17081.4809082361 2234.79087518295
endloop
endfacet
facet normal 0.0201282202436852 0.867570575689407 0.496906581711063
outer loop
vertex 9518.90919921875 17081.4809082361 2234.79087518295
vertex 9518.90919921875 17025.6234130859 2332.5416015625
vertex 9518.90919921875 17076.161043295 2244.10076700881
endloop
endfacet
facet normal 0.0201282202436852 0.867570575689407 0.496906581711063
outer loop
vertex 9518.90919921875 17076.161043295 2244.10076700881
vertex 9518.90919921875 17025.6234130859 2332.5416015625
vertex 9518.90919921875 17073.5012817383 2248.75541381836
endloop
endfacet
facet normal 0.0201282202436852 0.867570575689407 0.496906581711063
outer loop
vertex 9518.90919921875 17073.5012817383 2248.75541381836
vertex 9518.90919921875 17025.6234130859 2332.5416015625
vertex 9518.90919921875 17067.5162597656 2259.2287902832
endloop
endfacet
facet normal 0.0201282202436852 0.867570575689407 0.496906581711063
outer loop
vertex 9518.90919921875 17067.5162597656 2259.2287902832
vertex 9518.90919921875 17025.6234130859 2332.5416015625
vertex 9518.90919921875 17037.5927978516 2311.59484863281
endloop
endfacet
facet normal 0.00020236065660281 0.867756665127586 0.496989264649464
outer loop
vertex 9518.90919921875 17025.6234130859 2332.5416015625
vertex 9515.9169354248 17119.8828125 2167.96206665039
vertex 9515.9169354248 17025.6234130859 2332.5416015625
endloop
endfacet
facet normal -1.0 0.0 0.0
outer loop
vertex 9515.9169354248 17025.6234130859 2332.5416015625
vertex 9515.9169354248 17115.394128418 2166.46589355469
vertex 9515.9169354248 17021.1350585937 2329.54925537109
endloop
endfacet
facet normal -1.0 0.0 0.0
outer loop
vertex 9515.9169354248 17115.394128418 2166.46589355469
vertex 9515.9169354248 17025.6234130859 2332.5416015625
vertex 9515.9169354248 17119.8828125 2167.96206665039
endloop
endfacet
facet normal 0.0 -0.554714295825203 0.832040894431967
outer loop
vertex 9518.90919921875 17021.1350585937 2329.54925537109
vertex 9515.9169354248 17025.6234130859 2332.5416015625
vertex 9515.9169354248 17021.1350585937 2329.54925537109
endloop
endfacet
facet normal 0.0 -0.554714295825203 0.832040894431967
outer loop
vertex 9515.9169354248 17025.6234130859 2332.5416015625
vertex 9518.90919921875 17021.1350585937 2329.54925537109
vertex 9518.90919921875 17025.6234130859 2332.5416015625
endloop
endfacet
facet normal 0.0 0.316217317138163 -0.948686780946136
outer loop
vertex 9518.90919921875 17119.8828125 2167.96206665039
vertex 9515.9169354248 17115.394128418 2166.46589355469
vertex 9515.9169354248 17119.8828125 2167.96206665039
endloop
endfacet
facet normal 0.0 0.316217317138163 -0.948686780946136
outer loop
vertex 9515.9169354248 17115.394128418 2166.46589355469
vertex 9518.90919921875 17119.8828125 2167.96206665039
vertex 9518.90919921875 17115.394128418 2166.46589355469
endloop
endfacet
facet normal 1.46674200496544e-014 -0.865788881354261 -0.500409445277903
outer loop
vertex 9518.90919921875 17114.8122945221 2167.47255984081
vertex 9515.9169354248 17115.394128418 2166.46589355469
vertex 9518.90919921875 17115.394128418 2166.46589355469
endloop
endfacet
facet normal 1.46674200496544e-014 -0.865788881354261 -0.500409445277903
outer loop
vertex 9515.9169354248 17115.394128418 2166.46589355469
vertex 9518.90919921875 17114.8122945221 2167.47255984081
vertex 9515.9169354248 17021.1350585937 2329.54925537109
endloop
endfacet
facet normal 1.46674200496544e-014 -0.865788881354261 -0.500409445277903
outer loop
vertex 9515.9169354248 17021.1350585937 2329.54925537109
vertex 9518.90919921875 17114.8122945221 2167.47255984081
vertex 9518.90919921875 17112.6892295254 2171.14580399295
endloop
endfacet
facet normal 1.46674200496544e-014 -0.865788881354261 -0.500409445277903
outer loop
vertex 9515.9169354248 17021.1350585937 2329.54925537109
vertex 9518.90919921875 17112.6892295254 2171.14580399295
vertex 9518.90919921875 17071.7867753232 2241.91363302291
endloop
endfacet
facet normal 1.46674200496544e-014 -0.865788881354261 -0.500409445277903
outer loop
vertex 9515.9169354248 17021.1350585937 2329.54925537109
vertex 9518.90919921875 17071.7867753232 2241.91363302291
vertex 9518.90919921875 17069.4091353243 2246.02733290279
endloop
endfacet
facet normal 1.46674200496544e-014 -0.865788881354261 -0.500409445277903
outer loop
vertex 9515.9169354248 17021.1350585937 2329.54925537109
vertex 9518.90919921875 17069.4091353243 2246.02733290279
vertex 9518.90919921875 17030.9538447122 2312.5611750502
endloop
endfacet
facet normal 1.46674200496544e-014 -0.865788881354261 -0.500409445277903
outer loop
vertex 9515.9169354248 17021.1350585937 2329.54925537109
vertex 9518.90919921875 17030.9538447122 2312.5611750502
vertex 9518.90919921875 17028.7118164921 2316.44024472588
endloop
endfacet
facet normal 1.46674200496544e-014 -0.865788881354261 -0.500409445277903
outer loop
vertex 9515.9169354248 17021.1350585937 2329.54925537109
vertex 9518.90919921875 17028.7118164921 2316.44024472588
vertex 9518.90919921875 17021.1350585937 2329.54925537109
endloop
endfacet
facet normal 1.0 0.0 0.0
outer loop
vertex 9518.90919921875 17071.7867753232 2241.91363302291
vertex 9518.90919921875 17077.9893066406 2232.29750976562
vertex 9518.90919921875 17076.161043295 2244.10076700881
endloop
endfacet
facet normal 1.0 0.0 0.0
outer loop
vertex 9518.90919921875 17077.9893066406 2232.29750976562
vertex 9518.90919921875 17071.7867753232 2241.91363302291
vertex 9518.90919921875 17112.6892295254 2171.14580399295
endloop
endfacet
facet normal 1.0 0.0 0.0
outer loop
vertex 9518.90919921875 17077.9893066406 2232.29750976562
vertex 9518.90919921875 17112.6892295254 2171.14580399295
vertex 9518.90919921875 17082.1190842593 2233.67405176578
endloop
endfacet
facet normal 1.0 0.0 0.0
outer loop
vertex 9518.90919921875 17082.1190842593 2233.67405176578
vertex 9518.90919921875 17112.6892295254 2171.14580399295
vertex 9518.90919921875 17107.9134277344 2181.42762451172
endloop
endfacet
facet normal 1.0 0.0 0.0
outer loop
vertex 9518.90919921875 17082.1190842593 2233.67405176578
vertex 9518.90919921875 17107.9134277344 2181.42762451172
vertex 9518.90919921875 17097.4397216797 2206.86256713867
endloop
endfacet
facet normal 1.0 0.0 0.0
outer loop
vertex 9518.90919921875 17107.9134277344 2181.42762451172
vertex 9518.90919921875 17112.6892295254 2171.14580399295
vertex 9518.90919921875 17112.114050293 2181.42762451172
endloop
endfacet
facet normal 1.0 0.0 0.0
outer loop
vertex 9518.90919921875 17112.114050293 2181.42762451172
vertex 9518.90919921875 17112.6892295254 2171.14580399295
vertex 9518.90919921875 17116.557998037 2173.72495143643
endloop
endfacet
facet normal 1.0 0.0 0.0
outer loop
vertex 9518.90919921875 17097.4397216797 2206.86256713867
vertex 9518.90919921875 17110.9054443359 2182.92379760742
vertex 9518.90919921875 17111.7217702648 2182.10756158228
endloop
endfacet
facet normal 1.0 0.0 0.0
outer loop
vertex 9518.90919921875 17110.9054443359 2182.92379760742
vertex 9518.90919921875 17097.4397216797 2206.86256713867
vertex 9518.90919921875 17107.9134277344 2181.42762451172
endloop
endfacet
facet normal 1.0 0.0 0.0
outer loop
vertex 9518.90919921875 17076.161043295 2244.10076700881
vertex 9518.90919921875 17080.9819824219 2235.28985595703
vertex 9518.90919921875 17081.4809082361 2234.79087518295
endloop
endfacet
facet normal 1.0 0.0 0.0
outer loop
vertex 9518.90919921875 17080.9819824219 2235.28985595703
vertex 9518.90919921875 17076.161043295 2244.10076700881
vertex 9518.90919921875 17077.9893066406 2232.29750976562
endloop
endfacet
facet normal 0.0 0.0 -1.0
outer loop
vertex 9518.90919921875 17124.371496582 2072.20682373047
vertex 9515.9169354248 17119.8828125 2072.20682373047
vertex 9515.9169354248 17124.371496582 2072.20682373047
endloop
endfacet
facet normal 0.0 0.0 -1.0
outer loop
vertex 9515.9169354248 17119.8828125 2072.20682373047
vertex 9518.90919921875 17124.371496582 2072.20682373047
vertex 9518.90919921875 17119.8828125 2072.20682373047
endloop
endfacet
facet normal 0.0 1.0 0.0
outer loop
vertex 9515.9169354248 17124.371496582 2154.49650878906
vertex 9518.90919921875 17124.371496582 2072.20682373047
vertex 9515.9169354248 17124.371496582 2072.20682373047
endloop
endfacet
facet normal 0.0 1.0 0.0
outer loop
vertex 9518.90919921875 17124.371496582 2072.20682373047
vertex 9515.9169354248 17124.371496582 2154.49650878906
vertex 9518.90919921875 17124.371496582 2079.68752441406
endloop
endfacet
facet normal 0.0 1.0 0.0
outer loop
vertex 9518.90919921875 17124.371496582 2079.68752441406
vertex 9515.9169354248 17124.371496582 2154.49650878906
vertex 9518.90919921875 17124.371496582 2081.18386230469
endloop
endfacet
facet normal 0.0 1.0 0.0
outer loop
vertex 9518.90919921875 17124.371496582 2081.18386230469
vertex 9515.9169354248 17124.371496582 2154.49650878906
vertex 9518.90919921875 17124.371496582 2096.1454284668
endloop
endfacet
facet normal 0.0 1.0 0.0
outer loop
vertex 9518.90919921875 17124.371496582 2096.1454284668
vertex 9515.9169354248 17124.371496582 2154.49650878906
vertex 9518.90919921875 17124.371496582 2100.63411254883
endloop
endfacet
facet normal 0.0 1.0 0.0
outer loop
vertex 9518.90919921875 17124.371496582 2100.63411254883
vertex 9515.9169354248 17124.371496582 2154.49650878906
vertex 9518.90919921875 17124.371496582 2109.61098632813
endloop
endfacet
facet normal 0.0 1.0 0.0
outer loop
vertex 9518.90919921875 17124.371496582 2109.61098632813
vertex 9515.9169354248 17124.371496582 2154.49650878906
vertex 9518.90919921875 17124.371496582 2111.10715942383
endloop
endfacet
facet normal 0.0 1.0 0.0
outer loop
vertex 9518.90919921875 17124.371496582 2111.10715942383
vertex 9515.9169354248 17124.371496582 2154.49650878906
vertex 9518.90919921875 17124.371496582 2139.53477783203
endloop
endfacet
facet normal 0.0 1.0 0.0
outer loop
vertex 9518.90919921875 17124.371496582 2139.53477783203
vertex 9515.9169354248 17124.371496582 2154.49650878906
vertex 9518.90919921875 17124.371496582 2141.03078613281
endloop
endfacet
facet normal 0.0 1.0 0.0
outer loop
vertex 9518.90919921875 17124.371496582 2141.03078613281
vertex 9515.9169354248 17124.371496582 2154.49650878906
vertex 9518.90919921875 17124.371496582 2144.02313232422
endloop
endfacet
facet normal 0.0 1.0 0.0
outer loop
vertex 9518.90919921875 17124.371496582 2144.02313232422
vertex 9515.9169354248 17124.371496582 2154.49650878906
vertex 9518.90919921875 17124.371496582 2148.51181640625
endloop
endfacet
facet normal 0.0 1.0 0.0
outer loop
vertex 9518.90919921875 17124.371496582 2148.51181640625
vertex 9515.9169354248 17124.371496582 2154.49650878906
vertex 9518.90919921875 17124.371496582 2154.49650878906
endloop
endfacet
facet normal -1.0 0.0 0.0
outer loop
vertex 9515.9169354248 17124.371496582 2154.49650878906
vertex 9515.9169354248 17119.8828125 2072.20682373047
vertex 9515.9169354248 17119.8828125 2154.49650878906
endloop
endfacet
facet normal -1.0 0.0 0.0
outer loop
vertex 9515.9169354248 17119.8828125 2072.20682373047
vertex 9515.9169354248 17124.371496582 2154.49650878906
vertex 9515.9169354248 17124.371496582 2072.20682373047
endloop
endfacet
facet normal 0.0 0.0 1.0
outer loop
vertex 9518.90919921875 17119.8828125 2154.49650878906
vertex 9515.9169354248 17124.371496582 2154.49650878906
vertex 9515.9169354248 17119.8828125 2154.49650878906
endloop
endfacet
facet normal 0.0 0.0 1.0
outer loop
vertex 9515.9169354248 17124.371496582 2154.49650878906
vertex 9518.90919921875 17119.8828125 2154.49650878906
vertex 9518.90919921875 17124.371496582 2154.49650878906
endloop
endfacet
facet normal 0.0 -1.0 0.0
outer loop
vertex 9518.90919921875 17119.8828125 2081.18386230469
vertex 9515.9169354248 17119.8828125 2072.20682373047
vertex 9518.90919921875 17119.8828125 2072.20682373047
endloop
endfacet
facet normal 0.0 -1.0 0.0
outer loop
vertex 9515.9169354248 17119.8828125 2072.20682373047
vertex 9518.90919921875 17119.8828125 2081.18386230469
vertex 9515.9169354248 17119.8828125 2154.49650878906
endloop
endfacet
facet normal 0.0 -1.0 0.0
outer loop
vertex 9515.9169354248 17119.8828125 2154.49650878906
vertex 9518.90919921875 17119.8828125 2081.18386230469
vertex 9518.90919921875 17119.8828125 2096.1454284668
endloop
endfacet
facet normal 0.0 -1.0 0.0
outer loop
vertex 9515.9169354248 17119.8828125 2154.49650878906
vertex 9518.90919921875 17119.8828125 2096.1454284668
vertex 9518.90919921875 17119.8828125 2100.63411254883
endloop
endfacet
facet normal 0.0 -1.0 0.0
outer loop
vertex 9515.9169354248 17119.8828125 2154.49650878906
vertex 9518.90919921875 17119.8828125 2100.63411254883
vertex 9518.90919921875 17119.8828125 2111.10715942383
endloop
endfacet
facet normal 0.0 -1.0 0.0
outer loop
vertex 9515.9169354248 17119.8828125 2154.49650878906
vertex 9518.90919921875 17119.8828125 2111.10715942383
vertex 9518.90919921875 17119.8828125 2141.03078613281
endloop
endfacet
facet normal 0.0 -1.0 0.0
outer loop
vertex 9515.9169354248 17119.8828125 2154.49650878906
vertex 9518.90919921875 17119.8828125 2141.03078613281
vertex 9518.90919921875 17119.8828125 2144.02313232422
endloop
endfacet
facet normal 0.0 -1.0 0.0
outer loop
vertex 9515.9169354248 17119.8828125 2154.49650878906
vertex 9518.90919921875 17119.8828125 2144.02313232422
vertex 9518.90919921875 17119.8828125 2148.51181640625
endloop
endfacet
facet normal 0.0 -1.0 0.0
outer loop
vertex 9515.9169354248 17119.8828125 2154.49650878906
vertex 9518.90919921875 17119.8828125 2148.51181640625
vertex 9518.90919921875 17119.8828125 2154.49650878906
endloop
endfacet
facet normal 1.0 0.0 0.0
outer loop
vertex 9518.90919921875 17124.371496582 2148.51181640625
vertex 9518.90919921875 17119.8828125 2154.49650878906
vertex 9518.90919921875 17119.8828125 2148.51181640625
endloop
endfacet
facet normal 1.0 0.0 0.0
outer loop
vertex 9518.90919921875 17119.8828125 2154.49650878906
vertex 9518.90919921875 17124.371496582 2148.51181640625
vertex 9518.90919921875 17124.371496582 2154.49650878906
endloop
endfacet
facet normal -1.0 0.0 0.0
outer loop
vertex 9518.90919921875 17124.371496582 2100.63411254883
vertex 9518.90919921875 17119.8828125 2096.1454284668
vertex 9518.90919921875 17119.8828125 2100.63411254883
endloop
endfacet
facet normal -1.0 0.0 0.0
outer loop
vertex 9518.90919921875 17119.8828125 2096.1454284668
vertex 9518.90919921875 17124.371496582 2100.63411254883
vertex 9518.90919921875 17124.371496582 2096.1454284668
endloop
endfacet
facet normal 0.948686780946131 -2.62381741084414e-018 -0.316217317138178
outer loop
vertex 9518.90919921875 17119.8828125 2096.1454284668
vertex 9520.40537231445 17107.9134277344 2100.63411254883
vertex 9518.90919921875 17107.9134277344 2096.1454284668
endloop
endfacet
facet normal 0.948686780946131 -2.62381741084414e-018 -0.316217317138178
outer loop
vertex 9520.40537231445 17107.9134277344 2100.63411254883
vertex 9518.90919921875 17119.8828125 2096.1454284668
vertex 9520.40537231445 17124.371496582 2100.63411254883
endloop
endfacet
facet normal 0.948686780946131 -2.62381741084414e-018 -0.316217317138178
outer loop
vertex 9520.40537231445 17124.371496582 2100.63411254883
vertex 9518.90919921875 17119.8828125 2096.1454284668
vertex 9518.90919921875 17124.371496582 2096.1454284668
endloop
endfacet
facet normal 0.0 0.0 1.0
outer loop
vertex 9520.40537231445 17107.9134277344 2100.63411254883
vertex 9518.90919921875 17119.8828125 2100.63411254883
vertex 9518.90919921875 17107.9134277344 2100.63411254883
endloop
endfacet
facet normal 0.0 0.0 1.0
outer loop
vertex 9518.90919921875 17119.8828125 2100.63411254883
vertex 9520.40537231445 17107.9134277344 2100.63411254883
vertex 9518.90919921875 17124.371496582 2100.63411254883
endloop
endfacet
facet normal 0.0 0.0 1.0
outer loop
vertex 9518.90919921875 17124.371496582 2100.63411254883
vertex 9520.40537231445 17107.9134277344 2100.63411254883
vertex 9520.40537231445 17124.371496582 2100.63411254883
endloop
endfacet
facet normal 0.0 1.0 0.0
outer loop
vertex 9520.40537231445 17124.371496582 2100.63411254883
vertex 9518.90919921875 17124.371496582 2096.1454284668
vertex 9518.90919921875 17124.371496582 2100.63411254883
endloop
endfacet
facet normal -1.0 0.0 0.0
outer loop
vertex 9518.90919921875 17124.371496582 2148.51181640625
vertex 9518.90919921875 17119.8828125 2144.02313232422
vertex 9518.90919921875 17119.8828125 2148.51181640625
endloop
endfacet
facet normal -1.0 0.0 0.0
outer loop
vertex 9518.90919921875 17119.8828125 2144.02313232422
vertex 9518.90919921875 17124.371496582 2148.51181640625
vertex 9518.90919921875 17124.371496582 2144.02313232422
endloop
endfacet
facet normal 0.948686780946131 0.0 -0.316217317138178
outer loop
vertex 9518.90919921875 17119.8828125 2144.02313232422
vertex 9520.40537231445 17107.9134277344 2148.51181640625
vertex 9518.90919921875 17107.9134277344 2144.02313232422
endloop
endfacet
facet normal 0.948686780946131 0.0 -0.316217317138178
outer loop
vertex 9520.40537231445 17107.9134277344 2148.51181640625
vertex 9518.90919921875 17119.8828125 2144.02313232422
vertex 9520.40537231445 17124.371496582 2148.51181640625
endloop
endfacet
facet normal 0.948686780946131 0.0 -0.316217317138178
outer loop
vertex 9520.40537231445 17124.371496582 2148.51181640625
vertex 9518.90919921875 17119.8828125 2144.02313232422
vertex 9518.90919921875 17124.371496582 2144.02313232422
endloop
endfacet
facet normal 0.0 0.0 1.0
outer loop
vertex 9520.40537231445 17107.9134277344 2148.51181640625
vertex 9518.90919921875 17119.8828125 2148.51181640625
vertex 9518.90919921875 17107.9134277344 2148.51181640625
endloop
endfacet
facet normal 0.0 0.0 1.0
outer loop
vertex 9518.90919921875 17119.8828125 2148.51181640625
vertex 9520.40537231445 17107.9134277344 2148.51181640625
vertex 9518.90919921875 17124.371496582 2148.51181640625
endloop
endfacet
facet normal 0.0 0.0 1.0
outer loop
vertex 9518.90919921875 17124.371496582 2148.51181640625
vertex 9520.40537231445 17107.9134277344 2148.51181640625
vertex 9520.40537231445 17124.371496582 2148.51181640625
endloop
endfacet
facet normal 0.0 1.0 0.0
outer loop
vertex 9520.40537231445 17124.371496582 2148.51181640625
vertex 9518.90919921875 17124.371496582 2144.02313232422
vertex 9518.90919921875 17124.371496582 2148.51181640625
endloop
endfacet
facet normal -1.0 0.0 0.0
outer loop
vertex 9518.90919921875 17116.557998037 2173.72495143643
vertex 9518.90919921875 17114.8122945221 2167.47255984081
vertex 9518.90919921875 17112.6892295254 2171.14580399295
endloop
endfacet
facet normal -1.0 0.0 0.0
outer loop
vertex 9518.90919921875 17114.8122945221 2167.47255984081
vertex 9518.90919921875 17116.557998037 2173.72495143643
vertex 9518.90919921875 17118.3864746094 2169.45823974609
endloop
endfacet
facet normal -1.0 0.0 0.0
outer loop
vertex 9518.90919921875 17118.3864746094 2169.45823974609
vertex 9518.90919921875 17116.557998037 2173.72495143643
vertex 9518.90919921875 17117.5202655017 2172.05705790616
endloop
endfacet
facet normal 0.94583995041652 0.176353499033055 -0.272555006512216
outer loop
vertex 9518.90919921875 17118.3864746094 2169.45823974609
vertex 9520.40537231445 17116.8904663086 2173.94659423828
vertex 9520.40537231445 17103.4247436523 2164.96955566406
endloop
endfacet
facet normal 0.920456935186839 0.193862381078259 -0.339376498404234
outer loop
vertex 9520.40537231445 17103.4247436523 2164.96955566406
vertex 9518.90919921875 17114.8122945221 2167.47255984081
vertex 9518.90919921875 17118.3864746094 2169.45823974609
endloop
endfacet
facet normal 0.912724205663973 0.198424006849529 -0.357158841274924
outer loop
vertex 9518.90919921875 17114.8122945221 2167.47255984081
vertex 9520.40537231445 17103.4247436523 2164.96955566406
vertex 9518.90919921875 17104.921081543 2161.97737426758
endloop
endfacet
facet normal 1.11092803137687e-014 -0.554695496482449 0.832053427480525
outer loop
vertex 9520.40537231445 17103.4247436523 2164.96955566406
vertex 9518.90919921875 17112.6892295254 2171.14580399295
vertex 9518.90919921875 17103.4247436523 2164.96955566406
endloop
endfacet
facet normal 1.11092803137687e-014 -0.554695496482449 0.832053427480525
outer loop
vertex 9518.90919921875 17112.6892295254 2171.14580399295
vertex 9520.40537231445 17103.4247436523 2164.96955566406
vertex 9518.90919921875 17116.557998037 2173.72495143643
endloop
endfacet
facet normal 1.11092803137687e-014 -0.554695496482449 0.832053427480525
outer loop
vertex 9518.90919921875 17116.557998037 2173.72495143643
vertex 9520.40537231445 17103.4247436523 2164.96955566406
vertex 9518.90919921875 17116.8904663086 2173.94659423828
endloop
endfacet
facet normal 1.11092803137687e-014 -0.554695496482449 0.832053427480525
outer loop
vertex 9518.90919921875 17116.8904663086 2173.94659423828
vertex 9520.40537231445 17103.4247436523 2164.96955566406
vertex 9520.40537231445 17116.8904663086 2173.94659423828
endloop
endfacet
facet normal -1.36818411821615e-014 0.948690264263724 0.31620686660986
outer loop
vertex 9518.90919921875 17117.5202655017 2172.05705790616
vertex 9520.40537231445 17116.8904663086 2173.94659423828
vertex 9518.90919921875 17118.3864746094 2169.45823974609
endloop
endfacet
facet normal -1.36818411821615e-014 0.948690264263724 0.31620686660986
outer loop
vertex 9520.40537231445 17116.8904663086 2173.94659423828
vertex 9518.90919921875 17117.5202655017 2172.05705790616
vertex 9518.90919921875 17116.8904663086 2173.94659423828
endloop
endfacet
facet normal -1.0 0.0 0.0
outer loop
vertex 9518.90919921875 17073.5012817383 2248.75541381836
vertex 9518.90919921875 17071.7867753232 2241.91363302291
vertex 9518.90919921875 17069.4091353243 2246.02733290279
endloop
endfacet
facet normal -1.0 0.0 0.0
outer loop
vertex 9518.90919921875 17071.7867753232 2241.91363302291
vertex 9518.90919921875 17073.5012817383 2248.75541381836
vertex 9518.90919921875 17076.161043295 2244.10076700881
endloop
endfacet
facet normal 0.960531997018294 0.151320258802347 -0.233410501006357
outer loop
vertex 9518.90919921875 17076.161043295 2244.10076700881
vertex 9520.40537231445 17073.5012817383 2248.75541381836
vertex 9520.40537231445 17060.0358886719 2239.77854003906
endloop
endfacet
facet normal 0.963323494284312 0.148837326933139 -0.223282994138067
outer loop
vertex 9520.40537231445 17073.5012817383 2248.75541381836
vertex 9518.90919921875 17076.161043295 2244.10076700881
vertex 9518.90919921875 17076.4936279297 2244.26705932617
endloop
endfacet
facet normal 0.924725131873416 0.176163615289127 -0.337416376499359
outer loop
vertex 9520.40537231445 17060.0358886719 2239.77854003906
vertex 9518.90919921875 17071.7867753232 2241.91363302291
vertex 9518.90919921875 17076.161043295 2244.10076700881
endloop
endfacet
facet normal 0.912867577499015 0.182577537474405 -0.365155074948797
outer loop
vertex 9518.90919921875 17071.7867753232 2241.91363302291
vertex 9520.40537231445 17060.0358886719 2239.77854003906
vertex 9518.90919921875 17061.5318969727 2236.78619384766
endloop
endfacet
facet normal 1.90992168296312e-014 -0.554697846302962 0.832051860947895
outer loop
vertex 9520.40537231445 17060.0358886719 2239.77854003906
vertex 9518.90919921875 17069.4091353243 2246.02733290279
vertex 9518.90919921875 17060.0358886719 2239.77854003906
endloop
endfacet
facet normal 1.90992168296312e-014 -0.554697846302962 0.832051860947895
outer loop
vertex 9518.90919921875 17069.4091353243 2246.02733290279
vertex 9520.40537231445 17060.0358886719 2239.77854003906
vertex 9518.90919921875 17073.5012817383 2248.75541381836
endloop
endfacet
facet normal 1.90992168296312e-014 -0.554697846302962 0.832051860947895
outer loop
vertex 9518.90919921875 17073.5012817383 2248.75541381836
vertex 9520.40537231445 17060.0358886719 2239.77854003906
vertex 9520.40537231445 17073.5012817383 2248.75541381836
endloop
endfacet
facet normal 1.29636764680985e-016 0.832040894431968 0.554714295825203
outer loop
vertex 9520.40537231445 17073.5012817383 2248.75541381836
vertex 9518.90919921875 17076.4936279297 2244.26705932617
vertex 9518.90919921875 17073.5012817383 2248.75541381836
endloop
endfacet
facet normal 1.0 0.0 0.0
outer loop
vertex 9518.90919921875 17030.9538447122 2312.5611750502
vertex 9518.90919921875 17033.1044433594 2319.07587890625
vertex 9518.90919921875 17028.7118164921 2316.44024472588
endloop
endfacet
facet normal 1.0 0.0 0.0
outer loop
vertex 9518.90919921875 17033.1044433594 2319.07587890625
vertex 9518.90919921875 17030.9538447122 2312.5611750502
vertex 9518.90919921875 17034.6011108398 2314.58735961914
endloop
endfacet
facet normal 0.949655086282233 0.159825788931046 -0.269464161421985
outer loop
vertex 9518.90919921875 17034.6011108398 2314.58735961914
vertex 9520.40537231445 17033.1044433594 2319.07587890625
vertex 9520.40537231445 17018.1430419922 2310.09884033203
endloop
endfacet
facet normal 0.941974290366728 0.16533457068852 -0.292145367964891
outer loop
vertex 9520.40537231445 17018.1430419922 2310.09884033203
vertex 9518.93224902708 17022.305764086 2307.77139243414
vertex 9518.90919921875 17034.6011108398 2314.58735961914
endloop
endfacet
facet normal 0.939269501838164 0.167160716492488 -0.29971669586195
outer loop
vertex 9518.93224902708 17022.305764086 2307.77139243414
vertex 9520.40537231445 17018.1430419922 2310.09884033203
vertex 9518.90919921875 17021.1350585937 2307.10649414062
endloop
endfacet
facet normal 0.949655086282233 0.159825788931046 -0.269464161421985
outer loop
vertex 9518.90919921875 17034.6011108398 2314.58735961914
vertex 9518.93224902708 17022.305764086 2307.77139243414
vertex 9518.90919921875 17030.9538447122 2312.5611750502
endloop
endfacet
facet normal -2.21363343401338e-014 -0.514504089180744 0.857487925405538
outer loop
vertex 9520.40537231445 17018.1430419922 2310.09884033203
vertex 9518.90919921875 17028.7118164921 2316.44024472588
vertex 9518.90919921875 17018.1430419922 2310.09884033203
endloop
endfacet
facet normal -2.21363343401338e-014 -0.514504089180744 0.857487925405538
outer loop
vertex 9518.90919921875 17028.7118164921 2316.44024472588
vertex 9520.40537231445 17018.1430419922 2310.09884033203
vertex 9518.90919921875 17033.1044433594 2319.07587890625
endloop
endfacet
facet normal -2.21363343401338e-014 -0.514504089180744 0.857487925405538
outer loop
vertex 9518.90919921875 17033.1044433594 2319.07587890625
vertex 9520.40537231445 17018.1430419922 2310.09884033203
vertex 9520.40537231445 17033.1044433594 2319.07587890625
endloop
endfacet
facet normal -1.47794585345608e-016 0.948651946811336 0.316321804197975
outer loop
vertex 9520.40537231445 17033.1044433594 2319.07587890625
vertex 9518.90919921875 17034.6011108398 2314.58735961914
vertex 9518.90919921875 17033.1044433594 2319.07587890625
endloop
endfacet
facet normal 1.0 0.0 0.0
outer loop
vertex 9545.84039733887 17119.8828125 2096.1454284668
vertex 9545.84039733887 17107.9134277344 2100.63411254883
vertex 9545.84039733887 17107.9134277344 2096.1454284668
endloop
endfacet
facet normal 1.0 0.0 0.0
outer loop
vertex 9545.84039733887 17107.9134277344 2100.63411254883
vertex 9545.84039733887 17119.8828125 2096.1454284668
vertex 9545.84039733887 17119.8828125 2100.63411254883
endloop
endfacet
facet normal -0.948686780946131 -2.62381741084414e-018 -0.316217317138178
outer loop
vertex 9544.34422424316 17124.371496582 2100.63411254883
vertex 9545.84039733887 17107.9134277344 2096.1454284668
vertex 9544.34422424316 17107.9134277344 2100.63411254883
endloop
endfacet
facet normal -0.948686780946131 -2.62381741084414e-018 -0.316217317138178
outer loop
vertex 9545.84039733887 17107.9134277344 2096.1454284668
vertex 9544.34422424316 17124.371496582 2100.63411254883
vertex 9545.84039733887 17119.8828125 2096.1454284668
endloop
endfacet
facet normal -0.948686780946131 -2.62381741084414e-018 -0.316217317138178
outer loop
vertex 9545.84039733887 17119.8828125 2096.1454284668
vertex 9544.34422424316 17124.371496582 2100.63411254883
vertex 9545.84039733887 17124.371496582 2096.1454284668
endloop
endfacet
facet normal 0.0 0.0 1.0
outer loop
vertex 9545.84039733887 17107.9134277344 2100.63411254883
vertex 9544.34422424316 17124.371496582 2100.63411254883
vertex 9544.34422424316 17107.9134277344 2100.63411254883
endloop
endfacet
facet normal 0.0 0.0 1.0
outer loop
vertex 9544.34422424316 17124.371496582 2100.63411254883
vertex 9545.84039733887 17107.9134277344 2100.63411254883
vertex 9545.84039733887 17124.371496582 2100.63411254883
endloop
endfacet
facet normal 0.0 0.0 1.0
outer loop
vertex 9545.84039733887 17124.371496582 2100.63411254883
vertex 9545.84039733887 17107.9134277344 2100.63411254883
vertex 9545.84039733887 17119.8828125 2100.63411254883
endloop
endfacet
facet normal 0.0 1.0 0.0
outer loop
vertex 9545.84039733887 17124.371496582 2100.63411254883
vertex 9545.84039733887 17124.371496582 2096.1454284668
vertex 9544.34422424316 17124.371496582 2100.63411254883
endloop
endfacet
facet normal 1.0 0.0 0.0
outer loop
vertex 9545.84039733887 17119.8828125 2144.02313232422
vertex 9545.84039733887 17107.9134277344 2148.51181640625
vertex 9545.84039733887 17107.9134277344 2144.02313232422
endloop
endfacet
facet normal 1.0 0.0 0.0
outer loop
vertex 9545.84039733887 17107.9134277344 2148.51181640625
vertex 9545.84039733887 17119.8828125 2144.02313232422
vertex 9545.84039733887 17119.8828125 2148.51181640625
endloop
endfacet
facet normal -0.948686780946131 2.62381741084414e-018 -0.316217317138178
outer loop
vertex 9544.34422424316 17124.371496582 2148.51181640625
vertex 9545.84039733887 17107.9134277344 2144.02313232422
vertex 9544.34422424316 17107.9134277344 2148.51181640625
endloop
endfacet
facet normal -0.948686780946131 2.62381741084414e-018 -0.316217317138178
outer loop
vertex 9545.84039733887 17107.9134277344 2144.02313232422
vertex 9544.34422424316 17124.371496582 2148.51181640625
vertex 9545.84039733887 17119.8828125 2144.02313232422
endloop
endfacet
facet normal -0.948686780946131 2.62381741084414e-018 -0.316217317138178
outer loop
vertex 9545.84039733887 17119.8828125 2144.02313232422
vertex 9544.34422424316 17124.371496582 2148.51181640625
vertex 9545.84039733887 17124.371496582 2144.02313232422
endloop
endfacet
facet normal 0.0 0.0 1.0
outer loop
vertex 9545.84039733887 17107.9134277344 2148.51181640625
vertex 9544.34422424316 17124.371496582 2148.51181640625
vertex 9544.34422424316 17107.9134277344 2148.51181640625
endloop
endfacet
facet normal 0.0 0.0 1.0
outer loop
vertex 9544.34422424316 17124.371496582 2148.51181640625
vertex 9545.84039733887 17107.9134277344 2148.51181640625
vertex 9545.84039733887 17124.371496582 2148.51181640625
endloop
endfacet
facet normal 0.0 0.0 1.0
outer loop
vertex 9545.84039733887 17124.371496582 2148.51181640625
vertex 9545.84039733887 17107.9134277344 2148.51181640625
vertex 9545.84039733887 17119.8828125 2148.51181640625
endloop
endfacet
facet normal 0.0 1.0 0.0
outer loop
vertex 9545.84039733887 17124.371496582 2148.51181640625
vertex 9545.84039733887 17124.371496582 2144.02313232422
vertex 9544.34422424316 17124.371496582 2148.51181640625
endloop
endfacet
facet normal 1.0 0.0 0.0
outer loop
vertex 9545.84039733887 17104.921081543 2161.97737426758
vertex 9545.84039733887 17112.6892295254 2171.14580399295
vertex 9545.84039733887 17103.4247436523 2164.96955566406
endloop
endfacet
facet normal 1.0 0.0 0.0
outer loop
vertex 9545.84039733887 17112.6892295254 2171.14580399295
vertex 9545.84039733887 17104.921081543 2161.97737426758
vertex 9545.84039733887 17114.8122945221 2167.47255984081
endloop
endfacet
facet normal -0.920456935186839 0.193862381078259 -0.339376498404234
outer loop
vertex 9544.34422424316 17103.4247436523 2164.96955566406
vertex 9545.84039733887 17114.8122945221 2167.47255984081
vertex 9545.84039733887 17104.921081543 2161.97737426758
endloop
endfacet
facet normal -0.912724205663974 0.198424006849529 -0.357158841274924
outer loop
vertex 9545.84039733887 17114.8122945221 2167.47255984081
vertex 9544.34422424316 17103.4247436523 2164.96955566406
vertex 9545.84039733887 17118.3864746094 2169.45823974609
endloop
endfacet
facet normal -0.94583995041652 0.176353499033055 -0.272555006512216
outer loop
vertex 9545.84039733887 17118.3864746094 2169.45823974609
vertex 9544.34422424316 17103.4247436523 2164.96955566406
vertex 9544.34422424316 17116.8904663086 2173.94659423828
endloop
endfacet
facet normal 0.000122849196643134 -0.554684223293748 0.832060933668374
outer loop
vertex 9545.84039733887 17103.4247436523 2164.96955566406
vertex 9544.34422424316 17116.8904663086 2173.94659423828
vertex 9544.34422424316 17103.4247436523 2164.96955566406
endloop
endfacet
facet normal 0.000122849196643134 -0.554684223293748 0.832060933668374
outer loop
vertex 9544.34422424316 17116.8904663086 2173.94659423828
vertex 9545.84039733887 17103.4247436523 2164.96955566406
vertex 9545.84039733887 17116.8904663086 2173.94659423828
endloop
endfacet
facet normal 0.000122849196643134 -0.554684223293748 0.832060933668374
outer loop
vertex 9545.84039733887 17116.8904663086 2173.94659423828
vertex 9545.84039733887 17103.4247436523 2164.96955566406
vertex 9545.84039733887 17112.6892295254 2171.14580399295
endloop
endfacet
facet normal 0.000122849196643134 -0.554684223293748 0.832060933668374
outer loop
vertex 9545.84039733887 17116.8904663086 2173.94659423828
vertex 9545.84039733887 17112.6892295254 2171.14580399295
vertex 9545.89288170278 17116.575910881 2173.73589565674
endloop
endfacet
facet normal -0.000832356877823352 0.948716364905892 0.316127452369734
outer loop
vertex 9544.34422424316 17116.8904663086 2173.94659423828
vertex 9545.87803843367 17117.508617807 2172.10153271575
vertex 9545.84039733887 17118.3864746094 2169.45823974609
endloop
endfacet
facet normal -0.000832356877823352 0.948716364905892 0.316127452369734
outer loop
vertex 9545.87803843367 17117.508617807 2172.10153271575
vertex 9544.34422424316 17116.8904663086 2173.94659423828
vertex 9545.84039733887 17116.8904663086 2173.94659423828
endloop
endfacet
facet normal 1.0 0.0 0.0
outer loop
vertex 9545.84039733887 17061.5318969727 2236.78619384766
vertex 9545.84039733887 17069.4091353243 2246.02733290279
vertex 9545.84039733887 17060.0358886719 2239.77854003906
endloop
endfacet
facet normal 1.0 0.0 0.0
outer loop
vertex 9545.84039733887 17069.4091353243 2246.02733290279
vertex 9545.84039733887 17061.5318969727 2236.78619384766
vertex 9545.84039733887 17071.7867753232 2241.91363302291
endloop
endfacet
facet normal -0.960542255977502 0.151303132796458 -0.233379383167471
outer loop
vertex 9545.84039733887 17076.1706467365 2244.10556872959
vertex 9545.84039733887 17061.5318969727 2236.78619384766
vertex 9544.34422424316 17060.0358886719 2239.77854003906
endloop
endfacet
facet normal -0.912867577499016 0.182577537474408 -0.365155074948793
outer loop
vertex 9545.84039733887 17061.5318969727 2236.78619384766
vertex 9545.84039733887 17076.1706467365 2244.10556872959
vertex 9545.84039733887 17071.7867753232 2241.91363302291
endloop
endfacet
facet normal -0.963332251639446 0.148820563150313 -0.223256383861468
outer loop
vertex 9544.34422424316 17073.5012817383 2248.75541381836
vertex 9545.84039733887 17076.1706467365 2244.10556872959
vertex 9544.34422424316 17060.0358886719 2239.77854003906
endloop
endfacet
facet normal -0.960542255977502 0.151303132796458 -0.233379383167471
outer loop
vertex 9545.84039733887 17076.1706467365 2244.10556872959
vertex 9544.34422424316 17073.5012817383 2248.75541381836
vertex 9545.84039733887 17076.4936279297 2244.26705932617
endloop
endfacet
facet normal -1.90368010883579e-014 -0.554697846302962 0.832051860947895
outer loop
vertex 9545.84039733887 17060.0358886719 2239.77854003906
vertex 9544.34422424316 17073.5012817383 2248.75541381836
vertex 9544.34422424316 17060.0358886719 2239.77854003906
endloop
endfacet
facet normal -1.90368010883579e-014 -0.554697846302962 0.832051860947895
outer loop
vertex 9544.34422424316 17073.5012817383 2248.75541381836
vertex 9545.84039733887 17060.0358886719 2239.77854003906
vertex 9545.84039733887 17073.5012817383 2248.75541381836
endloop
endfacet
facet normal -1.90368010883579e-014 -0.554697846302962 0.832051860947895
outer loop
vertex 9545.84039733887 17073.5012817383 2248.75541381836
vertex 9545.84039733887 17060.0358886719 2239.77854003906
vertex 9545.84039733887 17069.4091353243 2246.02733290279
endloop
endfacet
facet normal -1.29636764680985e-016 0.832040894431968 0.554714295825203
outer loop
vertex 9545.84039733887 17073.5012817383 2248.75541381836
vertex 9545.84039733887 17076.4936279297 2244.26705932617
vertex 9544.34422424316 17073.5012817383 2248.75541381836
endloop
endfacet
facet normal 1.0 0.0 0.0
outer loop
vertex 9545.84039733887 17021.1350585937 2307.10649414062
vertex 9545.84039733887 17028.7118164921 2316.44024472588
vertex 9545.84039733887 17018.1430419922 2310.09884033203
endloop
endfacet
facet normal 1.0 0.0 0.0
outer loop
vertex 9545.84039733887 17028.7118164921 2316.44024472588
vertex 9545.84039733887 17021.1350585937 2307.10649414062
vertex 9545.84039733887 17030.9538447122 2312.5611750502
endloop
endfacet
facet normal -0.941428175747294 0.165683741052953 -0.293703741651039
outer loop
vertex 9544.34422424316 17018.1430419922 2310.09884033203
vertex 9545.84039733887 17030.9538447122 2312.5611750502
vertex 9545.84039733887 17021.1350585937 2307.10649414062
endloop
endfacet
facet normal -0.938557237185261 0.167602143842927 -0.301694935168663
outer loop
vertex 9545.84039733887 17030.9538447122 2312.5611750502
vertex 9544.34422424316 17018.1430419922 2310.09884033203
vertex 9545.84039733887 17034.6011108398 2314.58735961914
endloop
endfacet
facet normal -0.949560833464155 0.15989214468401 -0.269756789755525
outer loop
vertex 9545.84039733887 17034.6011108398 2314.58735961914
vertex 9544.34422424316 17018.1430419922 2310.09884033203
vertex 9544.34422424316 17033.1044433594 2319.07587890625
endloop
endfacet
facet normal 2.21882975662843e-014 -0.514504089180744 0.857487925405538
outer loop
vertex 9545.84039733887 17018.1430419922 2310.09884033203
vertex 9544.34422424316 17033.1044433594 2319.07587890625
vertex 9544.34422424316 17018.1430419922 2310.09884033203
endloop
endfacet
facet normal 2.21882975662843e-014 -0.514504089180744 0.857487925405538
outer loop
vertex 9544.34422424316 17033.1044433594 2319.07587890625
vertex 9545.84039733887 17018.1430419922 2310.09884033203
vertex 9545.84039733887 17033.1044433594 2319.07587890625
endloop
endfacet
facet normal 2.21882975662843e-014 -0.514504089180744 0.857487925405538
outer loop
vertex 9545.84039733887 17033.1044433594 2319.07587890625
vertex 9545.84039733887 17018.1430419922 2310.09884033203
vertex 9545.84039733887 17028.7118164921 2316.44024472588
endloop
endfacet
facet normal 7.38972926728039e-017 0.948651946811336 0.316321804197975
outer loop
vertex 9545.84039733887 17033.1044433594 2319.07587890625
vertex 9545.84039733887 17034.6011108398 2314.58735961914
vertex 9544.34422424316 17033.1044433594 2319.07587890625
endloop
endfacet
facet normal 1.0 0.0 0.0
outer loop
vertex 9928.86145141601 17124.371496582 2096.1454284668
vertex 9928.86145141601 17119.8828125 2100.63411254883
vertex 9928.86145141601 17119.8828125 2096.1454284668
endloop
endfacet
facet normal 1.0 0.0 0.0
outer loop
vertex 9928.86145141601 17119.8828125 2100.63411254883
vertex 9928.86145141601 17124.371496582 2096.1454284668
vertex 9928.86145141601 17124.371496582 2100.63411254883
endloop
endfacet
facet normal -0.948697229095845 -5.2476926153409e-018 -0.316185969811858
outer loop
vertex 9927.36544311523 17124.371496582 2100.63411254883
vertex 9928.86145141601 17107.9134277344 2096.1454284668
vertex 9927.36544311523 17107.9134277344 2100.63411254883
endloop
endfacet
facet normal -0.948697229095845 -5.2476926153409e-018 -0.316185969811858
outer loop
vertex 9928.86145141601 17107.9134277344 2096.1454284668
vertex 9927.36544311523 17124.371496582 2100.63411254883
vertex 9928.86145141601 17119.8828125 2096.1454284668
endloop
endfacet
facet normal -0.948697229095845 -5.2476926153409e-018 -0.316185969811858
outer loop
vertex 9928.86145141601 17119.8828125 2096.1454284668
vertex 9927.36544311523 17124.371496582 2100.63411254883
vertex 9928.86145141601 17124.371496582 2096.1454284668
endloop
endfacet
facet normal 0.0 0.0 1.0
outer loop
vertex 9928.86145141601 17107.9134277344 2100.63411254883
vertex 9927.36544311523 17124.371496582 2100.63411254883
vertex 9927.36544311523 17107.9134277344 2100.63411254883
endloop
endfacet
facet normal 0.0 0.0 1.0
outer loop
vertex 9927.36544311523 17124.371496582 2100.63411254883
vertex 9928.86145141601 17107.9134277344 2100.63411254883
vertex 9928.86145141601 17124.371496582 2100.63411254883
endloop
endfacet
facet normal 0.0 0.0 1.0
outer loop
vertex 9928.86145141601 17124.371496582 2100.63411254883
vertex 9928.86145141601 17107.9134277344 2100.63411254883
vertex 9928.86145141601 17119.8828125 2100.63411254883
endloop
endfacet
facet normal 0.0 1.0 0.0
outer loop
vertex 9928.86145141601 17124.371496582 2100.63411254883
vertex 9928.86145141601 17124.371496582 2096.1454284668
vertex 9927.36544311523 17124.371496582 2100.63411254883
endloop
endfacet
facet normal 1.0 0.0 0.0
outer loop
vertex 9928.86145141601 17124.371496582 2144.02313232422
vertex 9928.86145141601 17119.8828125 2148.51181640625
vertex 9928.86145141601 17119.8828125 2144.02313232422
endloop
endfacet
facet normal 1.0 0.0 0.0
outer loop
vertex 9928.86145141601 17119.8828125 2148.51181640625
vertex 9928.86145141601 17124.371496582 2144.02313232422
vertex 9928.86145141601 17124.371496582 2148.51181640625
endloop
endfacet
facet normal -0.948697229095845 -1.31192315383523e-018 -0.316185969811858
outer loop
vertex 9927.36544311523 17124.371496582 2148.51181640625
vertex 9928.86145141601 17107.9134277344 2144.02313232422
vertex 9927.36544311523 17107.9134277344 2148.51181640625
endloop
endfacet
facet normal -0.948697229095845 -1.31192315383523e-018 -0.316185969811858
outer loop
vertex 9928.86145141601 17107.9134277344 2144.02313232422
vertex 9927.36544311523 17124.371496582 2148.51181640625
vertex 9928.86145141601 17119.8828125 2144.02313232422
endloop
endfacet
facet normal -0.948697229095845 -1.31192315383523e-018 -0.316185969811858
outer loop
vertex 9928.86145141601 17119.8828125 2144.02313232422
vertex 9927.36544311523 17124.371496582 2148.51181640625
vertex 9928.86145141601 17124.371496582 2144.02313232422
endloop
endfacet
facet normal 0.0 0.0 1.0
outer loop
vertex 9928.86145141601 17107.9134277344 2148.51181640625
vertex 9927.36544311523 17124.371496582 2148.51181640625
vertex 9927.36544311523 17107.9134277344 2148.51181640625
endloop
endfacet
facet normal 0.0 0.0 1.0
outer loop
vertex 9927.36544311523 17124.371496582 2148.51181640625
vertex 9928.86145141601 17107.9134277344 2148.51181640625
vertex 9928.86145141601 17124.371496582 2148.51181640625
endloop
endfacet
facet normal 0.0 0.0 1.0
outer loop
vertex 9928.86145141601 17124.371496582 2148.51181640625
vertex 9928.86145141601 17107.9134277344 2148.51181640625
vertex 9928.86145141601 17119.8828125 2148.51181640625
endloop
endfacet
facet normal 0.0 1.0 0.0
outer loop
vertex 9928.86145141601 17124.371496582 2148.51181640625
vertex 9928.86145141601 17124.371496582 2144.02313232422
vertex 9927.36544311523 17124.371496582 2148.51181640625
endloop
endfacet
facet normal 1.0 0.0 0.0
outer loop
vertex 9928.86145141601 17114.8122945221 2167.47255984081
vertex 9928.86145141601 17116.5699166088 2173.73289705368
vertex 9928.86145141601 17112.6892295254 2171.14580399295
endloop
endfacet
facet normal 1.0 0.0 0.0
outer loop
vertex 9928.86145141601 17116.5699166088 2173.73289705368
vertex 9928.86145141601 17114.8122945221 2167.47255984081
vertex 9928.86145141601 17118.3864746094 2169.45823974609
endloop
endfacet
facet normal 1.0 0.0 0.0
outer loop
vertex 9928.86145141601 17116.5699166088 2173.73289705368
vertex 9928.86145141601 17118.3864746094 2169.45823974609
vertex 9928.86145141601 17117.5040541718 2172.10569546731
endloop
endfacet
facet normal -0.920472290831856 0.193844369496595 -0.339345137323674
outer loop
vertex 9927.36544311523 17103.4247436523 2164.96955566406
vertex 9928.86145141601 17114.8122945221 2167.47255984081
vertex 9928.86145141601 17104.921081543 2161.97737426758
endloop
endfacet
facet normal -0.912740987357054 0.198405799475586 -0.357126068402915
outer loop
vertex 9928.86145141601 17114.8122945221 2167.47255984081
vertex 9927.36544311523 17103.4247436523 2164.96955566406
vertex 9928.86145141601 17118.3864746094 2169.45823974609
endloop
endfacet
facet normal -0.945850982917483 0.176336079030525 -0.272527990023358
outer loop
vertex 9928.86145141601 17118.3864746094 2169.45823974609
vertex 9927.36544311523 17103.4247436523 2164.96955566406
vertex 9927.36544311523 17116.8904663086 2173.94659423828
endloop
endfacet
facet normal -4.60266764874177e-015 -0.554695496482448 0.832053427480526
outer loop
vertex 9928.86145141601 17103.4247436523 2164.96955566406
vertex 9927.36544311523 17116.8904663086 2173.94659423828
vertex 9927.36544311523 17103.4247436523 2164.96955566406
endloop
endfacet
facet normal -4.60266764874177e-015 -0.554695496482448 0.832053427480526
outer loop
vertex 9927.36544311523 17116.8904663086 2173.94659423828
vertex 9928.86145141601 17103.4247436523 2164.96955566406
vertex 9928.86145141601 17116.8904663086 2173.94659423828
endloop
endfacet
facet normal -4.60266764874177e-015 -0.554695496482448 0.832053427480526
outer loop
vertex 9928.86145141601 17116.8904663086 2173.94659423828
vertex 9928.86145141601 17103.4247436523 2164.96955566406
vertex 9928.86145141601 17112.6892295254 2171.14580399295
endloop
endfacet
facet normal -4.60266764874177e-015 -0.554695496482448 0.832053427480526
outer loop
vertex 9928.86145141601 17116.8904663086 2173.94659423828
vertex 9928.86145141601 17112.6892295254 2171.14580399295
vertex 9928.86145141601 17116.5699166088 2173.73289705368
endloop
endfacet
facet normal 6.14982099572375e-014 0.948690264263722 0.316206866609864
outer loop
vertex 9927.36544311523 17116.8904663086 2173.94659423828
vertex 9928.86145141601 17117.5040541718 2172.10569546731
vertex 9928.86145141601 17118.3864746094 2169.45823974609
endloop
endfacet
facet normal 6.14982099572375e-014 0.948690264263722 0.316206866609864
outer loop
vertex 9928.86145141601 17117.5040541718 2172.10569546731
vertex 9927.36544311523 17116.8904663086 2173.94659423828
vertex 9928.86145141601 17116.8904663086 2173.94659423828
endloop
endfacet
facet normal 1.0 0.0 0.0
outer loop
vertex 9928.86145141601 17071.7867753232 2241.91363302291
vertex 9928.86145141601 17073.5012817383 2248.75541381836
vertex 9928.86145141601 17069.4091353243 2246.02733290279
endloop
endfacet
facet normal 1.0 0.0 0.0
outer loop
vertex 9928.86145141601 17073.5012817383 2248.75541381836
vertex 9928.86145141601 17071.7867753232 2241.91363302291
vertex 9928.86145141601 17076.1706467365 2244.10556872959
endloop
endfacet
facet normal -0.960550462585475 0.151287737012042 -0.233355585869729
outer loop
vertex 9928.86145141601 17076.1706467365 2244.10556872959
vertex 9928.86145141601 17061.5318969727 2236.78619384766
vertex 9927.36544311523 17060.0358886719 2239.77854003906
endloop
endfacet
facet normal -0.91288433551113 0.182560778908515 -0.365121557817008
outer loop
vertex 9928.86145141601 17061.5318969727 2236.78619384766
vertex 9928.86145141601 17076.1706467365 2244.10556872959
vertex 9928.86145141601 17071.7867753232 2241.91363302291
endloop
endfacet
facet normal -0.963339889951075 0.148805351291285 -0.223233563462414
outer loop
vertex 9927.36544311523 17073.5012817383 2248.75541381836
vertex 9928.86145141601 17076.1706467365 2244.10556872959
vertex 9927.36544311523 17060.0358886719 2239.77854003906
endloop
endfacet
facet normal -0.960550462585475 0.151287737012042 -0.233355585869729
outer loop
vertex 9928.86145141601 17076.1706467365 2244.10556872959
vertex 9927.36544311523 17073.5012817383 2248.75541381836
vertex 9928.86145141601 17076.4936279297 2244.26705932617
endloop
endfacet
facet normal 6.85475833360902e-014 -0.554697846302959 0.832051860947897
outer loop
vertex 9928.86145141601 17060.0358886719 2239.77854003906
vertex 9927.36544311523 17073.5012817383 2248.75541381836
vertex 9927.36544311523 17060.0358886719 2239.77854003906
endloop
endfacet
facet normal 6.85475833360902e-014 -0.554697846302959 0.832051860947897
outer loop
vertex 9927.36544311523 17073.5012817383 2248.75541381836
vertex 9928.86145141601 17060.0358886719 2239.77854003906
vertex 9928.86145141601 17073.5012817383 2248.75541381836
endloop
endfacet
facet normal 6.85475833360902e-014 -0.554697846302959 0.832051860947897
outer loop
vertex 9928.86145141601 17073.5012817383 2248.75541381836
vertex 9928.86145141601 17060.0358886719 2239.77854003906
vertex 9928.86145141601 17069.4091353243 2246.02733290279
endloop
endfacet
facet normal -1.29665326898398e-016 0.832040894431968 0.554714295825203
outer loop
vertex 9928.86145141601 17073.5012817383 2248.75541381836
vertex 9928.86145141601 17076.4936279297 2244.26705932617
vertex 9927.36544311523 17073.5012817383 2248.75541381836
endloop
endfacet
facet normal 1.0 0.0 0.0
outer loop
vertex 9928.86145141601 17030.9538447122 2312.5611750502
vertex 9928.86145141601 17033.1044433594 2319.07587890625
vertex 9928.86145141601 17028.7118164921 2316.44024472588
endloop
endfacet
facet normal 1.0 0.0 0.0
outer loop
vertex 9928.86145141601 17033.1044433594 2319.07587890625
vertex 9928.86145141601 17030.9538447122 2312.5611750502
vertex 9928.86145141601 17034.6011108398 2314.58735961914
endloop
endfacet
facet normal -0.941439938743952 0.165667585673578 -0.293675148412105
outer loop
vertex 9927.36544311523 17018.1430419922 2310.09884033203
vertex 9928.86145141601 17030.9538447122 2312.5611750502
vertex 9928.86145141601 17021.1350585937 2307.10649414062
endloop
endfacet
facet normal -0.938569549982769 0.167585881930282 -0.301665662651209
outer loop
vertex 9928.86145141601 17030.9538447122 2312.5611750502
vertex 9927.36544311523 17018.1430419922 2310.09884033203
vertex 9928.86145141601 17034.6011108398 2314.58735961914
endloop
endfacet
facet normal -0.949571137911116 0.159876249890897 -0.269729936727482
outer loop
vertex 9928.86145141601 17034.6011108398 2314.58735961914
vertex 9927.36544311523 17018.1430419922 2310.09884033203
vertex 9927.36544311523 17033.1044433594 2319.07587890625
endloop
endfacet
facet normal 2.22971355523487e-014 -0.514504089180744 0.857487925405538
outer loop
vertex 9928.86145141601 17018.1430419922 2310.09884033203
vertex 9927.36544311523 17033.1044433594 2319.07587890625
vertex 9927.36544311523 17018.1430419922 2310.09884033203
endloop
endfacet
facet normal 2.22971355523487e-014 -0.514504089180744 0.857487925405538
outer loop
vertex 9927.36544311523 17033.1044433594 2319.07587890625
vertex 9928.86145141601 17018.1430419922 2310.09884033203
vertex 9928.86145141601 17033.1044433594 2319.07587890625
endloop
endfacet
facet normal 2.22971355523487e-014 -0.514504089180744 0.857487925405538
outer loop
vertex 9928.86145141601 17033.1044433594 2319.07587890625
vertex 9928.86145141601 17018.1430419922 2310.09884033203
vertex 9928.86145141601 17028.7118164921 2316.44024472588
endloop
endfacet
facet normal 0.0 0.948651946811336 0.316321804197975
outer loop
vertex 9928.86145141601 17033.1044433594 2319.07587890625
vertex 9928.86145141601 17034.6011108398 2314.58735961914
vertex 9927.36544311523 17033.1044433594 2319.07587890625
endloop
endfacet
facet normal -1.0 0.0 0.0
outer loop
vertex 9901.93050048828 17119.8828125 2100.63411254883
vertex 9901.93050048828 17107.9134277344 2096.1454284668
vertex 9901.93050048828 17107.9134277344 2100.63411254883
endloop
endfacet
facet normal -1.0 0.0 0.0
outer loop
vertex 9901.93050048828 17107.9134277344 2096.1454284668
vertex 9901.93050048828 17119.8828125 2100.63411254883
vertex 9901.93050048828 17119.8828125 2096.1454284668
endloop
endfacet
facet normal 0.948697229095876 -5.24769261534107e-018 -0.316185969811765
outer loop
vertex 9901.93050048828 17119.8828125 2096.1454284668
vertex 9903.42650878906 17107.9134277344 2100.63411254883
vertex 9901.93050048828 17107.9134277344 2096.1454284668
endloop
endfacet
facet normal 0.948697229095876 -5.24769261534107e-018 -0.316185969811765
outer loop
vertex 9903.42650878906 17107.9134277344 2100.63411254883
vertex 9901.93050048828 17119.8828125 2096.1454284668
vertex 9903.42650878906 17124.371496582 2100.63411254883
endloop
endfacet
facet normal 0.948697229095876 -5.24769261534107e-018 -0.316185969811765
outer loop
vertex 9903.42650878906 17124.371496582 2100.63411254883
vertex 9901.93050048828 17119.8828125 2096.1454284668
vertex 9901.93050048828 17124.371496582 2096.1454284668
endloop
endfacet
facet normal 0.0 0.0 1.0
outer loop
vertex 9903.42650878906 17107.9134277344 2100.63411254883
vertex 9901.93050048828 17119.8828125 2100.63411254883
vertex 9901.93050048828 17107.9134277344 2100.63411254883
endloop
endfacet
facet normal 0.0 0.0 1.0
outer loop
vertex 9901.93050048828 17119.8828125 2100.63411254883
vertex 9903.42650878906 17107.9134277344 2100.63411254883
vertex 9901.93050048828 17124.371496582 2100.63411254883
endloop
endfacet
facet normal 0.0 0.0 1.0
outer loop
vertex 9901.93050048828 17124.371496582 2100.63411254883
vertex 9903.42650878906 17107.9134277344 2100.63411254883
vertex 9903.42650878906 17124.371496582 2100.63411254883
endloop
endfacet
facet normal 0.0 1.0 0.0
outer loop
vertex 9903.42650878906 17124.371496582 2100.63411254883
vertex 9901.93050048828 17124.371496582 2096.1454284668
vertex 9901.93050048828 17124.371496582 2100.63411254883
endloop
endfacet
facet normal -1.0 0.0 0.0
outer loop
vertex 9901.93050048828 17119.8828125 2148.51181640625
vertex 9901.93050048828 17107.9134277344 2144.02313232422
vertex 9901.93050048828 17107.9134277344 2148.51181640625
endloop
endfacet
facet normal -1.0 0.0 0.0
outer loop
vertex 9901.93050048828 17107.9134277344 2144.02313232422
vertex 9901.93050048828 17119.8828125 2148.51181640625
vertex 9901.93050048828 17119.8828125 2144.02313232422
endloop
endfacet
facet normal 0.948697229095876 -2.62384630767054e-018 -0.316185969811765
outer loop
vertex 9901.93050048828 17119.8828125 2144.02313232422
vertex 9903.42650878906 17107.9134277344 2148.51181640625
vertex 9901.93050048828 17107.9134277344 2144.02313232422
endloop
endfacet
facet normal 0.948697229095876 -2.62384630767054e-018 -0.316185969811765
outer loop
vertex 9903.42650878906 17107.9134277344 2148.51181640625
vertex 9901.93050048828 17119.8828125 2144.02313232422
vertex 9903.42650878906 17124.371496582 2148.51181640625
endloop
endfacet
facet normal 0.948697229095876 -2.62384630767054e-018 -0.316185969811765
outer loop
vertex 9903.42650878906 17124.371496582 2148.51181640625
vertex 9901.93050048828 17119.8828125 2144.02313232422
vertex 9901.93050048828 17124.371496582 2144.02313232422
endloop
endfacet
facet normal 0.0 0.0 1.0
outer loop
vertex 9903.42650878906 17107.9134277344 2148.51181640625
vertex 9901.93050048828 17119.8828125 2148.51181640625
vertex 9901.93050048828 17107.9134277344 2148.51181640625
endloop
endfacet
facet normal 0.0 0.0 1.0
outer loop
vertex 9901.93050048828 17119.8828125 2148.51181640625
vertex 9903.42650878906 17107.9134277344 2148.51181640625
vertex 9901.93050048828 17124.371496582 2148.51181640625
endloop
endfacet
facet normal 0.0 0.0 1.0
outer loop
vertex 9901.93050048828 17124.371496582 2148.51181640625
vertex 9903.42650878906 17107.9134277344 2148.51181640625
vertex 9903.42650878906 17124.371496582 2148.51181640625
endloop
endfacet
facet normal 0.0 1.0 0.0
outer loop
vertex 9903.42650878906 17124.371496582 2148.51181640625
vertex 9901.93050048828 17124.371496582 2144.02313232422
vertex 9901.93050048828 17124.371496582 2148.51181640625
endloop
endfacet
facet normal -1.0 0.0 0.0
outer loop
vertex 9901.93050048828 17112.6892295254 2171.14580399295
vertex 9901.93050048828 17104.921081543 2161.97737426758
vertex 9901.93050048828 17103.4247436523 2164.96955566406
endloop
endfacet
facet normal -1.0 0.0 0.0
outer loop
vertex 9901.93050048828 17104.921081543 2161.97737426758
vertex 9901.93050048828 17112.6892295254 2171.14580399295
vertex 9901.93050048828 17114.8122945221 2167.47255984081
endloop
endfacet
facet normal 0.945850982917502 0.176336079030496 -0.272527990023311
outer loop
vertex 9901.93050048828 17118.3864746094 2169.45823974609
vertex 9903.42650878906 17116.8904663086 2173.94659423828
vertex 9903.42650878906 17103.4247436523 2164.96955566406
endloop
endfacet
facet normal 0.920472290831898 0.193844369496546 -0.339345137323588
outer loop
vertex 9903.42650878906 17103.4247436523 2164.96955566406
vertex 9901.93050048828 17114.8122945221 2167.47255984081
vertex 9901.93050048828 17118.3864746094 2169.45823974609
endloop
endfacet
facet normal 0.912740987357104 0.198405799475532 -0.357126068402818
outer loop
vertex 9901.93050048828 17114.8122945221 2167.47255984081
vertex 9903.42650878906 17103.4247436523 2164.96955566406
vertex 9901.93050048828 17104.921081543 2161.97737426758
endloop
endfacet
facet normal 1.13119392804127e-014 -0.554695496482449 0.832053427480525
outer loop
vertex 9903.42650878906 17103.4247436523 2164.96955566406
vertex 9901.93050048828 17112.6892295254 2171.14580399295
vertex 9901.93050048828 17103.4247436523 2164.96955566406
endloop
endfacet
facet normal 1.13119392804127e-014 -0.554695496482449 0.832053427480525
outer loop
vertex 9901.93050048828 17112.6892295254 2171.14580399295
vertex 9903.42650878906 17103.4247436523 2164.96955566406
vertex 9901.93050048828 17116.557998037 2173.72495143643
endloop
endfacet
facet normal 1.13119392804127e-014 -0.554695496482449 0.832053427480525
outer loop
vertex 9901.93050048828 17116.557998037 2173.72495143643
vertex 9903.42650878906 17103.4247436523 2164.96955566406
vertex 9901.93050048828 17116.8904663086 2173.94659423828
endloop
endfacet
facet normal 1.13119392804127e-014 -0.554695496482449 0.832053427480525
outer loop
vertex 9901.93050048828 17116.8904663086 2173.94659423828
vertex 9903.42650878906 17103.4247436523 2164.96955566406
vertex 9903.42650878906 17116.8904663086 2173.94659423828
endloop
endfacet
facet normal -1.38151875919404e-014 0.948690264263724 0.31620686660986
outer loop
vertex 9901.93050048828 17117.5202655017 2172.05705790616
vertex 9903.42650878906 17116.8904663086 2173.94659423828
vertex 9901.93050048828 17118.3864746094 2169.45823974609
endloop
endfacet
facet normal -1.38151875919404e-014 0.948690264263724 0.31620686660986
outer loop
vertex 9903.42650878906 17116.8904663086 2173.94659423828
vertex 9901.93050048828 17117.5202655017 2172.05705790616
vertex 9901.93050048828 17116.8904663086 2173.94659423828
endloop
endfacet
facet normal -1.0 0.0 0.0
outer loop
vertex 9901.93050048828 17069.4091353243 2246.02733290279
vertex 9901.93050048828 17061.5318969727 2236.78619384766
vertex 9901.93050048828 17060.0358886719 2239.77854003906
endloop
endfacet
facet normal -1.0 0.0 0.0
outer loop
vertex 9901.93050048828 17061.5318969727 2236.78619384766
vertex 9901.93050048828 17069.4091353243 2246.02733290279
vertex 9901.93050048828 17071.7867753232 2241.91363302291
endloop
endfacet
facet normal 0.960540205640228 0.151304861599565 -0.233386701002789
outer loop
vertex 9901.93050048828 17076.161043295 2244.10076700881
vertex 9903.42650878906 17073.5012817383 2248.75541381836
vertex 9903.42650878906 17060.0358886719 2239.77854003906
endloop
endfacet
facet normal 0.963331134316711 0.148822113637098 -0.223260171433837
outer loop
vertex 9903.42650878906 17073.5012817383 2248.75541381836
vertex 9901.93050048828 17076.161043295 2244.10076700881
vertex 9901.93050048828 17076.4936279297 2244.26705932617
endloop
endfacet
facet normal 0.924739698614014 0.17614713064603 -0.33738505920155
outer loop
vertex 9903.42650878906 17060.0358886719 2239.77854003906
vertex 9901.93050048828 17071.7867753232 2241.91363302291
vertex 9901.93050048828 17076.161043295 2244.10076700881
endloop
endfacet
facet normal 0.912884335511179 0.182560778908463 -0.365121557816913
outer loop
vertex 9901.93050048828 17071.7867753232 2241.91363302291
vertex 9903.42650878906 17060.0358886719 2239.77854003906
vertex 9901.93050048828 17061.5318969727 2236.78619384766
endloop
endfacet
facet normal -6.87348718151953e-014 -0.554697846302959 0.832051860947897
outer loop
vertex 9903.42650878906 17060.0358886719 2239.77854003906
vertex 9901.93050048828 17069.4091353243 2246.02733290279
vertex 9901.93050048828 17060.0358886719 2239.77854003906
endloop
endfacet
facet normal -6.87348718151953e-014 -0.554697846302959 0.832051860947897
outer loop
vertex 9901.93050048828 17069.4091353243 2246.02733290279
vertex 9903.42650878906 17060.0358886719 2239.77854003906
vertex 9901.93050048828 17073.5012817383 2248.75541381836
endloop
endfacet
facet normal -6.87348718151953e-014 -0.554697846302959 0.832051860947897
outer loop
vertex 9901.93050048828 17073.5012817383 2248.75541381836
vertex 9903.42650878906 17060.0358886719 2239.77854003906
vertex 9903.42650878906 17073.5012817383 2248.75541381836
endloop
endfacet
facet normal 2.59330653796881e-016 0.832040894431968 0.554714295825203
outer loop
vertex 9903.42650878906 17073.5012817383 2248.75541381836
vertex 9901.93050048828 17076.4936279297 2244.26705932617
vertex 9901.93050048828 17073.5012817383 2248.75541381836
endloop
endfacet
facet normal -1.0 0.0 0.0
outer loop
vertex 9901.93050048828 17028.7118164921 2316.44024472588
vertex 9901.93050048828 17021.1350585937 2307.10649414062
vertex 9901.93050048828 17018.1430419922 2310.09884033203
endloop
endfacet
facet normal -1.0 0.0 0.0
outer loop
vertex 9901.93050048828 17021.1350585937 2307.10649414062
vertex 9901.93050048828 17028.7118164921 2316.44024472588
vertex 9901.93050048828 17030.9538447122 2312.5611750502
endloop
endfacet
facet normal 0.949571137911134 0.15987624989087 -0.269729936727436
outer loop
vertex 9901.93050048828 17034.6011108398 2314.58735961914
vertex 9903.42650878906 17033.1044433594 2319.07587890625
vertex 9903.42650878906 17018.1430419922 2310.09884033203
endloop
endfacet
facet normal 0.941439938743983 0.165667585673535 -0.293675148412029
outer loop
vertex 9903.42650878906 17018.1430419922 2310.09884033203
vertex 9901.93050048828 17030.9538447122 2312.5611750502
vertex 9901.93050048828 17034.6011108398 2314.58735961914
endloop
endfacet
facet normal 0.938569549982805 0.167585881930234 -0.301665662651122
outer loop
vertex 9901.93050048828 17030.9538447122 2312.5611750502
vertex 9903.42650878906 17018.1430419922 2310.09884033203
vertex 9901.93050048828 17021.1350585937 2307.10649414062
endloop
endfacet
facet normal -2.21931862024687e-014 -0.514504089180744 0.857487925405538
outer loop
vertex 9903.42650878906 17018.1430419922 2310.09884033203
vertex 9901.93050048828 17028.7118164921 2316.44024472588
vertex 9901.93050048828 17018.1430419922 2310.09884033203
endloop
endfacet
facet normal -2.21931862024687e-014 -0.514504089180744 0.857487925405538
outer loop
vertex 9901.93050048828 17028.7118164921 2316.44024472588
vertex 9903.42650878906 17018.1430419922 2310.09884033203
vertex 9901.93050048828 17033.1044433594 2319.07587890625
endloop
endfacet
facet normal -2.21931862024687e-014 -0.514504089180744 0.857487925405538
outer loop
vertex 9901.93050048828 17033.1044433594 2319.07587890625
vertex 9903.42650878906 17018.1430419922 2310.09884033203
vertex 9903.42650878906 17033.1044433594 2319.07587890625
endloop
endfacet
facet normal -1.4782714818452e-016 0.948651946811336 0.316321804197975
outer loop
vertex 9903.42650878906 17033.1044433594 2319.07587890625
vertex 9901.93050048828 17034.6011108398 2314.58735961914
vertex 9901.93050048828 17033.1044433594 2319.07587890625
endloop
endfacet
facet normal 0.873072166359885 -0.365703009848239 0.322500078938898
outer loop
vertex 9506.93981445312 16730.8771484375 2187.41215209961
vertex 9499.45903137207 16724.8924560547 2200.87770996094
vertex 9497.96285827637 16721.9001098633 2199.38170166016
endloop
endfacet
facet normal 0.878454427669225 -0.337902013461366 0.337846189570178
outer loop
vertex 9506.93981445312 16733.8691650391 2190.40466308594
vertex 9499.45903137207 16724.8924560547 2200.87770996094
vertex 9506.93981445312 16730.8771484375 2187.41215209961
endloop
endfacet
facet normal -0.186388151744634 0.807783509955228 0.559236316715601
outer loop
vertex 9499.45903137207 16724.8924560547 2200.87770996094
vertex 9506.93981445312 16733.8691650391 2190.40466308594
vertex 9494.9704296875 16724.8924560547 2199.38170166016
endloop
endfacet
facet normal -0.465684340894328 0.853773148640258 0.232829348035672
outer loop
vertex 9494.9704296875 16724.8924560547 2199.38170166016
vertex 9506.93981445312 16733.8691650391 2190.40466308594
vertex 9505.44364135742 16733.8691650391 2187.41215209961
endloop
endfacet
facet normal -0.605139123030694 -0.341138428718343 -0.719326917492473
outer loop
vertex 9505.44364135742 16733.8691650391 2187.41215209961
vertex 9497.96285827637 16721.9001098633 2199.38170166016
vertex 9494.9704296875 16724.8924560547 2199.38170166016
endloop
endfacet
facet normal -0.630476083865952 -0.31527276742779 -0.709297532627511
outer loop
vertex 9506.93981445312 16730.8771484375 2187.41215209961
vertex 9497.96285827637 16721.9001098633 2199.38170166016
vertex 9505.44364135742 16733.8691650391 2187.41215209961
endloop
endfacet
facet normal 0.999519750786634 -0.00980062064952835 -0.0293975444945577
outer loop
vertex 9499.45903137207 16726.3884643555 2248.75541381836
vertex 9499.45903137207 16721.9001098633 2250.25175170898
vertex 9497.96285827637 16721.9001098633 2199.38170166016
endloop
endfacet
facet normal 0.891490268648774 -0.452818845923441 0.0141489816276282
outer loop
vertex 9499.45903137207 16726.3884643555 2248.75541381836
vertex 9497.96285827637 16721.9001098633 2199.38170166016
vertex 9499.45903137207 16724.8924560547 2200.87770996094
endloop
endfacet
facet normal -0.349703563737484 0.921733524935723 -0.167674465911992
outer loop
vertex 9494.9704296875 16724.8924560547 2250.25175170898
vertex 9499.45903137207 16726.3884643555 2248.75541381836
vertex 9499.45903137207 16724.8924560547 2200.87770996094
endloop
endfacet
facet normal -0.349703563737484 0.921733524935723 -0.167674465911992
outer loop
vertex 9494.9704296875 16724.8924560547 2250.25175170898
vertex 9499.45903137207 16724.8924560547 2200.87770996094
vertex 9494.9704296875 16724.8924560547 2199.38170166016
endloop
endfacet
facet normal -0.554693146634275 -0.83205499402201 0.0
outer loop
vertex 9494.9704296875 16724.8924560547 2250.25175170898
vertex 9494.9704296875 16724.8924560547 2199.38170166016
vertex 9499.45903137207 16721.9001098633 2250.25175170898
endloop
endfacet
facet normal -0.563397589819891 -0.82618515858884 0.00111333403435753
outer loop
vertex 9499.45903137207 16721.9001098633 2250.25175170898
vertex 9494.9704296875 16724.8924560547 2199.38170166016
vertex 9497.96285827637 16721.9001098633 2199.38170166016
endloop
endfacet
facet normal 0.831699345616838 -0.3458940914177 -0.434319555192773
outer loop
vertex 9506.93981445312 16732.3731567383 2256.23627929688
vertex 9508.43598754883 16730.8771484375 2260.72512817383
vertex 9499.45903137207 16721.9001098633 2250.25175170898
endloop
endfacet
facet normal 0.831699345616838 -0.3458940914177 -0.434319555192773
outer loop
vertex 9506.93981445312 16732.3731567383 2256.23627929688
vertex 9499.45903137207 16721.9001098633 2250.25175170898
vertex 9499.45903137207 16726.3884643555 2248.75541381836
endloop
endfacet
facet normal -0.329793604202847 0.865842662092088 -0.376234851028162
outer loop
vertex 9505.44364135742 16733.8691650391 2260.72512817383
vertex 9506.93981445312 16732.3731567383 2256.23627929688
vertex 9499.45903137207 16726.3884643555 2248.75541381836
endloop
endfacet
facet normal -0.329793604202847 0.865842662092088 -0.376234851028162
outer loop
vertex 9505.44364135742 16733.8691650391 2260.72512817383
vertex 9499.45903137207 16726.3884643555 2248.75541381836
vertex 9494.9704296875 16724.8924560547 2250.25175170898
endloop
endfacet
facet normal -0.415374112768719 -0.449442216270847 0.790864110119526
outer loop
vertex 9508.43598754883 16730.8771484375 2260.72512817383
vertex 9494.9704296875 16724.8924560547 2250.25175170898
vertex 9499.45903137207 16721.9001098633 2250.25175170898
endloop
endfacet
facet normal -0.415374112768719 -0.449442216270847 0.790864110119526
outer loop
vertex 9508.43598754883 16730.8771484375 2260.72512817383
vertex 9505.44364135742 16733.8691650391 2260.72512817383
vertex 9494.9704296875 16724.8924560547 2250.25175170898
endloop
endfacet
facet normal -0.878450009347746 -0.337907757571236 0.337851932731077
outer loop
vertex 9940.83108337402 16733.8691650391 2190.40466308594
vertex 9940.83108337402 16730.8771484375 2187.41215209961
vertex 9948.31203125 16724.8924560547 2200.87770996094
endloop
endfacet
facet normal -0.873068844440056 -0.365703232637716 0.322508819269226
outer loop
vertex 9940.83108337402 16730.8771484375 2187.41215209961
vertex 9949.80803955078 16721.9001098633 2199.38170166016
vertex 9948.31203125 16724.8924560547 2200.87770996094
endloop
endfacet
facet normal 0.465694228578517 0.853769904059506 0.232821468921751
outer loop
vertex 9952.80030334473 16724.8924560547 2199.38170166016
vertex 9942.32717407226 16733.8691650391 2187.41215209961
vertex 9940.83108337402 16733.8691650391 2190.40466308594
endloop
endfacet
facet normal 0.186399130658911 0.80778660167424 0.559228191568687
outer loop
vertex 9948.31203125 16724.8924560547 2200.87770996094
vertex 9952.80030334473 16724.8924560547 2199.38170166016
vertex 9940.83108337402 16733.8691650391 2190.40466308594
endloop
endfacet
facet normal 0.484138476969991 -0.44865035930836 -0.751214210601515
outer loop
vertex 9949.80803955078 16721.9001098633 2199.38170166016
vertex 9940.83108337402 16730.8771484375 2187.41215209961
vertex 9942.32717407226 16733.8691650391 2187.41215209961
endloop
endfacet
facet normal 0.464222425906306 -0.464209643044055 -0.754325491144622
outer loop
vertex 9952.80030334473 16724.8924560547 2199.38170166016
vertex 9949.80803955078 16721.9001098633 2199.38170166016
vertex 9942.32717407226 16733.8691650391 2187.41215209961
endloop
endfacet
facet normal -0.891510421764471 -0.452779205853013 0.0141477430161321
outer loop
vertex 9948.31203125 16726.3884643555 2248.75541381836
vertex 9948.31203125 16724.8924560547 2200.87770996094
vertex 9949.80803955078 16721.9001098633 2199.38170166016
endloop
endfacet
facet normal -0.999519856498046 -0.00979954220355691 -0.0293943096317296
outer loop
vertex 9948.31203125 16726.3884643555 2248.75541381836
vertex 9949.80803955078 16721.9001098633 2199.38170166016
vertex 9948.31203125 16721.9001098633 2250.25175170898
endloop
endfacet
facet normal 0.349725442859051 0.921726559862326 -0.167667120990975
outer loop
vertex 9952.80030334473 16724.8924560547 2250.25175170898
vertex 9952.80030334473 16724.8924560547 2199.38170166016
vertex 9948.31203125 16724.8924560547 2200.87770996094
endloop
endfacet
facet normal 0.349725442859051 0.921726559862326 -0.167667120990975
outer loop
vertex 9952.80030334473 16724.8924560547 2250.25175170898
vertex 9948.31203125 16724.8924560547 2200.87770996094
vertex 9948.31203125 16726.3884643555 2248.75541381836
endloop
endfacet
facet normal 0.697596270937152 -0.716227882643803 0.0194181074812455
outer loop
vertex 9952.80030334473 16724.8924560547 2199.38170166016
vertex 9948.31203125 16721.9001098633 2250.25175170898
vertex 9949.80803955078 16721.9001098633 2199.38170166016
endloop
endfacet
facet normal 0.563425062715866 -0.82616642359012 0.00111320974336211
outer loop
vertex 9948.31203125 16721.9001098633 2250.25175170898
vertex 9952.80030334473 16724.8924560547 2199.38170166016
vertex 9952.80030334473 16724.8924560547 2250.25175170898
endloop
endfacet
facet normal -0.831692458192335 -0.345895249033766 -0.434331822092118
outer loop
vertex 9940.83108337402 16732.3731567383 2256.23627929688
vertex 9948.31203125 16726.3884643555 2248.75541381836
vertex 9948.31203125 16721.9001098633 2250.25175170898
endloop
endfacet
facet normal -0.831692458192335 -0.345895249033766 -0.434331822092118
outer loop
vertex 9940.83108337402 16732.3731567383 2256.23627929688
vertex 9948.31203125 16721.9001098633 2250.25175170898
vertex 9939.33482788086 16730.8771484375 2260.72512817383
endloop
endfacet
facet normal 0.329798595512093 0.865844347172058 -0.376226597768478
outer loop
vertex 9942.32717407226 16733.8691650391 2260.72512817383
vertex 9952.80030334473 16724.8924560547 2250.25175170898
vertex 9948.31203125 16726.3884643555 2248.75541381836
endloop
endfacet
facet normal 0.329798595512093 0.865844347172058 -0.376226597768478
outer loop
vertex 9942.32717407226 16733.8691650391 2260.72512817383
vertex 9948.31203125 16726.3884643555 2248.75541381836
vertex 9940.83108337402 16732.3731567383 2256.23627929688
endloop
endfacet
facet normal 0.369979850187639 -0.517640761745812 0.771468050041185
outer loop
vertex 9952.80030334473 16724.8924560547 2250.25175170898
vertex 9942.32717407226 16733.8691650391 2260.72512817383
vertex 9939.33482788086 16730.8771484375 2260.72512817383
endloop
endfacet
facet normal 0.369979850187639 -0.517640761745812 0.771468050041185
outer loop
vertex 9952.80030334473 16724.8924560547 2250.25175170898
vertex 9939.33482788086 16730.8771484375 2260.72512817383
vertex 9948.31203125 16721.9001098633 2250.25175170898
endloop
endfacet
facet normal 0.0939922900170643 -0.674874644317218 0.731921897387321
outer loop
vertex 9951.30429504394 17025.6234130859 2097.6416015625
vertex 9951.30429504394 17022.6310668945 2094.64925537109
vertex 9964.76993530273 17022.6310668945 2093.15324707031
endloop
endfacet
facet normal 0.169036502746234 -0.507051325978079 0.845177859129778
outer loop
vertex 9966.26594360351 17025.6234130859 2094.64925537109
vertex 9951.30429504394 17025.6234130859 2097.6416015625
vertex 9964.76993530273 17022.6310668945 2093.15324707031
endloop
endfacet
facet normal -0.129242792216369 -0.251656876708762 -0.959148120503454
outer loop
vertex 9964.76993530273 17027.1197509766 2091.65707397461
vertex 9951.30429504394 17022.6310668945 2094.64925537109
vertex 9951.30429504394 17027.1197509766 2094.64925537109
endloop
endfacet
facet normal -0.104816810520388 -0.314475448778263 -0.943460984009431
outer loop
vertex 9964.76993530273 17022.6310668945 2093.15324707031
vertex 9951.30429504394 17022.6310668945 2094.64925537109
vertex 9964.76993530273 17027.1197509766 2091.65707397461
endloop
endfacet
facet normal 0.0890953547897045 0.890850519127558 0.445474320612376
outer loop
vertex 9951.30429504394 17025.6234130859 2097.6416015625
vertex 9966.26594360351 17025.6234130859 2094.64925537109
vertex 9951.30429504394 17027.1197509766 2094.64925537109
endloop
endfacet
facet normal 0.0905461993388511 0.90535728688028 0.414885006812814
outer loop
vertex 9966.26594360351 17025.6234130859 2094.64925537109
vertex 9964.76993530273 17027.1197509766 2091.65707397461
vertex 9951.30429504394 17027.1197509766 2094.64925537109
endloop
endfacet
facet normal 0.825706577426205 -0.559322794301947 0.0732574895103791
outer loop
vertex 9966.26594360351 17025.6234130859 2094.64925537109
vertex 9964.76993530273 17022.6310668945 2093.15324707031
vertex 9964.76993530273 17022.6310668945 2088.66456298828
endloop
endfacet
facet normal 0.825706577426205 -0.559322794301947 0.0732574895103791
outer loop
vertex 9966.26594360351 17025.6234130859 2094.64925537109
vertex 9964.76993530273 17022.6310668945 2088.66456298828
vertex 9967.76211669922 17025.6234130859 2087.1685546875
endloop
endfacet
facet normal -1.0 0.0 0.0
outer loop
vertex 9964.76993530273 17027.1197509766 2091.65707397461
vertex 9964.76993530273 17022.6310668945 2088.66456298828
vertex 9964.76993530273 17022.6310668945 2093.15324707031
endloop
endfacet
facet normal -1.0 0.0 0.0
outer loop
vertex 9964.76993530273 16988.2189208984 2091.65707397461
vertex 9964.76993530273 16985.2272338867 2085.6723815918
vertex 9964.76993530273 16985.2272338867 2091.65707397461
endloop
endfacet
facet normal -1.0 0.0 0.0
outer loop
vertex 9964.76993530273 16985.2272338867 2085.6723815918
vertex 9964.76993530273 16988.2189208984 2091.65707397461
vertex 9964.76993530273 16988.2189208984 2088.66456298828
endloop
endfacet
facet normal -1.0 0.0 0.0
outer loop
vertex 9964.76993530273 16985.2272338867 2085.6723815918
vertex 9964.76993530273 16988.2189208984 2088.66456298828
vertex 9964.76993530273 17027.1197509766 2085.6723815918
endloop
endfacet
facet normal -1.0 0.0 0.0
outer loop
vertex 9964.76993530273 17027.1197509766 2085.6723815918
vertex 9964.76993530273 16988.2189208984 2088.66456298828
vertex 9964.76993530273 17022.6310668945 2088.66456298828
endloop
endfacet
facet normal -1.0 0.0 0.0
outer loop
vertex 9964.76993530273 17027.1197509766 2085.6723815918
vertex 9964.76993530273 17022.6310668945 2088.66456298828
vertex 9964.76993530273 17027.1197509766 2091.65707397461
endloop
endfacet
facet normal 0.577424882495705 0.80823458084293 0.115487520557307
outer loop
vertex 9966.26594360351 17025.6234130859 2094.64925537109
vertex 9967.76211669922 17025.6234130859 2087.1685546875
vertex 9964.76993530273 17027.1197509766 2091.65707397461
endloop
endfacet
facet normal 0.546610095401857 0.832883929014896 0.0867281061333796
outer loop
vertex 9964.76993530273 17027.1197509766 2091.65707397461
vertex 9967.76211669922 17025.6234130859 2087.1685546875
vertex 9964.76993530273 17027.1197509766 2085.6723815918
endloop
endfacet
facet normal 0.447193890879786 3.4696506167954e-019 0.894437043038692
outer loop
vertex 9967.76211669922 16986.7232421875 2087.1685546875
vertex 9964.76993530273 17022.6310668945 2088.66456298828
vertex 9964.76993530273 16988.2189208984 2088.66456298828
endloop
endfacet
facet normal 0.447193890879786 3.4696506167954e-019 0.894437043038692
outer loop
vertex 9964.76993530273 17022.6310668945 2088.66456298828
vertex 9967.76211669922 16986.7232421875 2087.1685546875
vertex 9967.76211669922 17025.6234130859 2087.1685546875
endloop
endfacet
facet normal 0.447233299468942 -4.21118295473218e-019 -0.894417338744126
outer loop
vertex 9967.76211669922 17025.6234130859 2087.1685546875
vertex 9964.76993530273 16985.2272338867 2085.6723815918
vertex 9964.76993530273 17027.1197509766 2085.6723815918
endloop
endfacet
facet normal 0.447233299468942 -4.21118295473218e-019 -0.894417338744126
outer loop
vertex 9964.76993530273 16985.2272338867 2085.6723815918
vertex 9967.76211669922 17025.6234130859 2087.1685546875
vertex 9967.76211669922 16986.7232421875 2087.1685546875
endloop
endfacet
facet normal 0.546447819704944 0.832992707263452 0.0867059974028176
outer loop
vertex 9964.76993530273 16988.2189208984 2091.65707397461
vertex 9967.76211669922 16986.7232421875 2087.1685546875
vertex 9964.76993530273 16988.2189208984 2088.66456298828
endloop
endfacet
facet normal 0.577258677526165 0.808358044878832 0.115454278831122
outer loop
vertex 9966.26594360351 16986.7232421875 2094.64925537109
vertex 9967.76211669922 16986.7232421875 2087.1685546875
vertex 9964.76993530273 16988.2189208984 2091.65707397461
endloop
endfacet
facet normal 0.412371912574948 -0.907274535218816 0.0824761993714564
outer loop
vertex 9966.26594360351 16986.7232421875 2094.64925537109
vertex 9964.76993530273 16985.2272338867 2085.6723815918
vertex 9967.76211669922 16986.7232421875 2087.1685546875
endloop
endfacet
facet normal 0.707106781186548 -0.707106781186548 0.0
outer loop
vertex 9966.26594360351 16986.7232421875 2094.64925537109
vertex 9964.76993530273 16985.2272338867 2091.65707397461
vertex 9964.76993530273 16985.2272338867 2085.6723815918
endloop
endfacet
facet normal 0.0907900555287424 0.908195652977925 0.408580251271507
outer loop
vertex 9966.26594360351 16986.7232421875 2094.64925537109
vertex 9964.76993530273 16988.2189208984 2091.65707397461
vertex 9951.30429504394 16988.2189208984 2094.64925537109
endloop
endfacet
facet normal 0.0705233496617504 0.705462720814916 0.705229612745311
outer loop
vertex 9951.30429504394 16986.7232421875 2096.1454284668
vertex 9966.26594360351 16986.7232421875 2094.64925537109
vertex 9951.30429504394 16988.2189208984 2094.64925537109
endloop
endfacet
facet normal -0.216917808261462 -4.94342696050888e-017 -0.976189871110658
outer loop
vertex 9964.76993530273 16988.2189208984 2091.65707397461
vertex 9951.30429504394 16985.2272338867 2094.64925537109
vertex 9951.30429504394 16988.2189208984 2094.64925537109
endloop
endfacet
facet normal -0.216917808261462 -4.94342696050888e-017 -0.976189871110658
outer loop
vertex 9951.30429504394 16985.2272338867 2094.64925537109
vertex 9964.76993530273 16988.2189208984 2091.65707397461
vertex 9964.76993530273 16985.2272338867 2091.65707397461
endloop
endfacet
facet normal 0.0429520716872935 -0.902036088712447 0.429518351410182
outer loop
vertex 9951.30429504394 16986.7232421875 2096.1454284668
vertex 9964.76993530273 16985.2272338867 2091.65707397461
vertex 9966.26594360351 16986.7232421875 2094.64925537109
endloop
endfacet
facet normal 0.155212492244479 -0.698575901024039 0.69849895687804
outer loop
vertex 9951.30429504394 16986.7232421875 2096.1454284668
vertex 9951.30429504394 16985.2272338867 2094.64925537109
vertex 9964.76993530273 16985.2272338867 2091.65707397461
endloop
endfacet
facet normal -0.53427678254745 -0.625388681979343 0.568715496608705
outer loop
vertex 9927.36544311523 16711.4267333984 2148.51181640625
vertex 9925.86943481445 16709.9303955078 2145.51930541992
vertex 9934.84647338867 16700.9536865234 2144.02313232422
endloop
endfacet
facet normal -0.53427678254745 -0.625388681979343 0.568715496608705
outer loop
vertex 9927.36544311523 16711.4267333984 2148.51181640625
vertex 9934.84647338867 16700.9536865234 2144.02313232422
vertex 9937.83865478516 16699.4573486328 2145.51930541992
endloop
endfacet
facet normal -0.0599855508626569 0.102604559459865 -0.99291189844102
outer loop
vertex 9937.83865478516 16702.4493652344 2144.02313232422
vertex 9925.86943481445 16709.9303955078 2145.51930541992
vertex 9928.86145141601 16712.9224121094 2145.51930541992
endloop
endfacet
facet normal -0.0599855508626569 0.102604559459865 -0.99291189844102
outer loop
vertex 9937.83865478516 16702.4493652344 2144.02313232422
vertex 9934.84647338867 16700.9536865234 2144.02313232422
vertex 9925.86943481445 16709.9303955078 2145.51930541992
endloop
endfacet
facet normal 0.672758096013624 0.448530098403371 0.588402324157872
outer loop
vertex 9928.86145141601 16712.9224121094 2145.51930541992
vertex 9927.36544311523 16711.4267333984 2148.51181640625
vertex 9937.83865478516 16699.4573486328 2145.51930541992
endloop
endfacet
facet normal 0.557098710610012 0.371419594904792 0.742757370315113
outer loop
vertex 9937.83865478516 16702.4493652344 2144.02313232422
vertex 9928.86145141601 16712.9224121094 2145.51930541992
vertex 9937.83865478516 16699.4573486328 2145.51930541992
endloop
endfacet
facet normal -0.492428000884709 -0.861603252715216 0.12310361024458
outer loop
vertex 9937.83865478516 16699.4573486328 2145.51930541992
vertex 9934.84647338867 16700.9536865234 2144.02313232422
vertex 9936.34256408691 16699.4573486328 2139.53477783203
endloop
endfacet
facet normal 0.0 -1.0 0.0
outer loop
vertex 9937.83865478516 16699.4573486328 2145.51930541992
vertex 9936.34256408691 16699.4573486328 2139.53477783203
vertex 9939.33482788086 16699.4573486328 2138.03843994141
endloop
endfacet
facet normal -0.447115065887965 0.894476449022556 2.50865461510998e-017
outer loop
vertex 9937.83865478516 16702.4493652344 2144.02313232422
vertex 9937.83865478516 16702.4493652344 2136.5422668457
vertex 9934.84647338867 16700.9536865234 2144.02313232422
endloop
endfacet
facet normal -0.92998630106043 0.116224279202007 -0.348736858912151
outer loop
vertex 9937.83865478516 16702.4493652344 2136.5422668457
vertex 9936.34256408691 16699.4573486328 2139.53477783203
vertex 9934.84647338867 16700.9536865234 2144.02313232422
endloop
endfacet
facet normal 0.975899049068418 0.0976006550616059 0.195179809813677
outer loop
vertex 9937.83865478516 16702.4493652344 2144.02313232422
vertex 9937.83865478516 16699.4573486328 2145.51930541992
vertex 9939.33482788086 16699.4573486328 2138.03843994141
endloop
endfacet
facet normal 0.894407485185974 0.447253004957264 0.0
outer loop
vertex 9937.83865478516 16702.4493652344 2144.02313232422
vertex 9939.33482788086 16699.4573486328 2138.03843994141
vertex 9937.83865478516 16702.4493652344 2136.5422668457
endloop
endfacet
facet normal 0.402840802401216 -0.427799429182744 0.809139627203898
outer loop
vertex 9939.33482788086 16699.4573486328 2138.03843994141
vertex 9936.34256408691 16699.4573486328 2139.53477783203
vertex 9910.90737426758 16675.5185791016 2139.53477783203
endloop
endfacet
facet normal 0.402840802401216 -0.427799429182744 0.809139627203898
outer loop
vertex 9939.33482788086 16699.4573486328 2138.03843994141
vertex 9910.90737426758 16675.5185791016 2139.53477783203
vertex 9910.90737426758 16672.5259033203 2138.03843994141
endloop
endfacet
facet normal -0.644051514796164 0.678180555193096 0.353933299996978
outer loop
vertex 9936.34256408691 16699.4573486328 2139.53477783203
vertex 9937.83865478516 16702.4493652344 2136.5422668457
vertex 9907.91511047363 16674.0222412109 2136.5422668457
endloop
endfacet
facet normal -0.644051514796164 0.678180555193096 0.353933299996978
outer loop
vertex 9936.34256408691 16699.4573486328 2139.53477783203
vertex 9907.91511047363 16674.0222412109 2136.5422668457
vertex 9910.90737426758 16675.5185791016 2139.53477783203
endloop
endfacet
facet normal 0.291214133941274 -0.30739071698855 -0.905927853254385
outer loop
vertex 9939.33482788086 16699.4573486328 2138.03843994141
vertex 9910.90737426758 16672.5259033203 2138.03843994141
vertex 9937.83865478516 16702.4493652344 2136.5422668457
endloop
endfacet
facet normal 0.291521253192229 -0.30765765546119 -0.90573844236256
outer loop
vertex 9937.83865478516 16702.4493652344 2136.5422668457
vertex 9910.90737426758 16672.5259033203 2138.03843994141
vertex 9907.91511047363 16674.0222412109 2136.5422668457
endloop
endfacet
facet normal 0.912891037571666 -0.182554076109698 0.365108152219397
outer loop
vertex 9909.4113659668 16677.0142578125 2144.02313232422
vertex 9910.90737426758 16672.5259033203 2138.03843994141
vertex 9910.90737426758 16675.5185791016 2139.53477783203
endloop
endfacet
facet normal 0.907267242769839 0.412385941811823 -0.0824862727536541
outer loop
vertex 9909.4113659668 16677.0142578125 2144.02313232422
vertex 9910.90737426758 16674.0222412109 2145.51930541992
vertex 9910.90737426758 16672.5259033203 2138.03843994141
endloop
endfacet
facet normal -0.447262852845146 0.894402560631856 -3.13538654969661e-018
outer loop
vertex 9907.91511047363 16674.0222412109 2144.02313232422
vertex 9910.90737426758 16675.5185791016 2139.53477783203
vertex 9907.91511047363 16674.0222412109 2136.5422668457
endloop
endfacet
facet normal -0.816486585820388 0.408310748841027 -0.40820581519161
outer loop
vertex 9909.4113659668 16677.0142578125 2144.02313232422
vertex 9910.90737426758 16675.5185791016 2139.53477783203
vertex 9907.91511047363 16674.0222412109 2144.02313232422
endloop
endfacet
facet normal -0.507142819394238 -0.845121672462339 0.169042951557653
outer loop
vertex 9910.90737426758 16674.0222412109 2145.51930541992
vertex 9907.91511047363 16674.0222412109 2136.5422668457
vertex 9910.90737426758 16672.5259033203 2138.03843994141
endloop
endfacet
facet normal 0.0 -1.0 0.0
outer loop
vertex 9910.90737426758 16674.0222412109 2145.51930541992
vertex 9907.91511047363 16674.0222412109 2144.02313232422
vertex 9907.91511047363 16674.0222412109 2136.5422668457
endloop
endfacet
facet normal 0.710156607626902 0.621382142942657 0.331001246335783
outer loop
vertex 9900.43424499512 16685.9916259766 2145.51930541992
vertex 9910.90737426758 16674.0222412109 2145.51930541992
vertex 9909.4113659668 16677.0142578125 2144.02313232422
endloop
endfacet
facet normal 0.710156607626902 0.621382142942657 0.331001246335783
outer loop
vertex 9900.43424499512 16685.9916259766 2145.51930541992
vertex 9900.43424499512 16684.4952880859 2148.51181640625
vertex 9910.90737426758 16674.0222412109 2145.51930541992
endloop
endfacet
facet normal -0.102653023087772 0.0549244989797414 -0.993199706133044
outer loop
vertex 9909.4113659668 16677.0142578125 2144.02313232422
vertex 9907.91511047363 16674.0222412109 2144.02313232422
vertex 9898.93815429687 16684.4952880859 2145.51930541992
endloop
endfacet
facet normal -0.102653023087772 0.0549244989797414 -0.993199706133044
outer loop
vertex 9909.4113659668 16677.0142578125 2144.02313232422
vertex 9898.93815429687 16684.4952880859 2145.51930541992
vertex 9900.43424499512 16685.9916259766 2145.51930541992
endloop
endfacet
facet normal -0.365898747935891 -0.574995672627693 0.731777345043131
outer loop
vertex 9910.90737426758 16674.0222412109 2145.51930541992
vertex 9900.43424499512 16684.4952880859 2148.51181640625
vertex 9907.91511047363 16674.0222412109 2144.02313232422
endloop
endfacet
facet normal -0.688071770955177 -0.638923014262949 0.343997993976353
outer loop
vertex 9898.93815429687 16684.4952880859 2145.51930541992
vertex 9907.91511047363 16674.0222412109 2144.02313232422
vertex 9900.43424499512 16684.4952880859 2148.51181640625
endloop
endfacet
facet normal -0.53427678254745 -0.625388681979343 0.568715496608705
outer loop
vertex 9927.36544311523 16711.4267333984 2118.58835449219
vertex 9925.86943481445 16709.9303955078 2115.59584350586
vertex 9934.84647338867 16700.9536865234 2114.09967041016
endloop
endfacet
facet normal -0.53427678254745 -0.625388681979343 0.568715496608705
outer loop
vertex 9927.36544311523 16711.4267333984 2118.58835449219
vertex 9934.84647338867 16700.9536865234 2114.09967041016
vertex 9937.83865478516 16699.4573486328 2115.59584350586
endloop
endfacet
facet normal -0.0599855508626569 0.102604559459865 -0.99291189844102
outer loop
vertex 9937.83865478516 16702.4493652344 2114.09967041016
vertex 9925.86943481445 16709.9303955078 2115.59584350586
vertex 9928.86145141601 16712.9224121094 2115.59584350586
endloop
endfacet
facet normal -0.0599855508626569 0.102604559459865 -0.99291189844102
outer loop
vertex 9937.83865478516 16702.4493652344 2114.09967041016
vertex 9934.84647338867 16700.9536865234 2114.09967041016
vertex 9925.86943481445 16709.9303955078 2115.59584350586
endloop
endfacet
facet normal 0.672758096013624 0.448530098403371 0.588402324157872
outer loop
vertex 9928.86145141601 16712.9224121094 2115.59584350586
vertex 9927.36544311523 16711.4267333984 2118.58835449219
vertex 9937.83865478516 16699.4573486328 2115.59584350586
endloop
endfacet
facet normal 0.557098710610012 0.371419594904792 0.742757370315113
outer loop
vertex 9937.83865478516 16702.4493652344 2114.09967041016
vertex 9928.86145141601 16712.9224121094 2115.59584350586
vertex 9937.83865478516 16699.4573486328 2115.59584350586
endloop
endfacet
facet normal -0.492425535817479 -0.861605718189746 0.123096214635545
outer loop
vertex 9937.83865478516 16699.4573486328 2115.59584350586
vertex 9934.84647338867 16700.9536865234 2114.09967041016
vertex 9936.34256408691 16699.4573486328 2109.61098632813
endloop
endfacet
facet normal 0.0 -1.0 0.0
outer loop
vertex 9937.83865478516 16699.4573486328 2115.59584350586
vertex 9936.34256408691 16699.4573486328 2109.61098632813
vertex 9939.33482788086 16699.4573486328 2108.11497802734
endloop
endfacet
facet normal -0.447115065887965 0.894476449022556 2.50865461510998e-017
outer loop
vertex 9937.83865478516 16702.4493652344 2114.09967041016
vertex 9937.83865478516 16702.4493652344 2106.61880493164
vertex 9934.84647338867 16700.9536865234 2114.09967041016
endloop
endfacet
facet normal -0.929984223524521 0.116272035656594 -0.348726479808696
outer loop
vertex 9937.83865478516 16702.4493652344 2106.61880493164
vertex 9936.34256408691 16699.4573486328 2109.61098632813
vertex 9934.84647338867 16700.9536865234 2114.09967041016
endloop
endfacet
facet normal 0.975899049068418 0.0976006550616059 0.195179809813677
outer loop
vertex 9937.83865478516 16702.4493652344 2114.09967041016
vertex 9937.83865478516 16699.4573486328 2115.59584350586
vertex 9939.33482788086 16699.4573486328 2108.11497802734
endloop
endfacet
facet normal 0.894407485185974 0.447253004957264 -1.25436876469744e-017
outer loop
vertex 9937.83865478516 16702.4493652344 2114.09967041016
vertex 9939.33482788086 16699.4573486328 2108.11497802734
vertex 9937.83865478516 16702.4493652344 2106.61880493164
endloop
endfacet
facet normal 0.402782739092021 -0.427737775692208 0.809201124773942
outer loop
vertex 9939.33482788086 16699.4573486328 2108.11497802734
vertex 9936.34256408691 16699.4573486328 2109.61098632813
vertex 9910.90737426758 16675.5185791016 2109.61098632813
endloop
endfacet
facet normal 0.402782739092021 -0.427737775692208 0.809201124773942
outer loop
vertex 9939.33482788086 16699.4573486328 2108.11497802734
vertex 9910.90737426758 16675.5185791016 2109.61098632813
vertex 9910.90737426758 16672.5259033203 2108.11497802734
endloop
endfacet
facet normal -0.644042588203603 0.678171129318354 0.353967602951278
outer loop
vertex 9936.34256408691 16699.4573486328 2109.61098632813
vertex 9937.83865478516 16702.4493652344 2106.61880493164
vertex 9907.91511047363 16674.0222412109 2106.61880493164
endloop
endfacet
facet normal -0.644042588203603 0.678171129318354 0.353967602951278
outer loop
vertex 9936.34256408691 16699.4573486328 2109.61098632813
vertex 9907.91511047363 16674.0222412109 2106.61880493164
vertex 9910.90737426758 16675.5185791016 2109.61098632813
endloop
endfacet
facet normal 0.291214133941274 -0.30739071698855 -0.905927853254385
outer loop
vertex 9939.33482788086 16699.4573486328 2108.11497802734
vertex 9910.90737426758 16672.5259033203 2108.11497802734
vertex 9937.83865478516 16702.4493652344 2106.61880493164
endloop
endfacet
facet normal 0.291521253192229 -0.30765765546119 -0.90573844236256
outer loop
vertex 9937.83865478516 16702.4493652344 2106.61880493164
vertex 9910.90737426758 16672.5259033203 2108.11497802734
vertex 9907.91511047363 16674.0222412109 2106.61880493164
endloop
endfacet
facet normal 0.912917835481772 -0.182495106774768 0.365070625581601
outer loop
vertex 9909.4113659668 16677.0142578125 2114.09967041016
vertex 9910.90737426758 16672.5259033203 2108.11497802734
vertex 9910.90737426758 16675.5185791016 2109.61098632813
endloop
endfacet
facet normal 0.907267242769839 0.412385941811823 -0.0824862727536541
outer loop
vertex 9909.4113659668 16677.0142578125 2114.09967041016
vertex 9910.90737426758 16674.0222412109 2115.59584350586
vertex 9910.90737426758 16672.5259033203 2108.11497802734
endloop
endfacet
facet normal -0.447262852845146 0.894402560631856 3.13538654969661e-018
outer loop
vertex 9907.91511047363 16674.0222412109 2114.09967041016
vertex 9910.90737426758 16675.5185791016 2109.61098632813
vertex 9907.91511047363 16674.0222412109 2106.61880493164
endloop
endfacet
facet normal -0.816496575561519 0.408315744536918 -0.408180835977848
outer loop
vertex 9909.4113659668 16677.0142578125 2114.09967041016
vertex 9910.90737426758 16675.5185791016 2109.61098632813
vertex 9907.91511047363 16674.0222412109 2114.09967041016
endloop
endfacet
facet normal -0.507142819394238 -0.845121672462339 0.169042951557653
outer loop
vertex 9910.90737426758 16674.0222412109 2115.59584350586
vertex 9907.91511047363 16674.0222412109 2106.61880493164
vertex 9910.90737426758 16672.5259033203 2108.11497802734
endloop
endfacet
facet normal 0.0 -1.0 0.0
outer loop
vertex 9910.90737426758 16674.0222412109 2115.59584350586
vertex 9907.91511047363 16674.0222412109 2114.09967041016
vertex 9907.91511047363 16674.0222412109 2106.61880493164
endloop
endfacet
facet normal 0.710156607626902 0.621382142942657 0.331001246335783
outer loop
vertex 9900.43424499512 16685.9916259766 2115.59584350586
vertex 9910.90737426758 16674.0222412109 2115.59584350586
vertex 9909.4113659668 16677.0142578125 2114.09967041016
endloop
endfacet
facet normal 0.710156607626902 0.621382142942657 0.331001246335783
outer loop
vertex 9900.43424499512 16685.9916259766 2115.59584350586
vertex 9900.43424499512 16684.4952880859 2118.58835449219
vertex 9910.90737426758 16674.0222412109 2115.59584350586
endloop
endfacet
facet normal -0.102653023087772 0.0549244989797414 -0.993199706133044
outer loop
vertex 9909.4113659668 16677.0142578125 2114.09967041016
vertex 9907.91511047363 16674.0222412109 2114.09967041016
vertex 9898.93815429687 16684.4952880859 2115.59584350586
endloop
endfacet
facet normal -0.102653023087772 0.0549244989797414 -0.993199706133044
outer loop
vertex 9909.4113659668 16677.0142578125 2114.09967041016
vertex 9898.93815429687 16684.4952880859 2115.59584350586
vertex 9900.43424499512 16685.9916259766 2115.59584350586
endloop
endfacet
facet normal -0.365898747935891 -0.574995672627693 0.731777345043131
outer loop
vertex 9910.90737426758 16674.0222412109 2115.59584350586
vertex 9900.43424499512 16684.4952880859 2118.58835449219
vertex 9907.91511047363 16674.0222412109 2114.09967041016
endloop
endfacet
facet normal -0.688071770955177 -0.638923014262949 0.343997993976353
outer loop
vertex 9898.93815429687 16684.4952880859 2115.59584350586
vertex 9907.91511047363 16674.0222412109 2114.09967041016
vertex 9900.43424499512 16684.4952880859 2118.58835449219
endloop
endfacet
facet normal -0.534255229499576 -0.625371950429985 0.568754141407122
outer loop
vertex 9927.36544311523 16711.4267333984 2088.66456298828
vertex 9925.86943481445 16709.9303955078 2085.6723815918
vertex 9934.84647338867 16700.9536865234 2084.17620849609
endloop
endfacet
facet normal -0.534255229499576 -0.625371950429985 0.568754141407122
outer loop
vertex 9927.36544311523 16711.4267333984 2088.66456298828
vertex 9934.84647338867 16700.9536865234 2084.17620849609
vertex 9937.83865478516 16699.4573486328 2085.6723815918
endloop
endfacet
facet normal -0.0599855508626666 0.102604559459881 -0.992911898441018
outer loop
vertex 9937.83865478516 16702.4493652344 2084.17620849609
vertex 9925.86943481445 16709.9303955078 2085.6723815918
vertex 9928.86145141601 16712.9224121094 2085.6723815918
endloop
endfacet
facet normal -0.0599855508626666 0.102604559459881 -0.992911898441018
outer loop
vertex 9937.83865478516 16702.4493652344 2084.17620849609
vertex 9934.84647338867 16700.9536865234 2084.17620849609
vertex 9925.86943481445 16709.9303955078 2085.6723815918
endloop
endfacet
facet normal 0.672735262784256 0.448514875412111 0.588440033257983
outer loop
vertex 9928.86145141601 16712.9224121094 2085.6723815918
vertex 9927.36544311523 16711.4267333984 2088.66456298828
vertex 9937.83865478516 16699.4573486328 2085.6723815918
endloop
endfacet
facet normal 0.557098710610062 0.371419594904825 0.742757370315059
outer loop
vertex 9937.83865478516 16702.4493652344 2084.17620849609
vertex 9928.86145141601 16712.9224121094 2085.6723815918
vertex 9937.83865478516 16699.4573486328 2085.6723815918
endloop
endfacet
facet normal -0.492425535817486 -0.861605718189743 0.123096214635542
outer loop
vertex 9937.83865478516 16699.4573486328 2085.6723815918
vertex 9934.84647338867 16700.9536865234 2084.17620849609
vertex 9936.34256408691 16699.4573486328 2079.68752441406
endloop
endfacet
facet normal 0.0 -1.0 0.0
outer loop
vertex 9937.83865478516 16699.4573486328 2085.6723815918
vertex 9936.34256408691 16699.4573486328 2079.68752441406
vertex 9939.33482788086 16699.4573486328 2078.19151611328
endloop
endfacet
facet normal -0.447115065887965 0.894476449022556 0.0
outer loop
vertex 9937.83865478516 16702.4493652344 2084.17620849609
vertex 9937.83865478516 16702.4493652344 2076.69517822266
vertex 9934.84647338867 16700.9536865234 2084.17620849609
endloop
endfacet
facet normal -0.929987338354262 0.116258020280641 -0.34872284585496
outer loop
vertex 9937.83865478516 16702.4493652344 2076.69517822266
vertex 9936.34256408691 16699.4573486328 2079.68752441406
vertex 9934.84647338867 16700.9536865234 2084.17620849609
endloop
endfacet
facet normal 0.975899049068418 0.0976006550616186 0.195179809813671
outer loop
vertex 9937.83865478516 16702.4493652344 2084.17620849609
vertex 9937.83865478516 16699.4573486328 2085.6723815918
vertex 9939.33482788086 16699.4573486328 2078.19151611328
endloop
endfacet
facet normal 0.894407485185974 0.447253004957264 1.25431350190125e-017
outer loop
vertex 9937.83865478516 16702.4493652344 2084.17620849609
vertex 9939.33482788086 16699.4573486328 2078.19151611328
vertex 9937.83865478516 16702.4493652344 2076.69517822266
endloop
endfacet
facet normal 0.402782739092021 -0.427737775692208 0.809201124773941
outer loop
vertex 9939.33482788086 16699.4573486328 2078.19151611328
vertex 9936.34256408691 16699.4573486328 2079.68752441406
vertex 9910.90737426758 16675.5185791016 2079.68752441406
endloop
endfacet
facet normal 0.402782739092021 -0.427737775692208 0.809201124773941
outer loop
vertex 9939.33482788086 16699.4573486328 2078.19151611328
vertex 9910.90737426758 16675.5185791016 2079.68752441406
vertex 9910.90737426758 16672.5259033203 2078.19151611328
endloop
endfacet
facet normal -0.644047051823186 0.678175842595949 0.353950450709046
outer loop
vertex 9936.34256408691 16699.4573486328 2079.68752441406
vertex 9937.83865478516 16702.4493652344 2076.69517822266
vertex 9907.91511047363 16674.0222412109 2076.69517822266
endloop
endfacet
facet normal -0.644047051823186 0.678175842595949 0.353950450709046
outer loop
vertex 9936.34256408691 16699.4573486328 2079.68752441406
vertex 9907.91511047363 16674.0222412109 2076.69517822266
vertex 9910.90737426758 16675.5185791016 2079.68752441406
endloop
endfacet
facet normal 0.291240457754025 -0.307418503056369 -0.905909962273187
outer loop
vertex 9939.33482788086 16699.4573486328 2078.19151611328
vertex 9910.90737426758 16672.5259033203 2078.19151611328
vertex 9937.83865478516 16702.4493652344 2076.69517822266
endloop
endfacet
facet normal 0.291547598595187 -0.307685458242777 -0.905720517896836
outer loop
vertex 9937.83865478516 16702.4493652344 2076.69517822266
vertex 9910.90737426758 16672.5259033203 2078.19151611328
vertex 9907.91511047363 16674.0222412109 2076.69517822266
endloop
endfacet
facet normal 0.912917835481772 -0.182495106774768 0.365070625581601
outer loop
vertex 9909.4113659668 16677.0142578125 2084.17620849609
vertex 9910.90737426758 16672.5259033203 2078.19151611328
vertex 9910.90737426758 16675.5185791016 2079.68752441406
endloop
endfacet
facet normal 0.907267242769841 0.412385941811819 -0.0824862727536507
outer loop
vertex 9909.4113659668 16677.0142578125 2084.17620849609
vertex 9910.90737426758 16674.0222412109 2085.6723815918
vertex 9910.90737426758 16672.5259033203 2078.19151611328
endloop
endfacet
facet normal -0.447262852845146 0.894402560631856 1.56762420814609e-017
outer loop
vertex 9907.91511047363 16674.0222412109 2084.17620849609
vertex 9910.90737426758 16675.5185791016 2079.68752441406
vertex 9907.91511047363 16674.0222412109 2076.69517822266
endloop
endfacet
facet normal -0.816496575561519 0.408315744536918 -0.408180835977848
outer loop
vertex 9909.4113659668 16677.0142578125 2084.17620849609
vertex 9910.90737426758 16675.5185791016 2079.68752441406
vertex 9907.91511047363 16674.0222412109 2084.17620849609
endloop
endfacet
facet normal -0.507149734732607 -0.845117682291927 0.169042153435666
outer loop
vertex 9910.90737426758 16674.0222412109 2085.6723815918
vertex 9907.91511047363 16674.0222412109 2076.69517822266
vertex 9910.90737426758 16672.5259033203 2078.19151611328
endloop
endfacet
facet normal 0.0 -1.0 0.0
outer loop
vertex 9910.90737426758 16674.0222412109 2085.6723815918
vertex 9907.91511047363 16674.0222412109 2084.17620849609
vertex 9907.91511047363 16674.0222412109 2076.69517822266
endloop
endfacet
facet normal 0.710149140500666 0.621375609258605 0.33102953110661
outer loop
vertex 9900.43424499512 16685.9916259766 2085.6723815918
vertex 9910.90737426758 16674.0222412109 2085.6723815918
vertex 9909.4113659668 16677.0142578125 2084.17620849609
endloop
endfacet
facet normal 0.710149140500666 0.621375609258605 0.33102953110661
outer loop
vertex 9900.43424499512 16685.9916259766 2085.6723815918
vertex 9900.43424499512 16684.4952880859 2088.66456298828
vertex 9910.90737426758 16674.0222412109 2085.6723815918
endloop
endfacet
facet normal -0.102653023087788 0.0549244989797503 -0.993199706133042
outer loop
vertex 9909.4113659668 16677.0142578125 2084.17620849609
vertex 9907.91511047363 16674.0222412109 2084.17620849609
vertex 9898.93815429687 16684.4952880859 2085.6723815918
endloop
endfacet
facet normal -0.102653023087788 0.0549244989797503 -0.993199706133042
outer loop
vertex 9909.4113659668 16677.0142578125 2084.17620849609
vertex 9898.93815429687 16684.4952880859 2085.6723815918
vertex 9900.43424499512 16685.9916259766 2085.6723815918
endloop
endfacet
facet normal -0.365903593062896 -0.574980257004865 0.731787035030193
outer loop
vertex 9910.90737426758 16674.0222412109 2085.6723815918
vertex 9900.43424499512 16684.4952880859 2088.66456298828
vertex 9907.91511047363 16674.0222412109 2084.17620849609
endloop
endfacet
facet normal -0.688060422232861 -0.638917889243917 0.344030211116458
outer loop
vertex 9898.93815429687 16684.4952880859 2085.6723815918
vertex 9907.91511047363 16674.0222412109 2084.17620849609
vertex 9900.43424499512 16684.4952880859 2088.66456298828
endloop
endfacet
facet normal -0.0939923365926709 -0.674875638685039 0.731920974539814
outer loop
vertex 9496.4666027832 17025.6234130859 2097.6416015625
vertex 9481.50478942871 17025.6234130859 2094.64925537109
vertex 9483.00104492187 17022.6310668945 2093.15324707031
endloop
endfacet
facet normal -0.0939923365926709 -0.674875638685039 0.731920974539814
outer loop
vertex 9496.4666027832 17025.6234130859 2097.6416015625
vertex 9483.00104492187 17022.6310668945 2093.15324707031
vertex 9496.4666027832 17022.6310668945 2094.64925537109
endloop
endfacet
facet normal 0.195308341631509 -0.0663658504424137 -0.978493855670134
outer loop
vertex 9496.4666027832 17022.6310668945 2094.64925537109
vertex 9483.00104492187 17022.6310668945 2093.15324707031
vertex 9483.00104492187 17027.1197509766 2091.65707397461
endloop
endfacet
facet normal 0.195308341631509 -0.0663658504424137 -0.978493855670134
outer loop
vertex 9496.4666027832 17022.6310668945 2094.64925537109
vertex 9483.00104492187 17027.1197509766 2091.65707397461
vertex 9496.4666027832 17027.1197509766 2094.64925537109
endloop
endfacet
facet normal -0.0893378166795026 0.893284696612195 0.440523785180096
outer loop
vertex 9496.4666027832 17027.1197509766 2094.64925537109
vertex 9483.00104492187 17027.1197509766 2091.65707397461
vertex 9481.50478942871 17025.6234130859 2094.64925537109
endloop
endfacet
facet normal -0.089094381250303 0.890850597015857 0.445474359560814
outer loop
vertex 9496.4666027832 17025.6234130859 2097.6416015625
vertex 9496.4666027832 17027.1197509766 2094.64925537109
vertex 9481.50478942871 17025.6234130859 2094.64925537109
endloop
endfacet
facet normal -0.73520127140797 -0.661707867222967 0.147043493481812
outer loop
vertex 9480.00861633301 17025.6234130859 2087.1685546875
vertex 9483.00104492187 17022.6310668945 2088.66456298828
vertex 9481.50478942871 17025.6234130859 2094.64925537109
endloop
endfacet
facet normal -0.825673757872987 -0.559371447498006 0.0732559163746173
outer loop
vertex 9481.50478942871 17025.6234130859 2094.64925537109
vertex 9483.00104492187 17022.6310668945 2088.66456298828
vertex 9483.00104492187 17022.6310668945 2093.15324707031
endloop
endfacet
facet normal -0.546566629823019 0.83291335758449 0.0867194206694164
outer loop
vertex 9483.00104492187 17027.1197509766 2091.65707397461
vertex 9483.00104492187 17027.1197509766 2085.6723815918
vertex 9480.00861633301 17025.6234130859 2087.1685546875
endloop
endfacet
facet normal -0.577380367203184 0.808267654007122 0.115478617302684
outer loop
vertex 9481.50478942871 17025.6234130859 2094.64925537109
vertex 9483.00104492187 17027.1197509766 2091.65707397461
vertex 9480.00861633301 17025.6234130859 2087.1685546875
endloop
endfacet
facet normal -0.447164336798281 2.60185104017954e-019 0.894451818655289
outer loop
vertex 9483.00104492187 16988.2189208984 2088.66456298828
vertex 9480.00861633301 17025.6234130859 2087.1685546875
vertex 9480.00861633301 16986.7232421875 2087.1685546875
endloop
endfacet
facet normal -0.447164336798281 2.60185104017954e-019 0.894451818655289
outer loop
vertex 9480.00861633301 17025.6234130859 2087.1685546875
vertex 9483.00104492187 16988.2189208984 2088.66456298828
vertex 9483.00104492187 17022.6310668945 2088.66456298828
endloop
endfacet
facet normal -0.447203744085122 7.57756926946576e-019 -0.894432116639518
outer loop
vertex 9483.00104492187 17027.1197509766 2085.6723815918
vertex 9480.00861633301 16986.7232421875 2087.1685546875
vertex 9480.00861633301 17025.6234130859 2087.1685546875
endloop
endfacet
facet normal -0.447203744085122 7.57756926946576e-019 -0.894432116639518
outer loop
vertex 9480.00861633301 16986.7232421875 2087.1685546875
vertex 9483.00104492187 17027.1197509766 2085.6723815918
vertex 9483.00104492187 16985.2272338867 2085.6723815918
endloop
endfacet
facet normal -0.577214161451192 0.808391104054424 0.115445375420005
outer loop
vertex 9481.50478942871 16986.7232421875 2094.64925537109
vertex 9483.00104492187 16988.2189208984 2091.65707397461
vertex 9480.00861633301 16986.7232421875 2087.1685546875
endloop
endfacet
facet normal -0.546404354623854 0.833022122965452 0.0866973119434578
outer loop
vertex 9483.00104492187 16988.2189208984 2091.65707397461
vertex 9483.00104492187 16988.2189208984 2088.66456298828
vertex 9480.00861633301 16986.7232421875 2087.1685546875
endloop
endfacet
facet normal 1.0 0.0 0.0
outer loop
vertex 9483.00104492187 16985.2272338867 2085.6723815918
vertex 9483.00104492187 16988.2189208984 2088.66456298828
vertex 9483.00104492187 16985.2272338867 2091.65707397461
endloop
endfacet
facet normal 1.0 0.0 0.0
outer loop
vertex 9483.00104492187 16988.2189208984 2088.66456298828
vertex 9483.00104492187 16985.2272338867 2085.6723815918
vertex 9483.00104492187 17027.1197509766 2085.6723815918
endloop
endfacet
facet normal 1.0 0.0 0.0
outer loop
vertex 9483.00104492187 16988.2189208984 2088.66456298828
vertex 9483.00104492187 17027.1197509766 2085.6723815918
vertex 9483.00104492187 17022.6310668945 2088.66456298828
endloop
endfacet
facet normal 1.0 0.0 0.0
outer loop
vertex 9483.00104492187 17022.6310668945 2088.66456298828
vertex 9483.00104492187 17027.1197509766 2085.6723815918
vertex 9483.00104492187 17022.6310668945 2093.15324707031
endloop
endfacet
facet normal 1.0 0.0 0.0
outer loop
vertex 9483.00104492187 17022.6310668945 2093.15324707031
vertex 9483.00104492187 17027.1197509766 2085.6723815918
vertex 9483.00104492187 17027.1197509766 2091.65707397461
endloop
endfacet
facet normal 1.0 0.0 0.0
outer loop
vertex 9483.00104492187 16988.2189208984 2091.65707397461
vertex 9483.00104492187 16985.2272338867 2091.65707397461
vertex 9483.00104492187 16988.2189208984 2088.66456298828
endloop
endfacet
facet normal -0.70704836433518 -0.707165193212269 -3.09825525472099e-017
outer loop
vertex 9481.50478942871 16986.7232421875 2094.64925537109
vertex 9483.00104492187 16985.2272338867 2085.6723815918
vertex 9483.00104492187 16985.2272338867 2091.65707397461
endloop
endfacet
facet normal -0.41234642115704 -0.907286584527105 0.0824711009755696
outer loop
vertex 9481.50478942871 16986.7232421875 2094.64925537109
vertex 9480.00861633301 16986.7232421875 2087.1685546875
vertex 9483.00104492187 16985.2272338867 2085.6723815918
endloop
endfacet
facet normal -0.0705225767548436 0.70546275946026 0.705229651377885
outer loop
vertex 9496.4666027832 16986.7232421875 2096.1454284668
vertex 9496.4666027832 16988.2189208984 2094.64925537109
vertex 9481.50478942871 16986.7232421875 2094.64925537109
endloop
endfacet
facet normal -0.0907893234511032 0.908198333052917 0.408574456601479
outer loop
vertex 9496.4666027832 16988.2189208984 2094.64925537109
vertex 9483.00104492187 16988.2189208984 2091.65707397461
vertex 9481.50478942871 16986.7232421875 2094.64925537109
endloop
endfacet
facet normal 0.216919073152433 0.0 -0.976189590040116
outer loop
vertex 9496.4666027832 16988.2189208984 2094.64925537109
vertex 9483.00104492187 16985.2272338867 2091.65707397461
vertex 9483.00104492187 16988.2189208984 2091.65707397461
endloop
endfacet
facet normal 0.216919073152433 0.0 -0.976189590040116
outer loop
vertex 9483.00104492187 16985.2272338867 2091.65707397461
vertex 9496.4666027832 16988.2189208984 2094.64925537109
vertex 9496.4666027832 16985.2272338867 2094.64925537109
endloop
endfacet
facet normal -0.155213419128541 -0.698575798042909 0.698498853908252
outer loop
vertex 9496.4666027832 16986.7232421875 2096.1454284668
vertex 9483.00104492187 16985.2272338867 2091.65707397461
vertex 9496.4666027832 16985.2272338867 2094.64925537109
endloop
endfacet
facet normal -0.0429513428318747 -0.902037341286801 0.429515793741252
outer loop
vertex 9496.4666027832 16986.7232421875 2096.1454284668
vertex 9481.50478942871 16986.7232421875 2094.64925537109
vertex 9483.00104492187 16985.2272338867 2091.65707397461
endloop
endfacet
facet normal 0.53425814332752 -0.625376162584186 0.568746772790587
outer loop
vertex 9520.40537231445 16711.4267333984 2148.51181640625
vertex 9509.93216064453 16699.4573486328 2145.51930541992
vertex 9512.9245892334 16700.9536865234 2144.02313232422
endloop
endfacet
facet normal 0.53425814332752 -0.625376162584186 0.568746772790587
outer loop
vertex 9520.40537231445 16711.4267333984 2148.51181640625
vertex 9512.9245892334 16700.9536865234 2144.02313232422
vertex 9521.90162780762 16709.9303955078 2145.51930541992
endloop
endfacet
facet normal 0.0734075493452614 0.0813411900753427 -0.99397934711756
outer loop
vertex 9521.90162780762 16709.9303955078 2145.51930541992
vertex 9512.9245892334 16700.9536865234 2144.02313232422
vertex 9509.93216064453 16702.4493652344 2144.02313232422
endloop
endfacet
facet normal 0.0734075493452614 0.0813411900753427 -0.99397934711756
outer loop
vertex 9521.90162780762 16709.9303955078 2145.51930541992
vertex 9509.93216064453 16702.4493652344 2144.02313232422
vertex 9518.90919921875 16712.9224121094 2145.51930541992
endloop
endfacet
facet normal -0.672749031207843 0.448515821290645 0.588423571129579
outer loop
vertex 9518.90919921875 16712.9224121094 2145.51930541992
vertex 9509.93216064453 16702.4493652344 2144.02313232422
vertex 9509.93216064453 16699.4573486328 2145.51930541992
endloop
endfacet
facet normal -0.672749031207843 0.448515821290645 0.588423571129579
outer loop
vertex 9518.90919921875 16712.9224121094 2145.51930541992
vertex 9509.93216064453 16699.4573486328 2145.51930541992
vertex 9520.40537231445 16711.4267333984 2148.51181640625
endloop
endfacet
facet normal 0.0 -1.0 0.0
outer loop
vertex 9509.93216064453 16699.4573486328 2145.51930541992
vertex 9508.43598754883 16699.4573486328 2138.03843994141
vertex 9511.42841613769 16699.4573486328 2139.53477783203
endloop
endfacet
facet normal 0.492398418674861 -0.861619278356297 0.123109773987567
outer loop
vertex 9509.93216064453 16699.4573486328 2145.51930541992
vertex 9511.42841613769 16699.4573486328 2139.53477783203
vertex 9512.9245892334 16700.9536865234 2144.02313232422
endloop
endfacet
facet normal 0.929975226950248 0.116248502736465 -0.348758315844032
outer loop
vertex 9509.93216064453 16702.4493652344 2136.5422668457
vertex 9512.9245892334 16700.9536865234 2144.02313232422
vertex 9511.42841613769 16699.4573486328 2139.53477783203
endloop
endfacet
facet normal 0.447085514412396 0.894491220081339 2.50828159283867e-017
outer loop
vertex 9512.9245892334 16700.9536865234 2144.02313232422
vertex 9509.93216064453 16702.4493652344 2136.5422668457
vertex 9509.93216064453 16702.4493652344 2144.02313232422
endloop
endfacet
facet normal -0.894407485185959 0.447253004957293 -1.25436876469742e-017
outer loop
vertex 9509.93216064453 16702.4493652344 2136.5422668457
vertex 9508.43598754883 16699.4573486328 2138.03843994141
vertex 9509.93216064453 16702.4493652344 2144.02313232422
endloop
endfacet
facet normal -0.975899049068414 0.0976006550616133 0.195179809813692
outer loop
vertex 9509.93216064453 16702.4493652344 2144.02313232422
vertex 9508.43598754883 16699.4573486328 2138.03843994141
vertex 9509.93216064453 16699.4573486328 2145.51930541992
endloop
endfacet
facet normal -0.390540075879363 -0.412317723769983 0.823087203033361
outer loop
vertex 9536.86327636719 16675.5185791016 2139.53477783203
vertex 9508.43598754883 16699.4573486328 2138.03843994141
vertex 9536.86327636719 16672.5259033203 2138.03843994141
endloop
endfacet
facet normal -0.390540075879363 -0.412317723769983 0.823087203033361
outer loop
vertex 9536.86327636719 16675.5185791016 2139.53477783203
vertex 9511.42841613769 16699.4573486328 2139.53477783203
vertex 9508.43598754883 16699.4573486328 2138.03843994141
endloop
endfacet
facet normal 0.652526099768042 0.693306735002812 0.305835675357287
outer loop
vertex 9536.86327636719 16675.5185791016 2139.53477783203
vertex 9539.85570495606 16674.0222412109 2136.5422668457
vertex 9511.42841613769 16699.4573486328 2139.53477783203
endloop
endfacet
facet normal 0.644059122144726 0.678188247632329 0.353904715927262
outer loop
vertex 9511.42841613769 16699.4573486328 2139.53477783203
vertex 9539.85570495606 16674.0222412109 2136.5422668457
vertex 9509.93216064453 16702.4493652344 2136.5422668457
endloop
endfacet
facet normal -0.295815127288094 -0.311387007075574 -0.903067850325791
outer loop
vertex 9539.85570495606 16674.0222412109 2136.5422668457
vertex 9536.86327636719 16672.5259033203 2138.03843994141
vertex 9509.93216064453 16702.4493652344 2136.5422668457
endloop
endfacet
facet normal -0.295601458401288 -0.311201401834957 -0.903201785475975
outer loop
vertex 9536.86327636719 16672.5259033203 2138.03843994141
vertex 9508.43598754883 16699.4573486328 2138.03843994141
vertex 9509.93216064453 16702.4493652344 2136.5422668457
endloop
endfacet
facet normal -0.9072318884715 0.41246072237741 -0.082501230514102
outer loop
vertex 9538.35961425781 16677.0142578125 2144.02313232422
vertex 9536.86327636719 16672.5259033203 2138.03843994141
vertex 9536.86327636719 16674.0222412109 2145.51930541992
endloop
endfacet
facet normal -0.912857522839382 -0.18258759158034 0.365175183160682
outer loop
vertex 9538.35961425781 16677.0142578125 2144.02313232422
vertex 9536.86327636719 16675.5185791016 2139.53477783203
vertex 9536.86327636719 16672.5259033203 2138.03843994141
endloop
endfacet
facet normal 0.816486588022127 0.408265779321424 -0.408250786912966
outer loop
vertex 9538.35961425781 16677.0142578125 2144.02313232422
vertex 9539.85570495606 16674.0222412109 2144.02313232422
vertex 9536.86327636719 16675.5185791016 2139.53477783203
endloop
endfacet
facet normal 0.447243148767828 0.894412413755667 0.0
outer loop
vertex 9539.85570495606 16674.0222412109 2144.02313232422
vertex 9539.85570495606 16674.0222412109 2136.5422668457
vertex 9536.86327636719 16675.5185791016 2139.53477783203
endloop
endfacet
facet normal 0.0 -1.0 0.0
outer loop
vertex 9536.86327636719 16674.0222412109 2145.51930541992
vertex 9539.85570495606 16674.0222412109 2136.5422668457
vertex 9539.85570495606 16674.0222412109 2144.02313232422
endloop
endfacet
facet normal 0.507122073362707 -0.845133642543569 0.169045345837586
outer loop
vertex 9536.86327636719 16674.0222412109 2145.51930541992
vertex 9536.86327636719 16672.5259033203 2138.03843994141
vertex 9539.85570495606 16674.0222412109 2136.5422668457
endloop
endfacet
facet normal -0.710151291883695 0.621392157786897 0.330993850210033
outer loop
vertex 9547.33665283203 16685.9916259766 2145.51930541992
vertex 9536.86327636719 16674.0222412109 2145.51930541992
vertex 9547.33665283203 16684.4952880859 2148.51181640625
endloop
endfacet
facet normal -0.710151291883695 0.621392157786897 0.330993850210033
outer loop
vertex 9547.33665283203 16685.9916259766 2145.51930541992
vertex 9538.35961425781 16677.0142578125 2144.02313232422
vertex 9536.86327636719 16674.0222412109 2145.51930541992
endloop
endfacet
facet normal 0.0859503239131934 0.0783112100490023 -0.993216943169959
outer loop
vertex 9548.83282592773 16684.4952880859 2145.51930541992
vertex 9538.35961425781 16677.0142578125 2144.02313232422
vertex 9547.33665283203 16685.9916259766 2145.51930541992
endloop
endfacet
facet normal 0.0859503239131934 0.0783112100490023 -0.993216943169959
outer loop
vertex 9548.83282592773 16684.4952880859 2145.51930541992
vertex 9539.85570495606 16674.0222412109 2144.02313232422
vertex 9538.35961425781 16677.0142578125 2144.02313232422
endloop
endfacet
facet normal 0.688061336977471 -0.638926858864042 0.344011723025399
outer loop
vertex 9547.33665283203 16684.4952880859 2148.51181640625
vertex 9539.85570495606 16674.0222412109 2144.02313232422
vertex 9548.83282592773 16684.4952880859 2145.51930541992
endloop
endfacet
facet normal 0.365883717726385 -0.574992204189301 0.731787585453763
outer loop
vertex 9547.33665283203 16684.4952880859 2148.51181640625
vertex 9536.86327636719 16674.0222412109 2145.51930541992
vertex 9539.85570495606 16674.0222412109 2144.02313232422
endloop
endfacet
facet normal 0.53425814332752 -0.625376162584186 0.568746772790587
outer loop
vertex 9520.40537231445 16711.4267333984 2118.58835449219
vertex 9509.93216064453 16699.4573486328 2115.59584350586
vertex 9512.9245892334 16700.9536865234 2114.09967041016
endloop
endfacet
facet normal 0.53425814332752 -0.625376162584186 0.568746772790587
outer loop
vertex 9520.40537231445 16711.4267333984 2118.58835449219
vertex 9512.9245892334 16700.9536865234 2114.09967041016
vertex 9521.90162780762 16709.9303955078 2115.59584350586
endloop
endfacet
facet normal 0.0734075493452614 0.0813411900753427 -0.99397934711756
outer loop
vertex 9521.90162780762 16709.9303955078 2115.59584350586
vertex 9512.9245892334 16700.9536865234 2114.09967041016
vertex 9509.93216064453 16702.4493652344 2114.09967041016
endloop
endfacet
facet normal 0.0734075493452614 0.0813411900753427 -0.99397934711756
outer loop
vertex 9521.90162780762 16709.9303955078 2115.59584350586
vertex 9509.93216064453 16702.4493652344 2114.09967041016
vertex 9518.90919921875 16712.9224121094 2115.59584350586
endloop
endfacet
facet normal -0.672749031207843 0.448515821290645 0.588423571129579
outer loop
vertex 9518.90919921875 16712.9224121094 2115.59584350586
vertex 9509.93216064453 16702.4493652344 2114.09967041016
vertex 9509.93216064453 16699.4573486328 2115.59584350586
endloop
endfacet
facet normal -0.672749031207843 0.448515821290645 0.588423571129579
outer loop
vertex 9518.90919921875 16712.9224121094 2115.59584350586
vertex 9509.93216064453 16699.4573486328 2115.59584350586
vertex 9520.40537231445 16711.4267333984 2118.58835449219
endloop
endfacet
facet normal 0.0 -1.0 0.0
outer loop
vertex 9509.93216064453 16699.4573486328 2115.59584350586
vertex 9508.43598754883 16699.4573486328 2108.11497802734
vertex 9511.42841613769 16699.4573486328 2109.61098632813
endloop
endfacet
facet normal 0.492395953599385 -0.861621743816446 0.123102377969152
outer loop
vertex 9509.93216064453 16699.4573486328 2115.59584350586
vertex 9511.42841613769 16699.4573486328 2109.61098632813
vertex 9512.9245892334 16700.9536865234 2114.09967041016
endloop
endfacet
facet normal 0.929973148421026 0.116296261963941 -0.348747935720197
outer loop
vertex 9509.93216064453 16702.4493652344 2106.61880493164
vertex 9512.9245892334 16700.9536865234 2114.09967041016
vertex 9511.42841613769 16699.4573486328 2109.61098632813
endloop
endfacet
facet normal 0.447085514412396 0.894491220081339 2.50828159283867e-017
outer loop
vertex 9512.9245892334 16700.9536865234 2114.09967041016
vertex 9509.93216064453 16702.4493652344 2106.61880493164
vertex 9509.93216064453 16702.4493652344 2114.09967041016
endloop
endfacet
facet normal -0.894407485185959 0.447253004957293 -1.25436876469742e-017
outer loop
vertex 9509.93216064453 16702.4493652344 2106.61880493164
vertex 9508.43598754883 16699.4573486328 2108.11497802734
vertex 9509.93216064453 16702.4493652344 2114.09967041016
endloop
endfacet
facet normal -0.975899049068414 0.0976006550616133 0.195179809813692
outer loop
vertex 9509.93216064453 16702.4493652344 2114.09967041016
vertex 9508.43598754883 16699.4573486328 2108.11497802734
vertex 9509.93216064453 16699.4573486328 2115.59584350586
endloop
endfacet
facet normal -0.390481755232488 -0.412256143595698 0.823145716685788
outer loop
vertex 9536.86327636719 16675.5185791016 2109.61098632813
vertex 9508.43598754883 16699.4573486328 2108.11497802734
vertex 9536.86327636719 16672.5259033203 2108.11497802734
endloop
endfacet
facet normal -0.390481755232488 -0.412256143595698 0.823145716685788
outer loop
vertex 9536.86327636719 16675.5185791016 2109.61098632813
vertex 9511.42841613769 16699.4573486328 2109.61098632813
vertex 9508.43598754883 16699.4573486328 2108.11497802734
endloop
endfacet
facet normal 0.65251937654865 0.69329959160535 0.305866211779622
outer loop
vertex 9536.86327636719 16675.5185791016 2109.61098632813
vertex 9539.85570495606 16674.0222412109 2106.61880493164
vertex 9511.42841613769 16699.4573486328 2109.61098632813
endloop
endfacet
facet normal 0.644050196940489 0.678178823259942 0.353939016643655
outer loop
vertex 9511.42841613769 16699.4573486328 2109.61098632813
vertex 9539.85570495606 16674.0222412109 2106.61880493164
vertex 9509.93216064453 16702.4493652344 2106.61880493164
endloop
endfacet
facet normal -0.295815127288094 -0.311387007075574 -0.903067850325791
outer loop
vertex 9539.85570495606 16674.0222412109 2106.61880493164
vertex 9536.86327636719 16672.5259033203 2108.11497802734
vertex 9509.93216064453 16702.4493652344 2106.61880493164
endloop
endfacet
facet normal -0.295601458401288 -0.311201401834957 -0.903201785475975
outer loop
vertex 9536.86327636719 16672.5259033203 2108.11497802734
vertex 9508.43598754883 16699.4573486328 2108.11497802734
vertex 9509.93216064453 16702.4493652344 2106.61880493164
endloop
endfacet
facet normal -0.9072318884715 0.41246072237741 -0.082501230514102
outer loop
vertex 9538.35961425781 16677.0142578125 2114.09967041016
vertex 9536.86327636719 16672.5259033203 2108.11497802734
vertex 9536.86327636719 16674.0222412109 2115.59584350586
endloop
endfacet
facet normal -0.912884329606405 -0.182528613386739 0.365137653569417
outer loop
vertex 9538.35961425781 16677.0142578125 2114.09967041016
vertex 9536.86327636719 16675.5185791016 2109.61098632813
vertex 9536.86327636719 16672.5259033203 2108.11497802734
endloop
endfacet
facet normal 0.816496579964571 0.408270775567815 -0.408225806047846
outer loop
vertex 9538.35961425781 16677.0142578125 2114.09967041016
vertex 9539.85570495606 16674.0222412109 2114.09967041016
vertex 9536.86327636719 16675.5185791016 2109.61098632813
endloop
endfacet
facet normal 0.447243148767828 0.894412413755667 3.13507576075724e-018
outer loop
vertex 9539.85570495606 16674.0222412109 2114.09967041016
vertex 9539.85570495606 16674.0222412109 2106.61880493164
vertex 9536.86327636719 16675.5185791016 2109.61098632813
endloop
endfacet
facet normal 0.0 -1.0 0.0
outer loop
vertex 9536.86327636719 16674.0222412109 2115.59584350586
vertex 9539.85570495606 16674.0222412109 2106.61880493164
vertex 9539.85570495606 16674.0222412109 2114.09967041016
endloop
endfacet
facet normal 0.507122073362707 -0.845133642543569 0.169045345837586
outer loop
vertex 9536.86327636719 16674.0222412109 2115.59584350586
vertex 9536.86327636719 16672.5259033203 2108.11497802734
vertex 9539.85570495606 16674.0222412109 2106.61880493164
endloop
endfacet
facet normal -0.710151291883695 0.621392157786897 0.330993850210033
outer loop
vertex 9547.33665283203 16685.9916259766 2115.59584350586
vertex 9536.86327636719 16674.0222412109 2115.59584350586
vertex 9547.33665283203 16684.4952880859 2118.58835449219
endloop
endfacet
facet normal -0.710151291883695 0.621392157786897 0.330993850210033
outer loop
vertex 9547.33665283203 16685.9916259766 2115.59584350586
vertex 9538.35961425781 16677.0142578125 2114.09967041016
vertex 9536.86327636719 16674.0222412109 2115.59584350586
endloop
endfacet
facet normal 0.0859503239131934 0.0783112100490023 -0.993216943169959
outer loop
vertex 9548.83282592773 16684.4952880859 2115.59584350586
vertex 9538.35961425781 16677.0142578125 2114.09967041016
vertex 9547.33665283203 16685.9916259766 2115.59584350586
endloop
endfacet
facet normal 0.0859503239131934 0.0783112100490023 -0.993216943169959
outer loop
vertex 9548.83282592773 16684.4952880859 2115.59584350586
vertex 9539.85570495606 16674.0222412109 2114.09967041016
vertex 9538.35961425781 16677.0142578125 2114.09967041016
endloop
endfacet
facet normal 0.688061336977471 -0.638926858864042 0.344011723025399
outer loop
vertex 9547.33665283203 16684.4952880859 2118.58835449219
vertex 9539.85570495606 16674.0222412109 2114.09967041016
vertex 9548.83282592773 16684.4952880859 2115.59584350586
endloop
endfacet
facet normal 0.365883717726385 -0.574992204189301 0.731787585453763
outer loop
vertex 9547.33665283203 16684.4952880859 2118.58835449219
vertex 9536.86327636719 16674.0222412109 2115.59584350586
vertex 9539.85570495606 16674.0222412109 2114.09967041016
endloop
endfacet
facet normal 0.534236589048957 -0.625359429518743 0.568785417212262
outer loop
vertex 9520.40537231445 16711.4267333984 2088.66456298828
vertex 9509.93216064453 16699.4573486328 2085.6723815918
vertex 9512.9245892334 16700.9536865234 2084.17620849609
endloop
endfacet
facet normal 0.534236589048957 -0.625359429518743 0.568785417212262
outer loop
vertex 9520.40537231445 16711.4267333984 2088.66456298828
vertex 9512.9245892334 16700.9536865234 2084.17620849609
vertex 9521.90162780762 16709.9303955078 2085.6723815918
endloop
endfacet
facet normal 0.0734075493452732 0.0813411900753558 -0.993979347117558
outer loop
vertex 9521.90162780762 16709.9303955078 2085.6723815918
vertex 9512.9245892334 16700.9536865234 2084.17620849609
vertex 9509.93216064453 16702.4493652344 2084.17620849609
endloop
endfacet
facet normal 0.0734075493452732 0.0813411900753558 -0.993979347117558
outer loop
vertex 9521.90162780762 16709.9303955078 2085.6723815918
vertex 9509.93216064453 16702.4493652344 2084.17620849609
vertex 9518.90919921875 16712.9224121094 2085.6723815918
endloop
endfacet
facet normal -0.67272619651725 0.448500597604649 0.588461280347066
outer loop
vertex 9518.90919921875 16712.9224121094 2085.6723815918
vertex 9509.93216064453 16702.4493652344 2084.17620849609
vertex 9509.93216064453 16699.4573486328 2085.6723815918
endloop
endfacet
facet normal -0.67272619651725 0.448500597604649 0.588461280347066
outer loop
vertex 9518.90919921875 16712.9224121094 2085.6723815918
vertex 9509.93216064453 16699.4573486328 2085.6723815918
vertex 9520.40537231445 16711.4267333984 2088.66456298828
endloop
endfacet
facet normal 0.0 -1.0 0.0
outer loop
vertex 9509.93216064453 16699.4573486328 2085.6723815918
vertex 9508.43598754883 16699.4573486328 2078.19151611328
vertex 9511.42841613769 16699.4573486328 2079.68752441406
endloop
endfacet
facet normal 0.492395953599391 -0.861621743816443 0.123102377969149
outer loop
vertex 9509.93216064453 16699.4573486328 2085.6723815918
vertex 9511.42841613769 16699.4573486328 2079.68752441406
vertex 9512.9245892334 16700.9536865234 2084.17620849609
endloop
endfacet
facet normal 0.92997626382569 0.116282245859378 -0.348744301772386
outer loop
vertex 9509.93216064453 16702.4493652344 2076.69517822266
vertex 9512.9245892334 16700.9536865234 2084.17620849609
vertex 9511.42841613769 16699.4573486328 2079.68752441406
endloop
endfacet
facet normal 0.447085514412396 0.894491220081339 0.0
outer loop
vertex 9512.9245892334 16700.9536865234 2084.17620849609
vertex 9509.93216064453 16702.4493652344 2076.69517822266
vertex 9509.93216064453 16702.4493652344 2084.17620849609
endloop
endfacet
facet normal -0.894407485185959 0.447253004957293 0.0
outer loop
vertex 9509.93216064453 16702.4493652344 2076.69517822266
vertex 9508.43598754883 16699.4573486328 2078.19151611328
vertex 9509.93216064453 16702.4493652344 2084.17620849609
endloop
endfacet
facet normal -0.975899049068414 0.0976006550616261 0.195179809813686
outer loop
vertex 9509.93216064453 16702.4493652344 2084.17620849609
vertex 9508.43598754883 16699.4573486328 2078.19151611328
vertex 9509.93216064453 16699.4573486328 2085.6723815918
endloop
endfacet
facet normal -0.390481755232488 -0.412256143595698 0.823145716685788
outer loop
vertex 9536.86327636719 16675.5185791016 2079.68752441406
vertex 9508.43598754883 16699.4573486328 2078.19151611328
vertex 9536.86327636719 16672.5259033203 2078.19151611328
endloop
endfacet
facet normal -0.390481755232488 -0.412256143595698 0.823145716685788
outer loop
vertex 9536.86327636719 16675.5185791016 2079.68752441406
vertex 9511.42841613769 16699.4573486328 2079.68752441406
vertex 9508.43598754883 16699.4573486328 2078.19151611328
endloop
endfacet
facet normal 0.652522738410063 0.693303163571529 0.3058509428456
outer loop
vertex 9536.86327636719 16675.5185791016 2079.68752441406
vertex 9539.85570495606 16674.0222412109 2076.69517822266
vertex 9511.42841613769 16699.4573486328 2079.68752441406
endloop
endfacet
facet normal 0.644054659865867 0.678183535786314 0.353921865520395
outer loop
vertex 9511.42841613769 16699.4573486328 2079.68752441406
vertex 9539.85570495606 16674.0222412109 2076.69517822266
vertex 9509.93216064453 16702.4493652344 2076.69517822266
endloop
endfacet
facet normal -0.295841698409832 -0.311414976916564 -0.903049501209121
outer loop
vertex 9539.85570495606 16674.0222412109 2076.69517822266
vertex 9536.86327636719 16672.5259033203 2078.19151611328
vertex 9509.93216064453 16702.4493652344 2076.69517822266
endloop
endfacet
facet normal -0.295628013211243 -0.311229358956931 -0.903183460836186
outer loop
vertex 9536.86327636719 16672.5259033203 2078.19151611328
vertex 9508.43598754883 16699.4573486328 2078.19151611328
vertex 9509.93216064453 16702.4493652344 2076.69517822266
endloop
endfacet
facet normal -0.907231888471502 0.412460722377406 -0.0825012305140985
outer loop
vertex 9538.35961425781 16677.0142578125 2084.17620849609
vertex 9536.86327636719 16672.5259033203 2078.19151611328
vertex 9536.86327636719 16674.0222412109 2085.6723815918
endloop
endfacet
facet normal -0.912884329606405 -0.182528613386739 0.365137653569417
outer loop
vertex 9538.35961425781 16677.0142578125 2084.17620849609
vertex 9536.86327636719 16675.5185791016 2079.68752441406
vertex 9536.86327636719 16672.5259033203 2078.19151611328
endloop
endfacet
facet normal 0.816496579964571 0.408270775567815 -0.408225806047846
outer loop
vertex 9538.35961425781 16677.0142578125 2084.17620849609
vertex 9539.85570495606 16674.0222412109 2084.17620849609
vertex 9536.86327636719 16675.5185791016 2079.68752441406
endloop
endfacet
facet normal 0.447243148767828 0.894412413755667 6.26987528209003e-018
outer loop
vertex 9539.85570495606 16674.0222412109 2084.17620849609
vertex 9539.85570495606 16674.0222412109 2076.69517822266
vertex 9536.86327636719 16675.5185791016 2079.68752441406
endloop
endfacet
facet normal 0.0 -1.0 0.0
outer loop
vertex 9536.86327636719 16674.0222412109 2085.6723815918
vertex 9539.85570495606 16674.0222412109 2076.69517822266
vertex 9539.85570495606 16674.0222412109 2084.17620849609
endloop
endfacet
facet normal 0.507128988614078 -0.845129652643094 0.169044547769592
outer loop
vertex 9536.86327636719 16674.0222412109 2085.6723815918
vertex 9536.86327636719 16672.5259033203 2078.19151611328
vertex 9539.85570495606 16674.0222412109 2076.69517822266
endloop
endfacet
facet normal -0.710143824961109 0.62138562412683 0.331022135208683
outer loop
vertex 9547.33665283203 16685.9916259766 2085.6723815918
vertex 9536.86327636719 16674.0222412109 2085.6723815918
vertex 9547.33665283203 16684.4952880859 2088.66456298828
endloop
endfacet
facet normal -0.710143824961109 0.62138562412683 0.331022135208683
outer loop
vertex 9547.33665283203 16685.9916259766 2085.6723815918
vertex 9538.35961425781 16677.0142578125 2084.17620849609
vertex 9536.86327636719 16674.0222412109 2085.6723815918
endloop
endfacet
facet normal 0.0859503239132076 0.0783112100490145 -0.993216943169957
outer loop
vertex 9548.83282592773 16684.4952880859 2085.6723815918
vertex 9538.35961425781 16677.0142578125 2084.17620849609
vertex 9547.33665283203 16685.9916259766 2085.6723815918
endloop
endfacet
facet normal 0.0859503239132076 0.0783112100490145 -0.993216943169957
outer loop
vertex 9548.83282592773 16684.4952880859 2085.6723815918
vertex 9539.85570495606 16674.0222412109 2084.17620849609
vertex 9538.35961425781 16677.0142578125 2084.17620849609
endloop
endfacet
facet normal 0.688049987602061 -0.638921733231368 0.344043941038682
outer loop
vertex 9547.33665283203 16684.4952880859 2088.66456298828
vertex 9539.85570495606 16674.0222412109 2084.17620849609
vertex 9548.83282592773 16684.4952880859 2085.6723815918
endloop
endfacet
facet normal 0.365888562692939 -0.574976788258886 0.731797275653573
outer loop
vertex 9547.33665283203 16684.4952880859 2088.66456298828
vertex 9536.86327636719 16674.0222412109 2085.6723815918
vertex 9539.85570495606 16674.0222412109 2084.17620849609
endloop
endfacet
facet normal 0.857438672269179 0.135380279323953 0.49645856148065
outer loop
vertex 9767.27459228516 16612.6789794922 2353.48802490234
vertex 9762.78599060059 16624.6483642578 2357.97637939453
vertex 9765.77825439453 16611.1829711914 2356.48020629883
endloop
endfacet
facet normal 0.857438672269179 0.135380279323953 0.49645856148065
outer loop
vertex 9762.78599060059 16624.6483642578 2357.97637939453
vertex 9767.27459228516 16612.6789794922 2353.48802490234
vertex 9764.28224609375 16626.1447021484 2354.98403320312
endloop
endfacet
facet normal 9.17557820217723e-017 0.110418176133029 -0.993885217909722
outer loop
vertex 9764.28224609375 16626.1447021484 2354.98403320312
vertex 9764.28224609375 16612.6789794922 2353.48802490234
vertex 9761.28989990234 16626.1447021484 2354.98403320312
endloop
endfacet
facet normal 9.17557820217723e-017 0.110418176133029 -0.993885217909722
outer loop
vertex 9764.28224609375 16612.6789794922 2353.48802490234
vertex 9764.28224609375 16626.1447021484 2354.98403320312
vertex 9767.27459228516 16612.6789794922 2353.48802490234
endloop
endfacet
facet normal -0.910989447965238 -0.239726491111158 0.335603091695419
outer loop
vertex 9762.78599060059 16624.6483642578 2357.97637939453
vertex 9764.28224609375 16612.6789794922 2353.48802490234
vertex 9765.77825439453 16611.1829711914 2356.48020629883
endloop
endfacet
facet normal -0.910989447965238 -0.239726491111158 0.335603091695419
outer loop
vertex 9764.28224609375 16612.6789794922 2353.48802490234
vertex 9762.78599060059 16624.6483642578 2357.97637939453
vertex 9761.28989990234 16626.1447021484 2354.98403320312
endloop
endfacet
facet normal 0.847593365630578 -0.524455182112466 0.0808223267074744
outer loop
vertex 9767.27459228516 16612.6789794922 2350.49551391602
vertex 9765.77825439453 16611.1829711914 2356.48020629883
vertex 9765.77825439453 16609.6863037109 2348.99934082031
endloop
endfacet
facet normal 0.820139188324188 -0.568696255082486 0.0628989763835438
outer loop
vertex 9765.77825439453 16611.1829711914 2356.48020629883
vertex 9767.27459228516 16612.6789794922 2350.49551391602
vertex 9767.27459228516 16612.6789794922 2353.48802490234
endloop
endfacet
facet normal -0.447174187779044 0.894446893775227 1.56751198464343e-016
outer loop
vertex 9767.27459228516 16612.6789794922 2353.48802490234
vertex 9767.27459228516 16612.6789794922 2350.49551391602
vertex 9764.28224609375 16611.1829711914 2347.50333251953
endloop
endfacet
facet normal 0.0 0.97014878548707 -0.242510482284713
outer loop
vertex 9767.27459228516 16612.6789794922 2353.48802490234
vertex 9764.28224609375 16611.1829711914 2347.50333251953
vertex 9764.28224609375 16612.6789794922 2353.48802490234
endloop
endfacet
facet normal -0.801780816341607 -0.584880632002801 0.122728027991126
outer loop
vertex 9764.28224609375 16612.6789794922 2353.48802490234
vertex 9764.28224609375 16611.1829711914 2347.50333251953
vertex 9765.77825439453 16609.6863037109 2348.99934082031
endloop
endfacet
facet normal -0.801780816341607 -0.584880632002801 0.122728027991126
outer loop
vertex 9764.28224609375 16612.6789794922 2353.48802490234
vertex 9765.77825439453 16609.6863037109 2348.99934082031
vertex 9765.77825439453 16611.1829711914 2356.48020629883
endloop
endfacet
facet normal 0.149005718744997 -0.620838470532419 0.76964724990625
outer loop
vertex 9803.18282897949 16618.663671875 2348.99934082031
vertex 9801.68657348633 16620.1593505859 2350.49551391602
vertex 9765.77825439453 16609.6863037109 2348.99934082031
endloop
endfacet
facet normal 0.147375115318854 -0.615862029532845 0.773947372864873
outer loop
vertex 9801.68657348633 16620.1593505859 2350.49551391602
vertex 9767.27459228516 16612.6789794922 2350.49551391602
vertex 9765.77825439453 16609.6863037109 2348.99934082031
endloop
endfacet
facet normal -0.204742052224936 0.941875685571331 0.266366073253066
outer loop
vertex 9801.68657348633 16620.1593505859 2350.49551391602
vertex 9804.67891967773 16621.6560180664 2347.50333251953
vertex 9767.27459228516 16612.6789794922 2350.49551391602
endloop
endfacet
facet normal -0.349805506092739 0.929734999235322 -0.115017125264453
outer loop
vertex 9767.27459228516 16612.6789794922 2350.49551391602
vertex 9804.67891967773 16621.6560180664 2347.50333251953
vertex 9764.28224609375 16611.1829711914 2347.50333251953
endloop
endfacet
facet normal 0.128066323231282 -0.493977876583817 -0.859991205943273
outer loop
vertex 9804.67891967773 16621.6560180664 2347.50333251953
vertex 9803.18282897949 16618.663671875 2348.99934082031
vertex 9764.28224609375 16611.1829711914 2347.50333251953
endloop
endfacet
facet normal 0.128669532424206 -0.497544340429339 -0.857842515111294
outer loop
vertex 9803.18282897949 16618.663671875 2348.99934082031
vertex 9765.77825439453 16609.6863037109 2348.99934082031
vertex 9764.28224609375 16611.1829711914 2347.50333251953
endloop
endfacet
facet normal -0.707080327505847 -0.707133233296947 2.86571113072815e-005
outer loop
vertex 9803.18282897949 16618.663671875 2354.98403320312
vertex 9801.68657348633 16620.1593505859 2350.49551391602
vertex 9803.18282897949 16618.663671875 2348.99934082031
endloop
endfacet
facet normal -0.707080327505847 -0.707133233296947 2.86571113072815e-005
outer loop
vertex 9801.68657348633 16620.1593505859 2350.49551391602
vertex 9803.18282897949 16618.663671875 2354.98403320312
vertex 9800.19040039062 16621.6560180664 2353.48802490234
endloop
endfacet
facet normal -2.61231855220481e-017 0.894377932977363 -0.447312097984326
outer loop
vertex 9804.67891967773 16621.6560180664 2353.48802490234
vertex 9801.68657348633 16620.1593505859 2350.49551391602
vertex 9800.19040039062 16621.6560180664 2353.48802490234
endloop
endfacet
facet normal -0.447331803037232 0.894368077466688 8.39432441331887e-018
outer loop
vertex 9804.67891967773 16621.6560180664 2353.48802490234
vertex 9804.67891967773 16621.6560180664 2347.50333251953
vertex 9801.68657348633 16620.1593505859 2350.49551391602
endloop
endfacet
facet normal 0.894437042496096 -0.447193891965037 0.0
outer loop
vertex 9804.67891967773 16621.6560180664 2347.50333251953
vertex 9803.18282897949 16618.663671875 2354.98403320312
vertex 9803.18282897949 16618.663671875 2348.99934082031
endloop
endfacet
facet normal 0.894437042496096 -0.447193891965037 0.0
outer loop
vertex 9803.18282897949 16618.663671875 2354.98403320312
vertex 9804.67891967773 16621.6560180664 2347.50333251953
vertex 9804.67891967773 16621.6560180664 2353.48802490234
endloop
endfacet
facet normal -0.726599572722676 -0.264217034317401 0.63422584281606
outer loop
vertex 9797.19821899414 16635.1214111328 2354.98403320312
vertex 9803.18282897949 16618.663671875 2354.98403320312
vertex 9800.19040039062 16633.625402832 2357.97637939453
endloop
endfacet
facet normal -0.650141667371948 -0.236414264042995 0.722097021253953
outer loop
vertex 9803.18282897949 16618.663671875 2354.98403320312
vertex 9797.19821899414 16635.1214111328 2354.98403320312
vertex 9800.19040039062 16621.6560180664 2353.48802490234
endloop
endfacet
facet normal 0.0 0.110420845864754 -0.993884921305536
outer loop
vertex 9801.68657348633 16635.1214111328 2354.98403320312
vertex 9800.19040039062 16621.6560180664 2353.48802490234
vertex 9797.19821899414 16635.1214111328 2354.98403320312
endloop
endfacet
facet normal 0.0 0.110420845864754 -0.993884921305536
outer loop
vertex 9800.19040039062 16621.6560180664 2353.48802490234
vertex 9801.68657348633 16635.1214111328 2354.98403320312
vertex 9804.67891967773 16621.6560180664 2353.48802490234
endloop
endfacet
facet normal 0.857458502881953 0.135396294930281 0.496419942341756
outer loop
vertex 9801.68657348633 16635.1214111328 2354.98403320312
vertex 9800.19040039062 16633.625402832 2357.97637939453
vertex 9804.67891967773 16621.6560180664 2353.48802490234
endloop
endfacet
facet normal 0.727692162544067 0.0157478526841381 0.685723064879532
outer loop
vertex 9804.67891967773 16621.6560180664 2353.48802490234
vertex 9800.19040039062 16633.625402832 2357.97637939453
vertex 9803.18282897949 16618.663671875 2354.98403320312
endloop
endfacet
facet normal 0.731182408462747 0.0184645218353199 0.681932069188721
outer loop
vertex 9767.27459228516 16612.6789794922 2323.56423339844
vertex 9762.78599060059 16624.6483642578 2328.05291748047
vertex 9765.77825439453 16611.1829711914 2325.06040649414
endloop
endfacet
facet normal 0.857457055157834 0.135385993994683 0.496425252369506
outer loop
vertex 9764.28224609375 16626.1447021484 2325.06040649414
vertex 9762.78599060059 16624.6483642578 2328.05291748047
vertex 9767.27459228516 16612.6789794922 2323.56423339844
endloop
endfacet
facet normal 0.0 0.110430191083354 -0.993883883005099
outer loop
vertex 9764.28224609375 16626.1447021484 2325.06040649414
vertex 9764.28224609375 16612.6789794922 2323.56423339844
vertex 9761.28989990234 16626.1447021484 2325.06040649414
endloop
endfacet
facet normal 0.0 0.110430191083354 -0.993883883005099
outer loop
vertex 9764.28224609375 16612.6789794922 2323.56423339844
vertex 9764.28224609375 16626.1447021484 2325.06040649414
vertex 9767.27459228516 16612.6789794922 2323.56423339844
endloop
endfacet
facet normal -0.898782798115337 -0.269624939855372 0.345675966216849
outer loop
vertex 9761.28989990234 16626.1447021484 2325.06040649414
vertex 9764.28224609375 16612.6789794922 2323.56423339844
vertex 9765.77825439453 16611.1829711914 2325.06040649414
endloop
endfacet
facet normal -0.898782798115337 -0.269624939855372 0.345675966216849
outer loop
vertex 9761.28989990234 16626.1447021484 2325.06040649414
vertex 9765.77825439453 16611.1829711914 2325.06040649414
vertex 9762.78599060059 16624.6483642578 2328.05291748047
endloop
endfacet
facet normal 0.833865612227604 -0.543399630830314 0.0968761165497559
outer loop
vertex 9767.27459228516 16612.6789794922 2320.57205200195
vertex 9765.77825439453 16611.1829711914 2325.06040649414
vertex 9765.77825439453 16609.6863037109 2319.07587890625
endloop
endfacet
facet normal 0.800963222011767 -0.594748323502406 0.0687920684062294
outer loop
vertex 9765.77825439453 16611.1829711914 2325.06040649414
vertex 9767.27459228516 16612.6789794922 2320.57205200195
vertex 9767.27459228516 16612.6789794922 2323.56423339844
endloop
endfacet
facet normal -0.447174187779043 0.894446893775227 0.0
outer loop
vertex 9767.27459228516 16612.6789794922 2323.56423339844
vertex 9767.27459228516 16612.6789794922 2320.57205200195
vertex 9764.28224609375 16611.1829711914 2317.57954101562
endloop
endfacet
facet normal 0.0 0.97014878548707 -0.242510482284713
outer loop
vertex 9767.27459228516 16612.6789794922 2323.56423339844
vertex 9764.28224609375 16611.1829711914 2317.57954101562
vertex 9764.28224609375 16612.6789794922 2323.56423339844
endloop
endfacet
facet normal -0.771587569797083 -0.617125573959431 0.154300512312418
outer loop
vertex 9765.77825439453 16611.1829711914 2325.06040649414
vertex 9764.28224609375 16611.1829711914 2317.57954101562
vertex 9765.77825439453 16609.6863037109 2319.07587890625
endloop
endfacet
facet normal -0.771587569797083 -0.617125573959431 0.154300512312418
outer loop
vertex 9764.28224609375 16611.1829711914 2317.57954101562
vertex 9765.77825439453 16611.1829711914 2325.06040649414
vertex 9764.28224609375 16612.6789794922 2323.56423339844
endloop
endfacet
facet normal 0.149005718744997 -0.620838470532419 0.76964724990625
outer loop
vertex 9803.18282897949 16618.663671875 2319.07587890625
vertex 9801.68657348633 16620.1593505859 2320.57205200195
vertex 9765.77825439453 16609.6863037109 2319.07587890625
endloop
endfacet
facet normal 0.147375115318854 -0.615862029532845 0.773947372864873
outer loop
vertex 9801.68657348633 16620.1593505859 2320.57205200195
vertex 9767.27459228516 16612.6789794922 2320.57205200195
vertex 9765.77825439453 16609.6863037109 2319.07587890625
endloop
endfacet
facet normal -0.204743652092781 0.941883045449807 0.266338817339695
outer loop
vertex 9801.68657348633 16620.1593505859 2320.57205200195
vertex 9804.67891967773 16621.6560180664 2317.57954101562
vertex 9767.27459228516 16612.6789794922 2320.57205200195
endloop
endfacet
facet normal -0.349808288836335 0.929735813146672 -0.115002081780688
outer loop
vertex 9767.27459228516 16612.6789794922 2320.57205200195
vertex 9804.67891967773 16621.6560180664 2317.57954101562
vertex 9764.28224609375 16611.1829711914 2317.57954101562
endloop
endfacet
facet normal 0.128087188568282 -0.494058358435761 -0.859941864653905
outer loop
vertex 9804.67891967773 16621.6560180664 2317.57954101562
vertex 9803.18282897949 16618.663671875 2319.07587890625
vertex 9764.28224609375 16611.1829711914 2317.57954101562
endloop
endfacet
facet normal 0.128690433594025 -0.497625248396996 -0.857792448357532
outer loop
vertex 9803.18282897949 16618.663671875 2319.07587890625
vertex 9765.77825439453 16609.6863037109 2319.07587890625
vertex 9764.28224609375 16611.1829711914 2317.57954101562
endloop
endfacet
facet normal -0.707080328587799 -0.707133232215093 2.86566844564895e-005
outer loop
vertex 9803.18282897949 16618.663671875 2325.06040649414
vertex 9801.68657348633 16620.1593505859 2320.57205200195
vertex 9803.18282897949 16618.663671875 2319.07587890625
endloop
endfacet
facet normal -0.707080328587799 -0.707133232215093 2.86566844564895e-005
outer loop
vertex 9801.68657348633 16620.1593505859 2320.57205200195
vertex 9803.18282897949 16618.663671875 2325.06040649414
vertex 9800.19040039062 16621.6560180664 2323.56423339844
endloop
endfacet
facet normal -8.70945496887975e-018 0.894358220653479 -0.447351509609103
outer loop
vertex 9804.67891967773 16621.6560180664 2323.56423339844
vertex 9801.68657348633 16620.1593505859 2320.57205200195
vertex 9800.19040039062 16621.6560180664 2323.56423339844
endloop
endfacet
facet normal -0.447331803037232 0.894368077466688 -3.76722067273892e-019
outer loop
vertex 9804.67891967773 16621.6560180664 2323.56423339844
vertex 9804.67891967773 16621.6560180664 2317.57954101562
vertex 9801.68657348633 16620.1593505859 2320.57205200195
endloop
endfacet
facet normal 0.894437042496096 -0.447193891965037 1.95963817960929e-017
outer loop
vertex 9804.67891967773 16621.6560180664 2317.57954101562
vertex 9803.18282897949 16618.663671875 2325.06040649414
vertex 9803.18282897949 16618.663671875 2319.07587890625
endloop
endfacet
facet normal 0.894437042496096 -0.447193891965037 1.95963817960929e-017
outer loop
vertex 9803.18282897949 16618.663671875 2325.06040649414
vertex 9804.67891967773 16621.6560180664 2317.57954101562
vertex 9804.67891967773 16621.6560180664 2323.56423339844
endloop
endfacet
facet normal -0.726617314844516 -0.264223485973844 0.634202828145678
outer loop
vertex 9797.19821899414 16635.1214111328 2325.06040649414
vertex 9803.18282897949 16618.663671875 2325.06040649414
vertex 9800.19040039062 16633.625402832 2328.05291748047
endloop
endfacet
facet normal -0.650172573261259 -0.236425502505999 0.722065514163098
outer loop
vertex 9803.18282897949 16618.663671875 2325.06040649414
vertex 9797.19821899414 16635.1214111328 2325.06040649414
vertex 9800.19040039062 16621.6560180664 2323.56423339844
endloop
endfacet
facet normal 4.07837743255304e-017 0.110432861098409 -0.99388358633676
outer loop
vertex 9801.68657348633 16635.1214111328 2325.06040649414
vertex 9800.19040039062 16621.6560180664 2323.56423339844
vertex 9797.19821899414 16635.1214111328 2325.06040649414
endloop
endfacet
facet normal 4.07837743255304e-017 0.110432861098409 -0.99388358633676
outer loop
vertex 9800.19040039062 16621.6560180664 2323.56423339844
vertex 9801.68657348633 16635.1214111328 2325.06040649414
vertex 9804.67891967773 16621.6560180664 2323.56423339844
endloop
endfacet
facet normal 0.857471085774734 0.13539540378263 0.496398450536298
outer loop
vertex 9801.68657348633 16635.1214111328 2325.06040649414
vertex 9800.19040039062 16633.625402832 2328.05291748047
vertex 9804.67891967773 16621.6560180664 2323.56423339844
endloop
endfacet
facet normal 0.842991158708252 0.119425846537035 0.524502977607021
outer loop
vertex 9800.19040039062 16633.625402832 2328.05291748047
vertex 9803.18282897949 16618.663671875 2325.06040649414
vertex 9804.67891967773 16621.6560180664 2323.56423339844
endloop
endfacet
facet normal 0.731176510560387 0.0184693768225712 0.681938261519708
outer loop
vertex 9767.27459228516 16612.6789794922 2293.64077148437
vertex 9762.78599060059 16624.6483642578 2298.12929077148
vertex 9765.77825439453 16611.1829711914 2295.13694458008
endloop
endfacet
facet normal 0.857446364388868 0.135381428278057 0.496444962784099
outer loop
vertex 9764.28224609375 16626.1447021484 2295.13694458008
vertex 9762.78599060059 16624.6483642578 2298.12929077148
vertex 9767.27459228516 16612.6789794922 2293.64077148437
endloop
endfacet
facet normal 0.0 0.110430191083354 -0.993883883005099
outer loop
vertex 9764.28224609375 16626.1447021484 2295.13694458008
vertex 9764.28224609375 16612.6789794922 2293.64077148437
vertex 9761.28989990234 16626.1447021484 2295.13694458008
endloop
endfacet
facet normal 0.0 0.110430191083354 -0.993883883005099
outer loop
vertex 9764.28224609375 16612.6789794922 2293.64077148437
vertex 9764.28224609375 16626.1447021484 2295.13694458008
vertex 9767.27459228516 16612.6789794922 2293.64077148437
endloop
endfacet
facet normal -0.898777718803432 -0.269623416117746 0.345690360964108
outer loop
vertex 9761.28989990234 16626.1447021484 2295.13694458008
vertex 9764.28224609375 16612.6789794922 2293.64077148437
vertex 9765.77825439453 16611.1829711914 2295.13694458008
endloop
endfacet
facet normal -0.898777718803432 -0.269623416117746 0.345690360964108
outer loop
vertex 9761.28989990234 16626.1447021484 2295.13694458008
vertex 9765.77825439453 16611.1829711914 2295.13694458008
vertex 9762.78599060059 16624.6483642578 2298.12929077148
endloop
endfacet
facet normal 0.83386420262872 -0.543402019625255 0.0968748504079459
outer loop
vertex 9767.27459228516 16612.6789794922 2290.64859008789
vertex 9765.77825439453 16611.1829711914 2295.13694458008
vertex 9765.77825439453 16609.6863037109 2289.15225219727
endloop
endfacet
facet normal 0.800961304842982 -0.594751085814252 0.0687905085531122
outer loop
vertex 9765.77825439453 16611.1829711914 2295.13694458008
vertex 9767.27459228516 16612.6789794922 2290.64859008789
vertex 9767.27459228516 16612.6789794922 2293.64077148437
endloop
endfacet
facet normal -0.447174187779043 0.894446893775227 0.0
outer loop
vertex 9767.27459228516 16612.6789794922 2293.64077148437
vertex 9767.27459228516 16612.6789794922 2290.64859008789
vertex 9764.28224609375 16611.1829711914 2287.65607910156
endloop
endfacet
facet normal 0.0 0.97014878548707 -0.242510482284713
outer loop
vertex 9767.27459228516 16612.6789794922 2293.64077148437
vertex 9764.28224609375 16611.1829711914 2287.65607910156
vertex 9764.28224609375 16612.6789794922 2293.64077148437
endloop
endfacet
facet normal -0.771583522783541 -0.617130836012717 0.154299703859682
outer loop
vertex 9765.77825439453 16611.1829711914 2295.13694458008
vertex 9764.28224609375 16611.1829711914 2287.65607910156
vertex 9765.77825439453 16609.6863037109 2289.15225219727
endloop
endfacet
facet normal -0.771583522783541 -0.617130836012717 0.154299703859682
outer loop
vertex 9764.28224609375 16611.1829711914 2287.65607910156
vertex 9765.77825439453 16611.1829711914 2295.13694458008
vertex 9764.28224609375 16612.6789794922 2293.64077148437
endloop
endfacet
facet normal 0.149015439927935 -0.62087897424193 0.769612693507178
outer loop
vertex 9803.18282897949 16618.663671875 2289.15225219727
vertex 9801.68657348633 16620.1593505859 2290.64859008789
vertex 9765.77825439453 16609.6863037109 2289.15225219727
endloop
endfacet
facet normal 0.147384751331627 -0.615902394546228 0.773913416001517
outer loop
vertex 9801.68657348633 16620.1593505859 2290.64859008789
vertex 9767.27459228516 16612.6789794922 2290.64859008789
vertex 9765.77825439453 16609.6863037109 2289.15225219727
endloop
endfacet
facet normal -0.204743652092781 0.941883045449807 0.266338817339695
outer loop
vertex 9801.68657348633 16620.1593505859 2290.64859008789
vertex 9804.67891967773 16621.6560180664 2287.65607910156
vertex 9767.27459228516 16612.6789794922 2290.64859008789
endloop
endfacet
facet normal -0.349808288836335 0.929735813146672 -0.115002081780688
outer loop
vertex 9767.27459228516 16612.6789794922 2290.64859008789
vertex 9804.67891967773 16621.6560180664 2287.65607910156
vertex 9764.28224609375 16611.1829711914 2287.65607910156
endloop
endfacet
facet normal 0.128076756348704 -0.494018119241371 -0.859966535595667
outer loop
vertex 9804.67891967773 16621.6560180664 2287.65607910156
vertex 9803.18282897949 16618.663671875 2289.15225219727
vertex 9764.28224609375 16611.1829711914 2287.65607910156
endloop
endfacet
facet normal 0.128679983463466 -0.497584796164669 -0.857817482033099
outer loop
vertex 9803.18282897949 16618.663671875 2289.15225219727
vertex 9765.77825439453 16609.6863037109 2289.15225219727
vertex 9764.28224609375 16611.1829711914 2287.65607910156
endloop
endfacet
facet normal -0.707080328458791 -0.707133232344158 2.86550268589759e-005
outer loop
vertex 9803.18282897949 16618.663671875 2295.13694458008
vertex 9801.68657348633 16620.1593505859 2290.64859008789
vertex 9803.18282897949 16618.663671875 2289.15225219727
endloop
endfacet
facet normal -0.707080328458791 -0.707133232344158 2.86550268589759e-005
outer loop
vertex 9801.68657348633 16620.1593505859 2290.64859008789
vertex 9803.18282897949 16618.663671875 2295.13694458008
vertex 9800.19040039062 16621.6560180664 2293.64077148437
endloop
endfacet
facet normal -8.70945496887975e-018 0.894358220653479 -0.447351509609103
outer loop
vertex 9804.67891967773 16621.6560180664 2293.64077148437
vertex 9801.68657348633 16620.1593505859 2290.64859008789
vertex 9800.19040039062 16621.6560180664 2293.64077148437
endloop
endfacet
facet normal -0.447331803037232 0.894368077466688 -3.76722067273892e-019
outer loop
vertex 9804.67891967773 16621.6560180664 2293.64077148437
vertex 9804.67891967773 16621.6560180664 2287.65607910156
vertex 9801.68657348633 16620.1593505859 2290.64859008789
endloop
endfacet
facet normal 0.894437042496096 -0.447193891965037 6.53194739871201e-018
outer loop
vertex 9804.67891967773 16621.6560180664 2287.65607910156
vertex 9803.18282897949 16618.663671875 2295.13694458008
vertex 9803.18282897949 16618.663671875 2289.15225219727
endloop
endfacet
facet normal 0.894437042496096 -0.447193891965037 6.53194739871201e-018
outer loop
vertex 9803.18282897949 16618.663671875 2295.13694458008
vertex 9804.67891967773 16621.6560180664 2287.65607910156
vertex 9804.67891967773 16621.6560180664 2293.64077148437
endloop
endfacet
facet normal -0.726603460380012 -0.264218448005669 0.634220799956346
outer loop
vertex 9797.19821899414 16635.1214111328 2295.13694458008
vertex 9803.18282897949 16618.663671875 2295.13694458008
vertex 9800.19040039062 16633.625402832 2298.12929077148
endloop
endfacet
facet normal -0.650165957055921 -0.236423096622183 0.722072259312831
outer loop
vertex 9803.18282897949 16618.663671875 2295.13694458008
vertex 9797.19821899414 16635.1214111328 2295.13694458008
vertex 9800.19040039062 16621.6560180664 2293.64077148437
endloop
endfacet
facet normal 4.07837743255304e-017 0.110432861098409 -0.99388358633676
outer loop
vertex 9801.68657348633 16635.1214111328 2295.13694458008
vertex 9800.19040039062 16621.6560180664 2293.64077148437
vertex 9797.19821899414 16635.1214111328 2295.13694458008
endloop
endfacet
facet normal 4.07837743255304e-017 0.110432861098409 -0.99388358633676
outer loop
vertex 9800.19040039062 16621.6560180664 2293.64077148437
vertex 9801.68657348633 16635.1214111328 2295.13694458008
vertex 9804.67891967773 16621.6560180664 2293.64077148437
endloop
endfacet
facet normal 0.857460395924443 0.135390838176637 0.496418160786775
outer loop
vertex 9801.68657348633 16635.1214111328 2295.13694458008
vertex 9800.19040039062 16633.625402832 2298.12929077148
vertex 9804.67891967773 16621.6560180664 2293.64077148437
endloop
endfacet
facet normal 0.84298080504006 0.119422674350237 0.524520340106129
outer loop
vertex 9800.19040039062 16633.625402832 2298.12929077148
vertex 9803.18282897949 16618.663671875 2295.13694458008
vertex 9804.67891967773 16621.6560180664 2293.64077148437
endloop
endfacet
facet normal 0.731176510560468 0.0184693768226062 0.681938261519621
outer loop
vertex 9767.27459228516 16612.6789794922 2263.71730957031
vertex 9762.78599060059 16624.6483642578 2268.20582885742
vertex 9765.77825439453 16611.1829711914 2265.21348266602
endloop
endfacet
facet normal 0.857446364388874 0.135381428278041 0.496444962784094
outer loop
vertex 9764.28224609375 16626.1447021484 2265.21348266602
vertex 9762.78599060059 16624.6483642578 2268.20582885742
vertex 9767.27459228516 16612.6789794922 2263.71730957031
endloop
endfacet
facet normal 9.1755658782976e-017 0.11043019108339 -0.993883883005095
outer loop
vertex 9764.28224609375 16626.1447021484 2265.21348266602
vertex 9764.28224609375 16612.6789794922 2263.71730957031
vertex 9761.28989990234 16626.1447021484 2265.21348266602
endloop
endfacet
facet normal 9.1755658782976e-017 0.11043019108339 -0.993883883005095
outer loop
vertex 9764.28224609375 16612.6789794922 2263.71730957031
vertex 9764.28224609375 16626.1447021484 2265.21348266602
vertex 9767.27459228516 16612.6789794922 2263.71730957031
endloop
endfacet
facet normal -0.898777718803436 -0.269623416117747 0.345690360964098
outer loop
vertex 9761.28989990234 16626.1447021484 2265.21348266602
vertex 9764.28224609375 16612.6789794922 2263.71730957031
vertex 9765.77825439453 16611.1829711914 2265.21348266602
endloop
endfacet
facet normal -0.898777718803436 -0.269623416117747 0.345690360964098
outer loop
vertex 9761.28989990234 16626.1447021484 2265.21348266602
vertex 9765.77825439453 16611.1829711914 2265.21348266602
vertex 9762.78599060059 16624.6483642578 2268.20582885742
endloop
endfacet
facet normal 0.83386420262873 -0.543402019625241 0.0968748504079435
outer loop
vertex 9767.27459228516 16612.6789794922 2260.72512817383
vertex 9765.77825439453 16611.1829711914 2265.21348266602
vertex 9765.77825439453 16609.6863037109 2259.2287902832
endloop
endfacet
facet normal 0.800961304842995 -0.594751085814234 0.0687905085531147
outer loop
vertex 9765.77825439453 16611.1829711914 2265.21348266602
vertex 9767.27459228516 16612.6789794922 2260.72512817383
vertex 9767.27459228516 16612.6789794922 2263.71730957031
endloop
endfacet
facet normal -0.447174187779043 0.894446893775227 -1.56785732766634e-016
outer loop
vertex 9767.27459228516 16612.6789794922 2263.71730957031
vertex 9767.27459228516 16612.6789794922 2260.72512817383
vertex 9764.28224609375 16611.1829711914 2257.7326171875
endloop
endfacet
facet normal 0.0 0.970148785487065 -0.242510482284732
outer loop
vertex 9767.27459228516 16612.6789794922 2263.71730957031
vertex 9764.28224609375 16611.1829711914 2257.7326171875
vertex 9764.28224609375 16612.6789794922 2263.71730957031
endloop
endfacet
facet normal -0.771583522783553 -0.617130836012702 0.154299703859685
outer loop
vertex 9765.77825439453 16611.1829711914 2265.21348266602
vertex 9764.28224609375 16611.1829711914 2257.7326171875
vertex 9765.77825439453 16609.6863037109 2259.2287902832
endloop
endfacet
facet normal -0.771583522783553 -0.617130836012702 0.154299703859685
outer loop
vertex 9764.28224609375 16611.1829711914 2257.7326171875
vertex 9765.77825439453 16611.1829711914 2265.21348266602
vertex 9764.28224609375 16612.6789794922 2263.71730957031
endloop
endfacet
facet normal 0.149015439927907 -0.62087897424181 0.76961269350728
outer loop
vertex 9803.18282897949 16618.663671875 2259.2287902832
vertex 9801.68657348633 16620.1593505859 2260.72512817383
vertex 9765.77825439453 16609.6863037109 2259.2287902832
endloop
endfacet
facet normal 0.147384751331598 -0.615902394546109 0.773913416001617
outer loop
vertex 9801.68657348633 16620.1593505859 2260.72512817383
vertex 9767.27459228516 16612.6789794922 2260.72512817383
vertex 9765.77825439453 16609.6863037109 2259.2287902832
endloop
endfacet
facet normal -0.204743652092779 0.941883045449796 0.266338817339735
outer loop
vertex 9801.68657348633 16620.1593505859 2260.72512817383
vertex 9804.67891967773 16621.6560180664 2257.7326171875
vertex 9767.27459228516 16612.6789794922 2260.72512817383
endloop
endfacet
facet normal -0.349808288836331 0.929735813146671 -0.115002081780711
outer loop
vertex 9767.27459228516 16612.6789794922 2260.72512817383
vertex 9804.67891967773 16621.6560180664 2257.7326171875
vertex 9764.28224609375 16611.1829711914 2257.7326171875
endloop
endfacet
facet normal 0.128076756348704 -0.494018119241371 -0.859966535595667
outer loop
vertex 9804.67891967773 16621.6560180664 2257.7326171875
vertex 9803.18282897949 16618.663671875 2259.2287902832
vertex 9764.28224609375 16611.1829711914 2257.7326171875
endloop
endfacet
facet normal 0.128679983463466 -0.497584796164669 -0.857817482033099
outer loop
vertex 9803.18282897949 16618.663671875 2259.2287902832
vertex 9765.77825439453 16609.6863037109 2259.2287902832
vertex 9764.28224609375 16611.1829711914 2257.7326171875
endloop
endfacet
facet normal -0.707080328458791 -0.707133232344158 2.86550268589873e-005
outer loop
vertex 9803.18282897949 16618.663671875 2265.21348266602
vertex 9801.68657348633 16620.1593505859 2260.72512817383
vertex 9803.18282897949 16618.663671875 2259.2287902832
endloop
endfacet
facet normal -0.707080328458791 -0.707133232344158 2.86550268589873e-005
outer loop
vertex 9801.68657348633 16620.1593505859 2260.72512817383
vertex 9803.18282897949 16618.663671875 2265.21348266602
vertex 9800.19040039062 16621.6560180664 2263.71730957031
endloop
endfacet
facet normal -8.70945496887975e-018 0.894358220653479 -0.447351509609103
outer loop
vertex 9804.67891967773 16621.6560180664 2263.71730957031
vertex 9801.68657348633 16620.1593505859 2260.72512817383
vertex 9800.19040039062 16621.6560180664 2263.71730957031
endloop
endfacet
facet normal -0.447331803037232 0.894368077466688 3.63805882110275e-018
outer loop
vertex 9804.67891967773 16621.6560180664 2263.71730957031
vertex 9804.67891967773 16621.6560180664 2257.7326171875
vertex 9801.68657348633 16620.1593505859 2260.72512817383
endloop
endfacet
facet normal 0.894437042496096 -0.447193891965037 6.53194739871254e-018
outer loop
vertex 9804.67891967773 16621.6560180664 2257.7326171875
vertex 9803.18282897949 16618.663671875 2265.21348266602
vertex 9803.18282897949 16618.663671875 2259.2287902832
endloop
endfacet
facet normal 0.894437042496096 -0.447193891965037 6.53194739871254e-018
outer loop
vertex 9803.18282897949 16618.663671875 2265.21348266602
vertex 9804.67891967773 16621.6560180664 2257.7326171875
vertex 9804.67891967773 16621.6560180664 2263.71730957031
endloop
endfacet
facet normal -0.726603460380024 -0.264218448005673 0.634220799956331
outer loop
vertex 9797.19821899414 16635.1214111328 2265.21348266602
vertex 9803.18282897949 16618.663671875 2265.21348266602
vertex 9800.19040039062 16633.625402832 2268.20582885742
endloop
endfacet
facet normal -0.650165957055992 -0.236423096622209 0.722072259312758
outer loop
vertex 9803.18282897949 16618.663671875 2265.21348266602
vertex 9797.19821899414 16635.1214111328 2265.21348266602
vertex 9800.19040039062 16621.6560180664 2263.71730957031
endloop
endfacet
facet normal 0.0 0.110432861098445 -0.993883586336756
outer loop
vertex 9801.68657348633 16635.1214111328 2265.21348266602
vertex 9800.19040039062 16621.6560180664 2263.71730957031
vertex 9797.19821899414 16635.1214111328 2265.21348266602
endloop
endfacet
facet normal 0.0 0.110432861098445 -0.993883586336756
outer loop
vertex 9800.19040039062 16621.6560180664 2263.71730957031
vertex 9801.68657348633 16635.1214111328 2265.21348266602
vertex 9804.67891967773 16621.6560180664 2263.71730957031
endloop
endfacet
facet normal 0.857460395924449 0.135390838176621 0.49641816078677
outer loop
vertex 9801.68657348633 16635.1214111328 2265.21348266602
vertex 9800.19040039062 16633.625402832 2268.20582885742
vertex 9804.67891967773 16621.6560180664 2263.71730957031
endloop
endfacet
facet normal 0.842980805040071 0.119422674350224 0.524520340106115
outer loop
vertex 9800.19040039062 16633.625402832 2268.20582885742
vertex 9803.18282897949 16618.663671875 2265.21348266602
vertex 9804.67891967773 16621.6560180664 2263.71730957031
endloop
endfacet
facet normal 0.731182408462764 0.0184645218353057 0.681932069188702
outer loop
vertex 9767.27459228516 16612.6789794922 2233.79368286133
vertex 9762.78599060059 16624.6483642578 2238.28236694336
vertex 9765.77825439453 16611.1829711914 2235.28985595703
endloop
endfacet
facet normal 0.857457055157865 0.135385993994697 0.496425252369447
outer loop
vertex 9764.28224609375 16626.1447021484 2235.28985595703
vertex 9762.78599060059 16624.6483642578 2238.28236694336
vertex 9767.27459228516 16612.6789794922 2233.79368286133
endloop
endfacet
facet normal 0.0 0.110430191083354 -0.993883883005099
outer loop
vertex 9764.28224609375 16626.1447021484 2235.28985595703
vertex 9764.28224609375 16612.6789794922 2233.79368286133
vertex 9761.28989990234 16626.1447021484 2235.28985595703
endloop
endfacet
facet normal 0.0 0.110430191083354 -0.993883883005099
outer loop
vertex 9764.28224609375 16612.6789794922 2233.79368286133
vertex 9764.28224609375 16626.1447021484 2235.28985595703
vertex 9767.27459228516 16612.6789794922 2233.79368286133
endloop
endfacet
facet normal -0.898782798115352 -0.269624939855376 0.345675966216806
outer loop
vertex 9761.28989990234 16626.1447021484 2235.28985595703
vertex 9764.28224609375 16612.6789794922 2233.79368286133
vertex 9765.77825439453 16611.1829711914 2235.28985595703
endloop
endfacet
facet normal -0.898782798115352 -0.269624939855376 0.345675966216806
outer loop
vertex 9761.28989990234 16626.1447021484 2235.28985595703
vertex 9765.77825439453 16611.1829711914 2235.28985595703
vertex 9762.78599060059 16624.6483642578 2238.28236694336
endloop
endfacet
facet normal 0.833864202628725 -0.543402019625248 0.0968748504079496
outer loop
vertex 9767.27459228516 16612.6789794922 2230.80150146484
vertex 9765.77825439453 16611.1829711914 2235.28985595703
vertex 9765.77825439453 16609.6863037109 2229.30516357422
endloop
endfacet
facet normal 0.800961304842988 -0.594751085814244 0.0687905085531168
outer loop
vertex 9765.77825439453 16611.1829711914 2235.28985595703
vertex 9767.27459228516 16612.6789794922 2230.80150146484
vertex 9767.27459228516 16612.6789794922 2233.79368286133
endloop
endfacet
facet normal -0.447174187779043 0.894446893775227 0.0
outer loop
vertex 9767.27459228516 16612.6789794922 2233.79368286133
vertex 9767.27459228516 16612.6789794922 2230.80150146484
vertex 9764.28224609375 16611.1829711914 2227.80915527344
endloop
endfacet
facet normal 8.50228594186606e-017 0.970147214334891 -0.242516767499179
outer loop
vertex 9767.27459228516 16612.6789794922 2233.79368286133
vertex 9764.28224609375 16611.1829711914 2227.80915527344
vertex 9764.28224609375 16612.6789794922 2233.79368286133
endloop
endfacet
facet normal -0.77158068943984 -0.617133670053104 0.154302537148061
outer loop
vertex 9765.77825439453 16611.1829711914 2235.28985595703
vertex 9764.28224609375 16611.1829711914 2227.80915527344
vertex 9765.77825439453 16609.6863037109 2229.30516357422
endloop
endfacet
facet normal -0.77158068943984 -0.617133670053104 0.154302537148061
outer loop
vertex 9764.28224609375 16611.1829711914 2227.80915527344
vertex 9765.77825439453 16611.1829711914 2235.28985595703
vertex 9764.28224609375 16612.6789794922 2233.79368286133
endloop
endfacet
facet normal 0.149015439927907 -0.62087897424181 0.76961269350728
outer loop
vertex 9803.18282897949 16618.663671875 2229.30516357422
vertex 9801.68657348633 16620.1593505859 2230.80150146484
vertex 9765.77825439453 16609.6863037109 2229.30516357422
endloop
endfacet
facet normal 0.147384751331598 -0.615902394546109 0.773913416001617
outer loop
vertex 9801.68657348633 16620.1593505859 2230.80150146484
vertex 9767.27459228516 16612.6789794922 2230.80150146484
vertex 9765.77825439453 16609.6863037109 2229.30516357422
endloop
endfacet
facet normal -0.204742852220251 0.94187936579299 0.266352444625746
outer loop
vertex 9801.68657348633 16620.1593505859 2230.80150146484
vertex 9804.67891967773 16621.6560180664 2227.80915527344
vertex 9767.27459228516 16612.6789794922 2230.80150146484
endloop
endfacet
facet normal -0.349806897506444 0.929735406259005 -0.115009603100434
outer loop
vertex 9767.27459228516 16612.6789794922 2230.80150146484
vertex 9804.67891967773 16621.6560180664 2227.80915527344
vertex 9764.28224609375 16611.1829711914 2227.80915527344
endloop
endfacet
facet normal 0.128066323231282 -0.493977876583817 -0.859991205943273
outer loop
vertex 9804.67891967773 16621.6560180664 2227.80915527344
vertex 9803.18282897949 16618.663671875 2229.30516357422
vertex 9764.28224609375 16611.1829711914 2227.80915527344
endloop
endfacet
facet normal 0.128669532424206 -0.497544340429339 -0.857842515111294
outer loop
vertex 9803.18282897949 16618.663671875 2229.30516357422
vertex 9765.77825439453 16609.6863037109 2229.30516357422
vertex 9764.28224609375 16611.1829711914 2227.80915527344
endloop
endfacet
facet normal -0.707080328458791 -0.707133232344158 2.86550268589917e-005
outer loop
vertex 9803.18282897949 16618.663671875 2235.28985595703
vertex 9801.68657348633 16620.1593505859 2230.80150146484
vertex 9803.18282897949 16618.663671875 2229.30516357422
endloop
endfacet
facet normal -0.707080328458791 -0.707133232344158 2.86550268589917e-005
outer loop
vertex 9801.68657348633 16620.1593505859 2230.80150146484
vertex 9803.18282897949 16618.663671875 2235.28985595703
vertex 9800.19040039062 16621.6560180664 2233.79368286133
endloop
endfacet
facet normal -8.70945496887975e-018 0.894358220653479 -0.447351509609103
outer loop
vertex 9804.67891967773 16621.6560180664 2233.79368286133
vertex 9801.68657348633 16620.1593505859 2230.80150146484
vertex 9800.19040039062 16621.6560180664 2233.79368286133
endloop
endfacet
facet normal -0.447331803037232 0.894368077466688 5.82635753455456e-018
outer loop
vertex 9804.67891967773 16621.6560180664 2233.79368286133
vertex 9804.67891967773 16621.6560180664 2227.80915527344
vertex 9801.68657348633 16620.1593505859 2230.80150146484
endloop
endfacet
facet normal 0.894437042496096 -0.447193891965037 0.0
outer loop
vertex 9804.67891967773 16621.6560180664 2227.80915527344
vertex 9803.18282897949 16618.663671875 2235.28985595703
vertex 9803.18282897949 16618.663671875 2229.30516357422
endloop
endfacet
facet normal 0.894437042496096 -0.447193891965037 0.0
outer loop
vertex 9803.18282897949 16618.663671875 2235.28985595703
vertex 9804.67891967773 16621.6560180664 2227.80915527344
vertex 9804.67891967773 16621.6560180664 2233.79368286133
endloop
endfacet
facet normal -0.726617314844556 -0.264223485973859 0.634202828145625
outer loop
vertex 9797.19821899414 16635.1214111328 2235.28985595703
vertex 9803.18282897949 16618.663671875 2235.28985595703
vertex 9800.19040039062 16633.625402832 2238.28236694336
endloop
endfacet
facet normal -0.650172573261278 -0.236425502506006 0.722065514163078
outer loop
vertex 9803.18282897949 16618.663671875 2235.28985595703
vertex 9797.19821899414 16635.1214111328 2235.28985595703
vertex 9800.19040039062 16621.6560180664 2233.79368286133
endloop
endfacet
facet normal 4.07837743255304e-017 0.110432861098409 -0.99388358633676
outer loop
vertex 9801.68657348633 16635.1214111328 2235.28985595703
vertex 9800.19040039062 16621.6560180664 2233.79368286133
vertex 9797.19821899414 16635.1214111328 2235.28985595703
endloop
endfacet
facet normal 4.07837743255304e-017 0.110432861098409 -0.99388358633676
outer loop
vertex 9800.19040039062 16621.6560180664 2233.79368286133
vertex 9801.68657348633 16635.1214111328 2235.28985595703
vertex 9804.67891967773 16621.6560180664 2233.79368286133
endloop
endfacet
facet normal 0.857471085774766 0.135395403782644 0.49639845053624
outer loop
vertex 9801.68657348633 16635.1214111328 2235.28985595703
vertex 9800.19040039062 16633.625402832 2238.28236694336
vertex 9804.67891967773 16621.6560180664 2233.79368286133
endloop
endfacet
facet normal 0.842991158708283 0.119425846537044 0.524502977606969
outer loop
vertex 9800.19040039062 16633.625402832 2238.28236694336
vertex 9803.18282897949 16618.663671875 2235.28985595703
vertex 9804.67891967773 16621.6560180664 2233.79368286133
endloop
endfacet
facet normal 0.844791702214138 0.121364133120494 0.521150388143433
outer loop
vertex 9762.78599060059 16624.6483642578 2208.3589050293
vertex 9765.77825439453 16611.1829711914 2205.36655883789
vertex 9767.27459228516 16612.6789794922 2203.87022094727
endloop
endfacet
facet normal 0.857448257681401 0.135375971478801 0.496443180782354
outer loop
vertex 9764.28224609375 16626.1447021484 2205.36655883789
vertex 9762.78599060059 16624.6483642578 2208.3589050293
vertex 9767.27459228516 16612.6789794922 2203.87022094727
endloop
endfacet
facet normal 9.17555355311026e-017 0.11044220598523 -0.99388254795882
outer loop
vertex 9764.28224609375 16626.1447021484 2205.36655883789
vertex 9764.28224609375 16612.6789794922 2203.87022094727
vertex 9761.28989990234 16626.1447021484 2205.36655883789
endloop
endfacet
facet normal 9.17555355311026e-017 0.11044220598523 -0.99388254795882
outer loop
vertex 9764.28224609375 16612.6789794922 2203.87022094727
vertex 9764.28224609375 16626.1447021484 2205.36655883789
vertex 9767.27459228516 16612.6789794922 2203.87022094727
endloop
endfacet
facet normal -0.8987788979037 -0.269623769834839 0.345687019459886
outer loop
vertex 9761.28989990234 16626.1447021484 2205.36655883789
vertex 9764.28224609375 16612.6789794922 2203.87022094727
vertex 9765.77825439453 16611.1829711914 2205.36655883789
endloop
endfacet
facet normal -0.8987788979037 -0.269623769834839 0.345687019459886
outer loop
vertex 9761.28989990234 16626.1447021484 2205.36655883789
vertex 9765.77825439453 16611.1829711914 2205.36655883789
vertex 9762.78599060059 16624.6483642578 2208.3589050293
endloop
endfacet
facet normal 0.833872766740834 -0.54338952855928 0.0968711987130832
outer loop
vertex 9767.27459228516 16612.6789794922 2200.87770996094
vertex 9765.77825439453 16611.1829711914 2205.36655883789
vertex 9765.77825439453 16609.6863037109 2199.38170166016
endloop
endfacet
facet normal 0.800964492476493 -0.594747404420724 0.0687852217172155
outer loop
vertex 9765.77825439453 16611.1829711914 2205.36655883789
vertex 9767.27459228516 16612.6789794922 2200.87770996094
vertex 9767.27459228516 16612.6789794922 2203.87022094727
endloop
endfacet
facet normal -0.447174187779044 0.894446893775227 1.56751198464343e-016
outer loop
vertex 9767.27459228516 16612.6789794922 2203.87022094727
vertex 9767.27459228516 16612.6789794922 2200.87770996094
vertex 9764.28224609375 16611.1829711914 2197.88552856445
endloop
endfacet
facet normal 0.0 0.97014878548707 -0.242510482284713
outer loop
vertex 9767.27459228516 16612.6789794922 2203.87022094727
vertex 9764.28224609375 16611.1829711914 2197.88552856445
vertex 9764.28224609375 16612.6789794922 2203.87022094727
endloop
endfacet
facet normal -0.771586353803497 -0.617128004530527 0.154296871803654
outer loop
vertex 9765.77825439453 16611.1829711914 2205.36655883789
vertex 9764.28224609375 16611.1829711914 2197.88552856445
vertex 9765.77825439453 16609.6863037109 2199.38170166016
endloop
endfacet
facet normal -0.771586353803497 -0.617128004530527 0.154296871803654
outer loop
vertex 9764.28224609375 16611.1829711914 2197.88552856445
vertex 9765.77825439453 16611.1829711914 2205.36655883789
vertex 9764.28224609375 16612.6789794922 2203.87022094727
endloop
endfacet
facet normal 0.148995996252568 -0.620797961366864 0.769681807153742
outer loop
vertex 9803.18282897949 16618.663671875 2199.38170166016
vertex 9801.68657348633 16620.1593505859 2200.87770996094
vertex 9765.77825439453 16609.6863037109 2199.38170166016
endloop
endfacet
facet normal 0.147365478011683 -0.615821659129938 0.773981330547991
outer loop
vertex 9801.68657348633 16620.1593505859 2200.87770996094
vertex 9767.27459228516 16612.6789794922 2200.87770996094
vertex 9765.77825439453 16609.6863037109 2199.38170166016
endloop
endfacet
facet normal -0.204742052224936 0.941875685571331 0.266366073253066
outer loop
vertex 9801.68657348633 16620.1593505859 2200.87770996094
vertex 9804.67891967773 16621.6560180664 2197.88552856445
vertex 9767.27459228516 16612.6789794922 2200.87770996094
endloop
endfacet
facet normal -0.349805506092739 0.929734999235322 -0.115017125264453
outer loop
vertex 9767.27459228516 16612.6789794922 2200.87770996094
vertex 9804.67891967773 16621.6560180664 2197.88552856445
vertex 9764.28224609375 16611.1829711914 2197.88552856445
endloop
endfacet
facet normal 0.128076756348704 -0.494018119241371 -0.859966535595667
outer loop
vertex 9804.67891967773 16621.6560180664 2197.88552856445
vertex 9803.18282897949 16618.663671875 2199.38170166016
vertex 9764.28224609375 16611.1829711914 2197.88552856445
endloop
endfacet
facet normal 0.128679983463466 -0.497584796164669 -0.857817482033099
outer loop
vertex 9803.18282897949 16618.663671875 2199.38170166016
vertex 9765.77825439453 16609.6863037109 2199.38170166016
vertex 9764.28224609375 16611.1829711914 2197.88552856445
endloop
endfacet
facet normal -0.707080328845923 -0.707133231956982 2.86568431439367e-005
outer loop
vertex 9803.18282897949 16618.663671875 2205.36655883789
vertex 9801.68657348633 16620.1593505859 2200.87770996094
vertex 9803.18282897949 16618.663671875 2199.38170166016
endloop
endfacet
facet normal -0.707080328845923 -0.707133231956982 2.86568431439367e-005
outer loop
vertex 9801.68657348633 16620.1593505859 2200.87770996094
vertex 9803.18282897949 16618.663671875 2205.36655883789
vertex 9800.19040039062 16621.6560180664 2203.87022094727
endloop
endfacet
facet normal -2.61231855220481e-017 0.894377932977363 -0.447312097984326
outer loop
vertex 9804.67891967773 16621.6560180664 2203.87022094727
vertex 9801.68657348633 16620.1593505859 2200.87770996094
vertex 9800.19040039062 16621.6560180664 2203.87022094727
endloop
endfacet
facet normal -0.447331803037232 0.894368077466688 3.76722067273892e-019
outer loop
vertex 9804.67891967773 16621.6560180664 2203.87022094727
vertex 9804.67891967773 16621.6560180664 2197.88552856445
vertex 9801.68657348633 16620.1593505859 2200.87770996094
endloop
endfacet
facet normal 0.894437042496096 -0.447193891965037 1.9595302611039e-017
outer loop
vertex 9804.67891967773 16621.6560180664 2197.88552856445
vertex 9803.18282897949 16618.663671875 2205.36655883789
vertex 9803.18282897949 16618.663671875 2199.38170166016
endloop
endfacet
facet normal 0.894437042496096 -0.447193891965037 1.9595302611039e-017
outer loop
vertex 9803.18282897949 16618.663671875 2205.36655883789
vertex 9804.67891967773 16621.6560180664 2197.88552856445
vertex 9804.67891967773 16621.6560180664 2203.87022094727
endloop
endfacet
facet normal -0.726607347940652 -0.264219861658775 0.634215757154984
outer loop
vertex 9797.19821899414 16635.1214111328 2205.36655883789
vertex 9803.18282897949 16618.663671875 2205.36655883789
vertex 9800.19040039062 16633.625402832 2208.3589050293
endloop
endfacet
facet normal -0.650190244158954 -0.23643192826285 0.722047498228773
outer loop
vertex 9803.18282897949 16618.663671875 2205.36655883789
vertex 9797.19821899414 16635.1214111328 2205.36655883789
vertex 9800.19040039062 16621.6560180664 2203.87022094727
endloop
endfacet
facet normal 0.0 0.11044487628361 -0.99388225122632
outer loop
vertex 9801.68657348633 16635.1214111328 2205.36655883789
vertex 9800.19040039062 16621.6560180664 2203.87022094727
vertex 9797.19821899414 16635.1214111328 2205.36655883789
endloop
endfacet
facet normal 0.0 0.11044487628361 -0.99388225122632
outer loop
vertex 9800.19040039062 16621.6560180664 2203.87022094727
vertex 9801.68657348633 16635.1214111328 2205.36655883789
vertex 9804.67891967773 16621.6560180664 2203.87022094727
endloop
endfacet
facet normal 0.857462288922046 0.135385381457243 0.496416379226393
outer loop
vertex 9801.68657348633 16635.1214111328 2205.36655883789
vertex 9800.19040039062 16633.625402832 2208.3589050293
vertex 9804.67891967773 16621.6560180664 2203.87022094727
endloop
endfacet
facet normal 0.842984264739228 0.119418476918329 0.524515735486144
outer loop
vertex 9800.19040039062 16633.625402832 2208.3589050293
vertex 9803.18282897949 16618.663671875 2205.36655883789
vertex 9804.67891967773 16621.6560180664 2203.87022094727
endloop
endfacet
facet normal 0.844791702214153 0.121364133120499 0.521150388143408
outer loop
vertex 9762.78599060059 16624.6483642578 2178.43527832031
vertex 9765.77825439453 16611.1829711914 2175.44293212891
vertex 9767.27459228516 16612.6789794922 2173.94659423828
endloop
endfacet
facet normal 0.857448257681416 0.135375971478808 0.496443180782325
outer loop
vertex 9764.28224609375 16626.1447021484 2175.44293212891
vertex 9762.78599060059 16624.6483642578 2178.43527832031
vertex 9767.27459228516 16612.6789794922 2173.94659423828
endloop
endfacet
facet normal 0.0 0.11044220598523 -0.99388254795882
outer loop
vertex 9764.28224609375 16626.1447021484 2175.44293212891
vertex 9764.28224609375 16612.6789794922 2173.94659423828
vertex 9761.28989990234 16626.1447021484 2175.44293212891
endloop
endfacet
facet normal 0.0 0.11044220598523 -0.99388254795882
outer loop
vertex 9764.28224609375 16612.6789794922 2173.94659423828
vertex 9764.28224609375 16626.1447021484 2175.44293212891
vertex 9767.27459228516 16612.6789794922 2173.94659423828
endloop
endfacet
facet normal -0.898778897903708 -0.269623769834842 0.345687019459864
outer loop
vertex 9761.28989990234 16626.1447021484 2175.44293212891
vertex 9764.28224609375 16612.6789794922 2173.94659423828
vertex 9765.77825439453 16611.1829711914 2175.44293212891
endloop
endfacet
facet normal -0.898778897903708 -0.269623769834842 0.345687019459864
outer loop
vertex 9761.28989990234 16626.1447021484 2175.44293212891
vertex 9765.77825439453 16611.1829711914 2175.44293212891
vertex 9762.78599060059 16624.6483642578 2178.43527832031
endloop
endfacet
facet normal 0.833870851878793 -0.543392099583613 0.0968732599691424
outer loop
vertex 9767.27459228516 16612.6789794922 2170.95424804687
vertex 9765.77825439453 16611.1829711914 2175.44293212891
vertex 9765.77825439453 16609.6863037109 2169.45823974609
endloop
endfacet
facet normal 0.800965976227081 -0.594744962803031 0.0687890554305029
outer loop
vertex 9765.77825439453 16611.1829711914 2175.44293212891
vertex 9767.27459228516 16612.6789794922 2170.95424804687
vertex 9767.27459228516 16612.6789794922 2173.94659423828
endloop
endfacet
facet normal -0.447174187779044 0.894446893775227 0.0
outer loop
vertex 9767.27459228516 16612.6789794922 2173.94659423828
vertex 9767.27459228516 16612.6789794922 2170.95424804687
vertex 9764.28224609375 16611.1829711914 2167.96206665039
endloop
endfacet
facet normal -4.25114297093269e-017 0.970147214334893 -0.24251676749917
outer loop
vertex 9767.27459228516 16612.6789794922 2173.94659423828
vertex 9764.28224609375 16611.1829711914 2167.96206665039
vertex 9764.28224609375 16612.6789794922 2173.94659423828
endloop
endfacet
facet normal -0.771587567533558 -0.617125576490853 0.154300513506858
outer loop
vertex 9765.77825439453 16611.1829711914 2175.44293212891
vertex 9764.28224609375 16611.1829711914 2167.96206665039
vertex 9765.77825439453 16609.6863037109 2169.45823974609
endloop
endfacet
facet normal -0.771587567533558 -0.617125576490853 0.154300513506858
outer loop
vertex 9764.28224609375 16611.1829711914 2167.96206665039
vertex 9765.77825439453 16611.1829711914 2175.44293212891
vertex 9764.28224609375 16612.6789794922 2173.94659423828
endloop
endfacet
facet normal 0.148995996252568 -0.620797961366864 0.769681807153742
outer loop
vertex 9803.18282897949 16618.663671875 2169.45823974609
vertex 9801.68657348633 16620.1593505859 2170.95424804687
vertex 9765.77825439453 16609.6863037109 2169.45823974609
endloop
endfacet
facet normal 0.147365478011683 -0.615821659129938 0.773981330547991
outer loop
vertex 9801.68657348633 16620.1593505859 2170.95424804687
vertex 9767.27459228516 16612.6789794922 2170.95424804687
vertex 9765.77825439453 16609.6863037109 2169.45823974609
endloop
endfacet
facet normal -0.204742052224936 0.941875685571331 0.266366073253066
outer loop
vertex 9801.68657348633 16620.1593505859 2170.95424804687
vertex 9804.67891967773 16621.6560180664 2167.96206665039
vertex 9767.27459228516 16612.6789794922 2170.95424804687
endloop
endfacet
facet normal -0.349805506092739 0.929734999235322 -0.115017125264453
outer loop
vertex 9767.27459228516 16612.6789794922 2170.95424804687
vertex 9804.67891967773 16621.6560180664 2167.96206665039
vertex 9764.28224609375 16611.1829711914 2167.96206665039
endloop
endfacet
facet normal 0.128076756348704 -0.494018119241371 -0.859966535595667
outer loop
vertex 9804.67891967773 16621.6560180664 2167.96206665039
vertex 9803.18282897949 16618.663671875 2169.45823974609
vertex 9764.28224609375 16611.1829711914 2167.96206665039
endloop
endfacet
facet normal 0.128679983463466 -0.497584796164669 -0.857817482033099
outer loop
vertex 9803.18282897949 16618.663671875 2169.45823974609
vertex 9765.77825439453 16609.6863037109 2169.45823974609
vertex 9764.28224609375 16611.1829711914 2167.96206665039
endloop
endfacet
facet normal -0.707080329084133 -0.707133231718779 2.86571112050378e-005
outer loop
vertex 9803.18282897949 16618.663671875 2175.44293212891
vertex 9801.68657348633 16620.1593505859 2170.95424804687
vertex 9803.18282897949 16618.663671875 2169.45823974609
endloop
endfacet
facet normal -0.707080329084133 -0.707133231718779 2.86571112050378e-005
outer loop
vertex 9801.68657348633 16620.1593505859 2170.95424804687
vertex 9803.18282897949 16618.663671875 2175.44293212891
vertex 9800.19040039062 16621.6560180664 2173.94659423828
endloop
endfacet
facet normal 0.0 0.894368077466695 -0.447331803037218
outer loop
vertex 9804.67891967773 16621.6560180664 2173.94659423828
vertex 9801.68657348633 16620.1593505859 2170.95424804687
vertex 9800.19040039062 16621.6560180664 2173.94659423828
endloop
endfacet
facet normal -0.447331803037232 0.894368077466688 1.85979389638337e-019
outer loop
vertex 9804.67891967773 16621.6560180664 2173.94659423828
vertex 9804.67891967773 16621.6560180664 2167.96206665039
vertex 9801.68657348633 16620.1593505859 2170.95424804687
endloop
endfacet
facet normal 0.894437042496096 -0.447193891965037 0.0
outer loop
vertex 9804.67891967773 16621.6560180664 2167.96206665039
vertex 9803.18282897949 16618.663671875 2175.44293212891
vertex 9803.18282897949 16618.663671875 2169.45823974609
endloop
endfacet
facet normal 0.894437042496096 -0.447193891965037 0.0
outer loop
vertex 9803.18282897949 16618.663671875 2175.44293212891
vertex 9804.67891967773 16621.6560180664 2167.96206665039
vertex 9804.67891967773 16621.6560180664 2173.94659423828
endloop
endfacet
facet normal -0.726607347940672 -0.264219861658783 0.634215757154958
outer loop
vertex 9797.19821899414 16635.1214111328 2175.44293212891
vertex 9803.18282897949 16618.663671875 2175.44293212891
vertex 9800.19040039062 16633.625402832 2178.43527832031
endloop
endfacet
facet normal -0.650190244158964 -0.236431928262854 0.722047498228763
outer loop
vertex 9803.18282897949 16618.663671875 2175.44293212891
vertex 9797.19821899414 16635.1214111328 2175.44293212891
vertex 9800.19040039062 16621.6560180664 2173.94659423828
endloop
endfacet
facet normal -4.07837195395941e-017 0.11044487628361 -0.99388225122632
outer loop
vertex 9801.68657348633 16635.1214111328 2175.44293212891
vertex 9800.19040039062 16621.6560180664 2173.94659423828
vertex 9797.19821899414 16635.1214111328 2175.44293212891
endloop
endfacet
facet normal -4.07837195395941e-017 0.11044487628361 -0.99388225122632
outer loop
vertex 9800.19040039062 16621.6560180664 2173.94659423828
vertex 9801.68657348633 16635.1214111328 2175.44293212891
vertex 9804.67891967773 16621.6560180664 2173.94659423828
endloop
endfacet
facet normal 0.857462288922062 0.13538538145725 0.496416379226364
outer loop
vertex 9801.68657348633 16635.1214111328 2175.44293212891
vertex 9800.19040039062 16633.625402832 2178.43527832031
vertex 9804.67891967773 16621.6560180664 2173.94659423828
endloop
endfacet
facet normal 0.842984264739243 0.119418476918333 0.524515735486119
outer loop
vertex 9800.19040039062 16633.625402832 2178.43527832031
vertex 9803.18282897949 16618.663671875 2175.44293212891
vertex 9804.67891967773 16621.6560180664 2173.94659423828
endloop
endfacet
facet normal 0.731182408462756 0.0184645218353128 0.681932069188711
outer loop
vertex 9767.27459228516 16612.6789794922 2144.02313232422
vertex 9762.78599060059 16624.6483642578 2148.51181640625
vertex 9765.77825439453 16611.1829711914 2145.51930541992
endloop
endfacet
facet normal 0.85745705515785 0.13538599399469 0.496425252369477
outer loop
vertex 9764.28224609375 16626.1447021484 2145.51930541992
vertex 9762.78599060059 16624.6483642578 2148.51181640625
vertex 9767.27459228516 16612.6789794922 2144.02313232422
endloop
endfacet
facet normal 0.0 0.110430191083354 -0.993883883005099
outer loop
vertex 9764.28224609375 16626.1447021484 2145.51930541992
vertex 9764.28224609375 16612.6789794922 2144.02313232422
vertex 9761.28989990234 16626.1447021484 2145.51930541992
endloop
endfacet
facet normal 0.0 0.110430191083354 -0.993883883005099
outer loop
vertex 9764.28224609375 16612.6789794922 2144.02313232422
vertex 9764.28224609375 16626.1447021484 2145.51930541992
vertex 9767.27459228516 16612.6789794922 2144.02313232422
endloop
endfacet
facet normal -0.898782798115345 -0.269624939855374 0.345675966216828
outer loop
vertex 9761.28989990234 16626.1447021484 2145.51930541992
vertex 9764.28224609375 16612.6789794922 2144.02313232422
vertex 9765.77825439453 16611.1829711914 2145.51930541992
endloop
endfacet
facet normal -0.898782798115345 -0.269624939855374 0.345675966216828
outer loop
vertex 9761.28989990234 16626.1447021484 2145.51930541992
vertex 9765.77825439453 16611.1829711914 2145.51930541992
vertex 9762.78599060059 16624.6483642578 2148.51181640625
endloop
endfacet
facet normal 0.833868936906449 -0.543394670737766 0.0968753212965188
outer loop
vertex 9767.27459228516 16612.6789794922 2141.03078613281
vertex 9765.77825439453 16611.1829711914 2145.51930541992
vertex 9765.77825439453 16609.6863037109 2139.53477783203
endloop
endfacet
facet normal 0.800963655505094 -0.594748002755968 0.0687897941391372
outer loop
vertex 9765.77825439453 16611.1829711914 2145.51930541992
vertex 9767.27459228516 16612.6789794922 2141.03078613281
vertex 9767.27459228516 16612.6789794922 2144.02313232422
endloop
endfacet
facet normal -0.447174187779044 0.894446893775227 0.0
outer loop
vertex 9767.27459228516 16612.6789794922 2144.02313232422
vertex 9767.27459228516 16612.6789794922 2141.03078613281
vertex 9764.28224609375 16611.1829711914 2138.03843994141
endloop
endfacet
facet normal 4.25091573893767e-017 0.970148785487067 -0.242510482284723
outer loop
vertex 9767.27459228516 16612.6789794922 2144.02313232422
vertex 9764.28224609375 16611.1829711914 2138.03843994141
vertex 9764.28224609375 16612.6789794922 2144.02313232422
endloop
endfacet
facet normal -0.771587569797079 -0.617125573959435 0.154300512312422
outer loop
vertex 9765.77825439453 16611.1829711914 2145.51930541992
vertex 9764.28224609375 16611.1829711914 2138.03843994141
vertex 9765.77825439453 16609.6863037109 2139.53477783203
endloop
endfacet
facet normal -0.771587569797079 -0.617125573959435 0.154300512312422
outer loop
vertex 9764.28224609375 16611.1829711914 2138.03843994141
vertex 9765.77825439453 16611.1829711914 2145.51930541992
vertex 9764.28224609375 16612.6789794922 2144.02313232422
endloop
endfacet
facet normal 0.148995996252568 -0.620797961366864 0.769681807153742
outer loop
vertex 9803.18282897949 16618.663671875 2139.53477783203
vertex 9801.68657348633 16620.1593505859 2141.03078613281
vertex 9765.77825439453 16609.6863037109 2139.53477783203
endloop
endfacet
facet normal 0.147365478011683 -0.615821659129938 0.773981330547991
outer loop
vertex 9801.68657348633 16620.1593505859 2141.03078613281
vertex 9767.27459228516 16612.6789794922 2141.03078613281
vertex 9765.77825439453 16609.6863037109 2139.53477783203
endloop
endfacet
facet normal -0.204742852220252 0.941879365792996 0.266352444625726
outer loop
vertex 9801.68657348633 16620.1593505859 2141.03078613281
vertex 9804.67891967773 16621.6560180664 2138.03843994141
vertex 9767.27459228516 16612.6789794922 2141.03078613281
endloop
endfacet
facet normal -0.349806897506447 0.929735406259005 -0.115009603100423
outer loop
vertex 9767.27459228516 16612.6789794922 2141.03078613281
vertex 9804.67891967773 16621.6560180664 2138.03843994141
vertex 9764.28224609375 16611.1829711914 2138.03843994141
endloop
endfacet
facet normal 0.128087188568267 -0.494058358435701 -0.859941864653941
outer loop
vertex 9804.67891967773 16621.6560180664 2138.03843994141
vertex 9803.18282897949 16618.663671875 2139.53477783203
vertex 9764.28224609375 16611.1829711914 2138.03843994141
endloop
endfacet
facet normal 0.12869043359401 -0.497625248396936 -0.85779244835757
outer loop
vertex 9803.18282897949 16618.663671875 2139.53477783203
vertex 9765.77825439453 16609.6863037109 2139.53477783203
vertex 9764.28224609375 16611.1829711914 2138.03843994141
endloop
endfacet
facet normal -0.707080328478618 -0.70713323232421 2.86580740854701e-005
outer loop
vertex 9803.18282897949 16618.663671875 2145.51930541992
vertex 9801.68657348633 16620.1593505859 2141.03078613281
vertex 9803.18282897949 16618.663671875 2139.53477783203
endloop
endfacet
facet normal -0.707080328478618 -0.70713323232421 2.86580740854701e-005
outer loop
vertex 9801.68657348633 16620.1593505859 2141.03078613281
vertex 9803.18282897949 16618.663671875 2145.51930541992
vertex 9800.19040039062 16621.6560180664 2144.02313232422
endloop
endfacet
facet normal -2.61257750273703e-017 0.89436807746668 -0.447331803037247
outer loop
vertex 9804.67891967773 16621.6560180664 2144.02313232422
vertex 9801.68657348633 16620.1593505859 2141.03078613281
vertex 9800.19040039062 16621.6560180664 2144.02313232422
endloop
endfacet
facet normal -0.447331803037232 0.894368077466688 -2.00275604424166e-018
outer loop
vertex 9804.67891967773 16621.6560180664 2144.02313232422
vertex 9804.67891967773 16621.6560180664 2138.03843994141
vertex 9801.68657348633 16620.1593505859 2141.03078613281
endloop
endfacet
facet normal 0.894437042496096 -0.447193891965037 6.53212726536458e-018
outer loop
vertex 9804.67891967773 16621.6560180664 2138.03843994141
vertex 9803.18282897949 16618.663671875 2145.51930541992
vertex 9803.18282897949 16618.663671875 2139.53477783203
endloop
endfacet
facet normal 0.894437042496096 -0.447193891965037 6.53212726536458e-018
outer loop
vertex 9803.18282897949 16618.663671875 2145.51930541992
vertex 9804.67891967773 16621.6560180664 2138.03843994141
vertex 9804.67891967773 16621.6560180664 2144.02313232422
endloop
endfacet
facet normal -0.726617314844536 -0.264223485973851 0.634202828145651
outer loop
vertex 9797.19821899414 16635.1214111328 2145.51930541992
vertex 9803.18282897949 16618.663671875 2145.51930541992
vertex 9800.19040039062 16633.625402832 2148.51181640625
endloop
endfacet
facet normal -0.650172573261268 -0.236425502506002 0.722065514163088
outer loop
vertex 9803.18282897949 16618.663671875 2145.51930541992
vertex 9797.19821899414 16635.1214111328 2145.51930541992
vertex 9800.19040039062 16621.6560180664 2144.02313232422
endloop
endfacet
facet normal 4.07837743255304e-017 0.110432861098409 -0.99388358633676
outer loop
vertex 9801.68657348633 16635.1214111328 2145.51930541992
vertex 9800.19040039062 16621.6560180664 2144.02313232422
vertex 9797.19821899414 16635.1214111328 2145.51930541992
endloop
endfacet
facet normal 4.07837743255304e-017 0.110432861098409 -0.99388358633676
outer loop
vertex 9800.19040039062 16621.6560180664 2144.02313232422
vertex 9801.68657348633 16635.1214111328 2145.51930541992
vertex 9804.67891967773 16621.6560180664 2144.02313232422
endloop
endfacet
facet normal 0.85747108577475 0.135395403782637 0.496398450536269
outer loop
vertex 9801.68657348633 16635.1214111328 2145.51930541992
vertex 9800.19040039062 16633.625402832 2148.51181640625
vertex 9804.67891967773 16621.6560180664 2144.02313232422
endloop
endfacet
facet normal 0.842991158708267 0.11942584653704 0.524502977606995
outer loop
vertex 9800.19040039062 16633.625402832 2148.51181640625
vertex 9803.18282897949 16618.663671875 2145.51930541992
vertex 9804.67891967773 16621.6560180664 2144.02313232422
endloop
endfacet
facet normal 0.731182408462756 0.0184645218353128 0.681932069188711
outer loop
vertex 9767.27459228516 16612.6789794922 2114.09967041016
vertex 9762.78599060059 16624.6483642578 2118.58835449219
vertex 9765.77825439453 16611.1829711914 2115.59584350586
endloop
endfacet
facet normal 0.85745705515785 0.13538599399469 0.496425252369477
outer loop
vertex 9764.28224609375 16626.1447021484 2115.59584350586
vertex 9762.78599060059 16624.6483642578 2118.58835449219
vertex 9767.27459228516 16612.6789794922 2114.09967041016
endloop
endfacet
facet normal 0.0 0.110430191083354 -0.993883883005099
outer loop
vertex 9764.28224609375 16626.1447021484 2115.59584350586
vertex 9764.28224609375 16612.6789794922 2114.09967041016
vertex 9761.28989990234 16626.1447021484 2115.59584350586
endloop
endfacet
facet normal 0.0 0.110430191083354 -0.993883883005099
outer loop
vertex 9764.28224609375 16612.6789794922 2114.09967041016
vertex 9764.28224609375 16626.1447021484 2115.59584350586
vertex 9767.27459228516 16612.6789794922 2114.09967041016
endloop
endfacet
facet normal -0.898782798115345 -0.269624939855374 0.345675966216828
outer loop
vertex 9761.28989990234 16626.1447021484 2115.59584350586
vertex 9764.28224609375 16612.6789794922 2114.09967041016
vertex 9765.77825439453 16611.1829711914 2115.59584350586
endloop
endfacet
facet normal -0.898782798115345 -0.269624939855374 0.345675966216828
outer loop
vertex 9761.28989990234 16626.1447021484 2115.59584350586
vertex 9765.77825439453 16611.1829711914 2115.59584350586
vertex 9762.78599060059 16624.6483642578 2118.58835449219
endloop
endfacet
facet normal 0.833869442315038 -0.543394488343975 0.0968719939435368
outer loop
vertex 9767.27459228516 16612.6789794922 2111.10715942383
vertex 9765.77825439453 16611.1829711914 2115.59584350586
vertex 9765.77825439453 16609.6863037109 2109.61098632813
endloop
endfacet
facet normal 0.80096025465539 -0.594753206547066 0.0687844005887634
outer loop
vertex 9765.77825439453 16611.1829711914 2115.59584350586
vertex 9767.27459228516 16612.6789794922 2111.10715942383
vertex 9767.27459228516 16612.6789794922 2114.09967041016
endloop
endfacet
facet normal -0.447174187779043 0.894446893775227 0.0
outer loop
vertex 9767.27459228516 16612.6789794922 2114.09967041016
vertex 9767.27459228516 16612.6789794922 2111.10715942383
vertex 9764.28224609375 16611.1829711914 2108.11497802734
endloop
endfacet
facet normal 4.25091573893767e-017 0.970148785487067 -0.242510482284723
outer loop
vertex 9767.27459228516 16612.6789794922 2114.09967041016
vertex 9764.28224609375 16611.1829711914 2108.11497802734
vertex 9764.28224609375 16612.6789794922 2114.09967041016
endloop
endfacet
facet normal -0.77157947584028 -0.617136097920869 0.154298895346153
outer loop
vertex 9765.77825439453 16611.1829711914 2115.59584350586
vertex 9764.28224609375 16611.1829711914 2108.11497802734
vertex 9765.77825439453 16609.6863037109 2109.61098632813
endloop
endfacet
facet normal -0.77157947584028 -0.617136097920869 0.154298895346153
outer loop
vertex 9764.28224609375 16611.1829711914 2108.11497802734
vertex 9765.77825439453 16611.1829711914 2115.59584350586
vertex 9764.28224609375 16612.6789794922 2114.09967041016
endloop
endfacet
facet normal 0.149005718744996 -0.620838470532419 0.76964724990625
outer loop
vertex 9803.18282897949 16618.663671875 2109.61098632813
vertex 9801.68657348633 16620.1593505859 2111.10715942383
vertex 9765.77825439453 16609.6863037109 2109.61098632813
endloop
endfacet
facet normal 0.147375115318854 -0.615862029532845 0.773947372864873
outer loop
vertex 9801.68657348633 16620.1593505859 2111.10715942383
vertex 9767.27459228516 16612.6789794922 2111.10715942383
vertex 9765.77825439453 16609.6863037109 2109.61098632813
endloop
endfacet
facet normal -0.204742052224936 0.941875685571331 0.266366073253066
outer loop
vertex 9801.68657348633 16620.1593505859 2111.10715942383
vertex 9804.67891967773 16621.6560180664 2108.11497802734
vertex 9767.27459228516 16612.6789794922 2111.10715942383
endloop
endfacet
facet normal -0.349805506092739 0.929734999235322 -0.115017125264453
outer loop
vertex 9767.27459228516 16612.6789794922 2111.10715942383
vertex 9804.67891967773 16621.6560180664 2108.11497802734
vertex 9764.28224609375 16611.1829711914 2108.11497802734
endloop
endfacet
facet normal 0.128066323231282 -0.493977876583817 -0.859991205943273
outer loop
vertex 9804.67891967773 16621.6560180664 2108.11497802734
vertex 9803.18282897949 16618.663671875 2109.61098632813
vertex 9764.28224609375 16611.1829711914 2108.11497802734
endloop
endfacet
facet normal 0.128669532424206 -0.497544340429339 -0.857842515111294
outer loop
vertex 9803.18282897949 16618.663671875 2109.61098632813
vertex 9765.77825439453 16609.6863037109 2109.61098632813
vertex 9764.28224609375 16611.1829711914 2108.11497802734
endloop
endfacet
facet normal -0.707080328111375 -0.707133232691503 2.86561484874861e-005
outer loop
vertex 9803.18282897949 16618.663671875 2115.59584350586
vertex 9801.68657348633 16620.1593505859 2111.10715942383
vertex 9803.18282897949 16618.663671875 2109.61098632813
endloop
endfacet
facet normal -0.707080328111375 -0.707133232691503 2.86561484874861e-005
outer loop
vertex 9801.68657348633 16620.1593505859 2111.10715942383
vertex 9803.18282897949 16618.663671875 2115.59584350586
vertex 9800.19040039062 16621.6560180664 2114.09967041016
endloop
endfacet
facet normal -8.70772850735065e-018 0.894377932977349 -0.447312097984355
outer loop
vertex 9804.67891967773 16621.6560180664 2114.09967041016
vertex 9801.68657348633 16620.1593505859 2111.10715942383
vertex 9800.19040039062 16621.6560180664 2114.09967041016
endloop
endfacet
facet normal -0.447331803037232 0.894368077466688 2.38471048299746e-018
outer loop
vertex 9804.67891967773 16621.6560180664 2114.09967041016
vertex 9804.67891967773 16621.6560180664 2108.11497802734
vertex 9801.68657348633 16620.1593505859 2111.10715942383
endloop
endfacet
facet normal 0.894437042496096 -0.447193891965037 -6.53176753701352e-018
outer loop
vertex 9804.67891967773 16621.6560180664 2108.11497802734
vertex 9803.18282897949 16618.663671875 2115.59584350586
vertex 9803.18282897949 16618.663671875 2109.61098632813
endloop
endfacet
facet normal 0.894437042496096 -0.447193891965037 -6.53176753701352e-018
outer loop
vertex 9803.18282897949 16618.663671875 2115.59584350586
vertex 9804.67891967773 16621.6560180664 2108.11497802734
vertex 9804.67891967773 16621.6560180664 2114.09967041016
endloop
endfacet
facet normal -0.726617314844536 -0.264223485973851 0.634202828145651
outer loop
vertex 9797.19821899414 16635.1214111328 2115.59584350586
vertex 9803.18282897949 16618.663671875 2115.59584350586
vertex 9800.19040039062 16633.625402832 2118.58835449219
endloop
endfacet
facet normal -0.650172573261268 -0.236425502506002 0.722065514163088
outer loop
vertex 9803.18282897949 16618.663671875 2115.59584350586
vertex 9797.19821899414 16635.1214111328 2115.59584350586
vertex 9800.19040039062 16621.6560180664 2114.09967041016
endloop
endfacet
facet normal 4.07837743255304e-017 0.110432861098409 -0.99388358633676
outer loop
vertex 9801.68657348633 16635.1214111328 2115.59584350586
vertex 9800.19040039062 16621.6560180664 2114.09967041016
vertex 9797.19821899414 16635.1214111328 2115.59584350586
endloop
endfacet
facet normal 4.07837743255304e-017 0.110432861098409 -0.99388358633676
outer loop
vertex 9800.19040039062 16621.6560180664 2114.09967041016
vertex 9801.68657348633 16635.1214111328 2115.59584350586
vertex 9804.67891967773 16621.6560180664 2114.09967041016
endloop
endfacet
facet normal 0.85747108577475 0.135395403782637 0.496398450536269
outer loop
vertex 9801.68657348633 16635.1214111328 2115.59584350586
vertex 9800.19040039062 16633.625402832 2118.58835449219
vertex 9804.67891967773 16621.6560180664 2114.09967041016
endloop
endfacet
facet normal 0.842991158708267 0.11942584653704 0.524502977606995
outer loop
vertex 9800.19040039062 16633.625402832 2118.58835449219
vertex 9803.18282897949 16618.663671875 2115.59584350586
vertex 9804.67891967773 16621.6560180664 2114.09967041016
endloop
endfacet
facet normal 0.731170612508564 0.0184742319184702 0.681944453866203
outer loop
vertex 9767.27459228516 16612.6789794922 2084.17620849609
vertex 9762.78599060059 16624.6483642578 2088.66456298828
vertex 9765.77825439453 16611.1829711914 2085.6723815918
endloop
endfacet
facet normal 0.857435672321868 0.135376862127943 0.496464674503975
outer loop
vertex 9764.28224609375 16626.1447021484 2085.6723815918
vertex 9762.78599060059 16624.6483642578 2088.66456298828
vertex 9767.27459228516 16612.6789794922 2084.17620849609
endloop
endfacet
facet normal 9.17556587829762e-017 0.110430191083372 -0.993883883005097
outer loop
vertex 9764.28224609375 16626.1447021484 2085.6723815918
vertex 9764.28224609375 16612.6789794922 2084.17620849609
vertex 9761.28989990234 16626.1447021484 2085.6723815918
endloop
endfacet
facet normal 9.17556587829762e-017 0.110430191083372 -0.993883883005097
outer loop
vertex 9764.28224609375 16612.6789794922 2084.17620849609
vertex 9764.28224609375 16626.1447021484 2085.6723815918
vertex 9767.27459228516 16612.6789794922 2084.17620849609
endloop
endfacet
facet normal -0.898772638800194 -0.269621892172728 0.345704756989739
outer loop
vertex 9761.28989990234 16626.1447021484 2085.6723815918
vertex 9764.28224609375 16612.6789794922 2084.17620849609
vertex 9765.77825439453 16611.1829711914 2085.6723815918
endloop
endfacet
facet normal -0.898772638800194 -0.269621892172728 0.345704756989739
outer loop
vertex 9761.28989990234 16626.1447021484 2085.6723815918
vertex 9765.77825439453 16611.1829711914 2085.6723815918
vertex 9762.78599060059 16624.6483642578 2088.66456298828
endloop
endfacet
facet normal 0.833866117743815 -0.543399448293064 0.096872789129105
outer loop
vertex 9767.27459228516 16612.6789794922 2081.18386230469
vertex 9765.77825439453 16611.1829711914 2085.6723815918
vertex 9765.77825439453 16609.6863037109 2079.68752441406
endloop
endfacet
facet normal 0.800959821224406 -0.5947535272535 0.0687866746084498
outer loop
vertex 9765.77825439453 16611.1829711914 2085.6723815918
vertex 9767.27459228516 16612.6789794922 2081.18386230469
vertex 9767.27459228516 16612.6789794922 2084.17620849609
endloop
endfacet
facet normal -0.447174187779044 0.894446893775227 1.56768464189105e-016
outer loop
vertex 9767.27459228516 16612.6789794922 2084.17620849609
vertex 9767.27459228516 16612.6789794922 2081.18386230469
vertex 9764.28224609375 16611.1829711914 2078.19151611328
endloop
endfacet
facet normal 4.25091573893767e-017 0.970148785487067 -0.242510482284723
outer loop
vertex 9767.27459228516 16612.6789794922 2084.17620849609
vertex 9764.28224609375 16611.1829711914 2078.19151611328
vertex 9764.28224609375 16612.6789794922 2084.17620849609
endloop
endfacet
facet normal -0.771579475840284 -0.617136097920865 0.154298895346149
outer loop
vertex 9765.77825439453 16611.1829711914 2085.6723815918
vertex 9764.28224609375 16611.1829711914 2078.19151611328
vertex 9765.77825439453 16609.6863037109 2079.68752441406
endloop
endfacet
facet normal -0.771579475840284 -0.617136097920865 0.154298895346149
outer loop
vertex 9764.28224609375 16611.1829711914 2078.19151611328
vertex 9765.77825439453 16611.1829711914 2085.6723815918
vertex 9764.28224609375 16612.6789794922 2084.17620849609
endloop
endfacet
facet normal 0.149015439927921 -0.620878974241869 0.769612693507229
outer loop
vertex 9803.18282897949 16618.663671875 2079.68752441406
vertex 9801.68657348633 16620.1593505859 2081.18386230469
vertex 9765.77825439453 16609.6863037109 2079.68752441406
endloop
endfacet
facet normal 0.147384751331612 -0.615902394546168 0.773913416001567
outer loop
vertex 9801.68657348633 16620.1593505859 2081.18386230469
vertex 9767.27459228516 16612.6789794922 2081.18386230469
vertex 9765.77825439453 16609.6863037109 2079.68752441406
endloop
endfacet
facet normal -0.204742852220252 0.941879365792996 0.266352444625726
outer loop
vertex 9801.68657348633 16620.1593505859 2081.18386230469
vertex 9804.67891967773 16621.6560180664 2078.19151611328
vertex 9767.27459228516 16612.6789794922 2081.18386230469
endloop
endfacet
facet normal -0.349806897506447 0.929735406259005 -0.115009603100423
outer loop
vertex 9767.27459228516 16612.6789794922 2081.18386230469
vertex 9804.67891967773 16621.6560180664 2078.19151611328
vertex 9764.28224609375 16611.1829711914 2078.19151611328
endloop
endfacet
facet normal 0.128066323231282 -0.493977876583817 -0.859991205943273
outer loop
vertex 9804.67891967773 16621.6560180664 2078.19151611328
vertex 9803.18282897949 16618.663671875 2079.68752441406
vertex 9764.28224609375 16611.1829711914 2078.19151611328
endloop
endfacet
facet normal 0.128669532424206 -0.497544340429339 -0.857842515111294
outer loop
vertex 9803.18282897949 16618.663671875 2079.68752441406
vertex 9765.77825439453 16609.6863037109 2079.68752441406
vertex 9764.28224609375 16611.1829711914 2078.19151611328
endloop
endfacet
facet normal -0.707080328220578 -0.707133232582365 2.86547589811356e-005
outer loop
vertex 9803.18282897949 16618.663671875 2085.6723815918
vertex 9801.68657348633 16620.1593505859 2081.18386230469
vertex 9803.18282897949 16618.663671875 2079.68752441406
endloop
endfacet
facet normal -0.707080328220578 -0.707133232582365 2.86547589811356e-005
outer loop
vertex 9801.68657348633 16620.1593505859 2081.18386230469
vertex 9803.18282897949 16618.663671875 2085.6723815918
vertex 9800.19040039062 16621.6560180664 2084.17620849609
endloop
endfacet
facet normal -2.61257750273703e-017 0.89436807746668 -0.447331803037247
outer loop
vertex 9804.67891967773 16621.6560180664 2084.17620849609
vertex 9801.68657348633 16620.1593505859 2081.18386230469
vertex 9800.19040039062 16621.6560180664 2084.17620849609
endloop
endfacet
facet normal -0.447331803037232 0.894368077466688 2.00275604424054e-018
outer loop
vertex 9804.67891967773 16621.6560180664 2084.17620849609
vertex 9804.67891967773 16621.6560180664 2078.19151611328
vertex 9801.68657348633 16620.1593505859 2081.18386230469
endloop
endfacet
facet normal 0.894437042496096 -0.447193891965037 6.53176753701325e-018
outer loop
vertex 9804.67891967773 16621.6560180664 2078.19151611328
vertex 9803.18282897949 16618.663671875 2085.6723815918
vertex 9803.18282897949 16618.663671875 2079.68752441406
endloop
endfacet
facet normal 0.894437042496096 -0.447193891965037 6.53176753701325e-018
outer loop
vertex 9803.18282897949 16618.663671875 2085.6723815918
vertex 9804.67891967773 16621.6560180664 2078.19151611328
vertex 9804.67891967773 16621.6560180664 2084.17620849609
endloop
endfacet
facet normal -0.72658960463692 -0.264213409572555 0.634238772573555
outer loop
vertex 9797.19821899414 16635.1214111328 2085.6723815918
vertex 9803.18282897949 16618.663671875 2085.6723815918
vertex 9800.19040039062 16633.625402832 2088.66456298828
endloop
endfacet
facet normal -0.65015934064951 -0.236420690665249 0.722079004535904
outer loop
vertex 9803.18282897949 16618.663671875 2085.6723815918
vertex 9797.19821899414 16635.1214111328 2085.6723815918
vertex 9800.19040039062 16621.6560180664 2084.17620849609
endloop
endfacet
facet normal 0.0 0.110432861098427 -0.993883586336758
outer loop
vertex 9801.68657348633 16635.1214111328 2085.6723815918
vertex 9800.19040039062 16621.6560180664 2084.17620849609
vertex 9797.19821899414 16635.1214111328 2085.6723815918
endloop
endfacet
facet normal 0.0 0.110432861098427 -0.993883586336758
outer loop
vertex 9800.19040039062 16621.6560180664 2084.17620849609
vertex 9801.68657348633 16635.1214111328 2085.6723815918
vertex 9804.67891967773 16621.6560180664 2084.17620849609
endloop
endfacet
facet normal 0.857449704776168 0.135386272137149 0.49643787234262
outer loop
vertex 9801.68657348633 16635.1214111328 2085.6723815918
vertex 9800.19040039062 16633.625402832 2088.66456298828
vertex 9804.67891967773 16621.6560180664 2084.17620849609
endloop
endfacet
facet normal 0.842970450201139 0.119419501762063 0.524537703779805
outer loop
vertex 9800.19040039062 16633.625402832 2088.66456298828
vertex 9803.18282897949 16618.663671875 2085.6723815918
vertex 9804.67891967773 16621.6560180664 2084.17620849609
endloop
endfacet
facet normal -1.0 0.0 0.0
outer loop
vertex 9485.99339111328 16944.830065918 2304.11414794922
vertex 9485.99339111328 16944.830065918 2298.12929077148
vertex 9485.99339111328 16943.3340576172 2304.11414794922
endloop
endfacet
facet normal -1.0 0.0 0.0
outer loop
vertex 9485.99339111328 16944.830065918 2298.12929077148
vertex 9485.99339111328 16944.830065918 2304.11414794922
vertex 9485.99339111328 16944.830065918 2302.61781005859
endloop
endfacet
facet normal -0.7714762799588 -0.617266007033735 -0.15429525599175
outer loop
vertex 9485.99339111328 16944.830065918 2298.12929077148
vertex 9487.48956420898 16943.3340576172 2296.6332824707
vertex 9485.99339111328 16943.3340576172 2304.11414794922
endloop
endfacet
facet normal 0.0 -1.0 0.0
outer loop
vertex 9485.99339111328 16943.3340576172 2304.11414794922
vertex 9487.48956420898 16943.3340576172 2296.6332824707
vertex 9487.48956420898 16943.3340576172 2304.11414794922
endloop
endfacet
facet normal 0.707067836082643 0.707145724145602 -6.30821105066998e-020
outer loop
vertex 9485.99339111328 16944.830065918 2298.12929077148
vertex 9487.48956420898 16943.3340576172 2296.6332824707
vertex 9485.99339111328 16944.830065918 2296.6332824707
endloop
endfacet
facet normal 0.707067836082643 0.707145724145602 -6.30821105066998e-020
outer loop
vertex 9487.48956420898 16943.3340576172 2296.6332824707
vertex 9485.99339111328 16944.830065918 2298.12929077148
vertex 9487.48956420898 16943.3340576172 2304.11414794922
endloop
endfacet
facet normal 0.707067836082643 0.707145724145602 -6.30821105066998e-020
outer loop
vertex 9487.48956420898 16943.3340576172 2304.11414794922
vertex 9485.99339111328 16944.830065918 2298.12929077148
vertex 9485.99339111328 16944.830065918 2302.61781005859
endloop
endfacet
facet normal 0.707067836082643 0.707145724145602 -6.30821105066998e-020
outer loop
vertex 9487.48956420898 16943.3340576172 2304.11414794922
vertex 9485.99339111328 16944.830065918 2302.61781005859
vertex 9485.99339111328 16944.830065918 2304.11414794922
endloop
endfacet
facet normal 0.0 1.0 0.0
outer loop
vertex 9474.02400634766 16944.830065918 2298.12929077148
vertex 9485.99339111328 16944.830065918 2296.6332824707
vertex 9474.02400634766 16944.830065918 2296.6332824707
endloop
endfacet
facet normal 0.0 1.0 0.0
outer loop
vertex 9485.99339111328 16944.830065918 2296.6332824707
vertex 9474.02400634766 16944.830065918 2298.12929077148
vertex 9485.99339111328 16944.830065918 2298.12929077148
endloop
endfacet
facet normal 0.0 -0.707106781186548 0.707106781186548
outer loop
vertex 9485.99339111328 16944.830065918 2298.12929077148
vertex 9472.52783325195 16943.3340576172 2296.6332824707
vertex 9487.48956420898 16943.3340576172 2296.6332824707
endloop
endfacet
facet normal 0.0 -0.707106781186548 0.707106781186548
outer loop
vertex 9472.52783325195 16943.3340576172 2296.6332824707
vertex 9485.99339111328 16944.830065918 2298.12929077148
vertex 9474.02400634766 16944.830065918 2298.12929077148
endloop
endfacet
facet normal 0.0 0.0 -1.0
outer loop
vertex 9474.02400634766 16944.830065918 2296.6332824707
vertex 9487.48956420898 16943.3340576172 2296.6332824707
vertex 9472.52783325195 16943.3340576172 2296.6332824707
endloop
endfacet
facet normal 0.0 0.0 -1.0
outer loop
vertex 9487.48956420898 16943.3340576172 2296.6332824707
vertex 9474.02400634766 16944.830065918 2296.6332824707
vertex 9485.99339111328 16944.830065918 2296.6332824707
endloop
endfacet
facet normal 1.0 0.0 0.0
outer loop
vertex 9474.02400634766 16944.830065918 2298.12929077148
vertex 9474.02400634766 16944.830065918 2304.11414794922
vertex 9474.02400634766 16943.3340576172 2304.11414794922
endloop
endfacet
facet normal 1.0 0.0 0.0
outer loop
vertex 9474.02400634766 16944.830065918 2304.11414794922
vertex 9474.02400634766 16944.830065918 2298.12929077148
vertex 9474.02400634766 16944.830065918 2302.61781005859
endloop
endfacet
facet normal 1.0 0.0 0.0
outer loop
vertex 9474.02400634766 16944.830065918 2298.12929077148
vertex 9474.02400634766 16943.3340576172 2304.11414794922
vertex 9474.02400634766 16944.830065918 2296.6332824707
endloop
endfacet
facet normal -8.5013770499767e-017 -0.970150356517091 -0.242504197385862
outer loop
vertex 9472.52783325195 16943.3340576172 2304.11414794922
vertex 9474.02400634766 16944.830065918 2298.12929077148
vertex 9474.02400634766 16943.3340576172 2304.11414794922
endloop
endfacet
facet normal 0.707067836082644 -0.707145724145602 0.0
outer loop
vertex 9472.52783325195 16943.3340576172 2304.11414794922
vertex 9472.52783325195 16943.3340576172 2296.6332824707
vertex 9474.02400634766 16944.830065918 2298.12929077148
endloop
endfacet
facet normal -0.707067836082644 0.707145724145602 -5.5237875708326e-018
outer loop
vertex 9472.52783325195 16943.3340576172 2304.11414794922
vertex 9474.02400634766 16944.830065918 2296.6332824707
vertex 9472.52783325195 16943.3340576172 2296.6332824707
endloop
endfacet
facet normal -0.707067836082644 0.707145724145602 -5.5237875708326e-018
outer loop
vertex 9474.02400634766 16944.830065918 2296.6332824707
vertex 9472.52783325195 16943.3340576172 2304.11414794922
vertex 9474.02400634766 16944.830065918 2298.12929077148
endloop
endfacet
facet normal -0.707067836082644 0.707145724145602 -5.5237875708326e-018
outer loop
vertex 9474.02400634766 16944.830065918 2298.12929077148
vertex 9472.52783325195 16943.3340576172 2304.11414794922
vertex 9474.02400634766 16944.830065918 2302.61781005859
endloop
endfacet
facet normal -0.707067836082644 0.707145724145602 -5.5237875708326e-018
outer loop
vertex 9474.02400634766 16944.830065918 2302.61781005859
vertex 9472.52783325195 16943.3340576172 2304.11414794922
vertex 9474.02400634766 16944.830065918 2304.11414794922
endloop
endfacet
facet normal 0.0 0.0 -1.0
outer loop
vertex 9728.37409179687 16720.4037719727 2384.90749511719
vertex 9719.39688842773 16708.4340576172 2384.90749511719
vertex 9719.39688842773 16720.4037719727 2384.90749511719
endloop
endfacet
facet normal 0.0 0.0 -1.0
outer loop
vertex 9719.39688842773 16708.4340576172 2384.90749511719
vertex 9728.37409179687 16720.4037719727 2384.90749511719
vertex 9728.37409179687 16709.9303955078 2384.90749511719
endloop
endfacet
facet normal 0.99999990684278 -0.000426916772825613 6.36906651144364e-005
outer loop
vertex 9728.37409179687 16708.4340576172 2402.86173706055
vertex 9728.37409179687 16721.9001098633 2401.36556396484
vertex 9728.37409179687 16706.9380493164 2411.83877563477
endloop
endfacet
facet normal 0.99999990684278 -0.000426916772825613 6.36906651144364e-005
outer loop
vertex 9728.37409179687 16721.9001098633 2401.36556396484
vertex 9728.37409179687 16708.4340576172 2402.86173706055
vertex 9728.37409179687 16709.9303955078 2384.90749511719
endloop
endfacet
facet normal 0.99999990684278 -0.000426916772825613 6.36906651144364e-005
outer loop
vertex 9728.37409179687 16721.9001098633 2401.36556396484
vertex 9728.37409179687 16709.9303955078 2384.90749511719
vertex 9728.39902357408 16720.9546303928 2390.99188637081
endloop
endfacet
facet normal 0.99999990684278 -0.000426916772825613 6.36906651144364e-005
outer loop
vertex 9728.39902357408 16720.9546303928 2390.99188637081
vertex 9728.37409179687 16709.9303955078 2384.90749511719
vertex 9728.37409179687 16720.4037719727 2384.90749511719
endloop
endfacet
facet normal 0.99999990684278 -0.000426916772825613 6.36906651144364e-005
outer loop
vertex 9728.37409179687 16721.9001098633 2401.36556396484
vertex 9728.39902357408 16720.9546303928 2390.99188637081
vertex 9728.37409179687 16721.151940918 2393.13652954102
endloop
endfacet
facet normal 1.0 0.0 0.0
outer loop
vertex 9728.37409179687 16721.9001098633 2401.36556396484
vertex 9728.37409179687 16709.9303955078 2410.34293212891
vertex 9728.37409179687 16706.9380493164 2411.83877563477
endloop
endfacet
facet normal 1.0 0.0 0.0
outer loop
vertex 9728.37409179687 16709.9303955078 2410.34293212891
vertex 9728.37409179687 16721.9001098633 2401.36556396484
vertex 9728.37409179687 16711.4267333984 2410.34293212891
endloop
endfacet
facet normal 1.0 0.0 0.0
outer loop
vertex 9728.37409179687 16711.4267333984 2410.34293212891
vertex 9728.37409179687 16721.9001098633 2401.36556396484
vertex 9728.37409179687 16714.044789119 2410.34293212891
endloop
endfacet
facet normal 1.0 0.0 0.0
outer loop
vertex 9728.37409179687 16709.9303955078 2412.83618774548
vertex 9728.37409179687 16706.9380493164 2411.83877563477
vertex 9728.37409179687 16709.9303955078 2410.34293212891
endloop
endfacet
facet normal -0.999999914449866 -0.000400695983499053 0.000102679061691578
outer loop
vertex 9719.39688842773 16709.9303955078 2412.83618774548
vertex 9719.39688842773 16708.4340576172 2402.86173706055
vertex 9719.39688842773 16706.9380493164 2411.83877563477
endloop
endfacet
facet normal -0.999999914449866 -0.000400695983499053 0.000102679061691578
outer loop
vertex 9719.39688842773 16708.4340576172 2402.86173706055
vertex 9719.39688842773 16709.9303955078 2412.83618774548
vertex 9719.39688842773 16708.4340576172 2384.90749511719
endloop
endfacet
facet normal -0.999999914449866 -0.000400695983499053 0.000102679061691578
outer loop
vertex 9719.39688842773 16708.4340576172 2384.90749511719
vertex 9719.39688842773 16709.9303955078 2412.83618774548
vertex 9719.39688842773 16720.4037719727 2384.90749511719
endloop
endfacet
facet normal -0.999999914449866 -0.000400695983499053 0.000102679061691578
outer loop
vertex 9719.39688842773 16720.4037719727 2384.90749511719
vertex 9719.39688842773 16709.9303955078 2412.83618774548
vertex 9719.39688842773 16711.4267333984 2413.33494873047
endloop
endfacet
facet normal -0.999999914449866 -0.000400695983499053 0.000102679061691578
outer loop
vertex 9719.39688842773 16720.4037719727 2384.90749511719
vertex 9719.39688842773 16711.4267333984 2413.33494873047
vertex 9719.39688842773 16714.044789119 2410.34293212891
endloop
endfacet
facet normal -0.999999914449866 -0.000400695983499053 0.000102679061691578
outer loop
vertex 9719.39688842773 16720.4037719727 2384.90749511719
vertex 9719.39688842773 16714.044789119 2410.34293212891
vertex 9719.37174768042 16720.9592368648 2391.04298647878
endloop
endfacet
facet normal -0.999999914449866 -0.000400695983499053 0.000102679061691578
outer loop
vertex 9719.37174768042 16720.9592368648 2391.04298647878
vertex 9719.39688842773 16714.044789119 2410.34293212891
vertex 9719.39688842773 16721.9001098633 2401.36556396484
endloop
endfacet
facet normal -0.999999914449866 -0.000400695983499053 0.000102679061691578
outer loop
vertex 9719.37174768042 16720.9592368648 2391.04298647878
vertex 9719.39688842773 16721.9001098633 2401.36556396484
vertex 9719.39688842773 16721.151940918 2393.13652954102
endloop
endfacet
facet normal 1.0 0.0 0.0
outer loop
vertex 9719.39688842773 16709.9303955078 2412.83618774548
vertex 9719.39688842773 16708.4340576172 2413.33494873047
vertex 9719.39688842773 16706.9380493164 2411.83877563477
endloop
endfacet
facet normal 1.0 0.0 0.0
outer loop
vertex 9719.39688842773 16708.4340576172 2413.33494873047
vertex 9719.39688842773 16709.9303955078 2412.83618774548
vertex 9719.39688842773 16709.9303955078 2413.33494873047
endloop
endfacet
facet normal -1.0 0.0 0.0
outer loop
vertex 9728.37409179687 16708.4340576172 2413.33494873047
vertex 9728.37409179687 16709.9303955078 2412.83618774548
vertex 9728.37409179687 16706.9380493164 2411.83877563477
endloop
endfacet
facet normal -1.0 0.0 0.0
outer loop
vertex 9728.37409179687 16709.9303955078 2412.83618774548
vertex 9728.37409179687 16708.4340576172 2413.33494873047
vertex 9728.37409179687 16709.9303955078 2413.33494873047
endloop
endfacet
facet normal -8.13411997482031e-029 0.110427521196605 0.993884179651922
outer loop
vertex 9728.37409179687 16708.4340576172 2402.86173706055
vertex 9719.39688842773 16721.9001098633 2401.36556396484
vertex 9719.39688842773 16708.4340576172 2402.86173706055
endloop
endfacet
facet normal -8.13411997482031e-029 0.110427521196605 0.993884179651922
outer loop
vertex 9719.39688842773 16721.9001098633 2401.36556396484
vertex 9728.37409179687 16708.4340576172 2402.86173706055
vertex 9728.37409179687 16721.9001098633 2401.36556396484
endloop
endfacet
facet normal -1.0 0.0 0.0
outer loop
vertex 9728.37409179687 16721.9001098633 2401.36556396484
vertex 9728.37409179687 16708.4340576172 2402.86173706055
vertex 9728.37409179687 16706.9380493164 2411.83877563477
endloop
endfacet
facet normal 1.0 0.0 0.0
outer loop
vertex 9719.39688842773 16721.9001098633 2401.36556396484
vertex 9719.39688842773 16709.9303955078 2410.34293212891
vertex 9719.39688842773 16708.4340576172 2402.86173706055
endloop
endfacet
facet normal 1.0 0.0 0.0
outer loop
vertex 9719.39688842773 16709.9303955078 2410.34293212891
vertex 9719.39688842773 16721.9001098633 2401.36556396484
vertex 9719.39688842773 16711.4267333984 2410.34293212891
endloop
endfacet
facet normal 1.0 0.0 0.0
outer loop
vertex 9719.39688842773 16711.4267333984 2410.34293212891
vertex 9719.39688842773 16721.9001098633 2401.36556396484
vertex 9719.39688842773 16714.044789119 2410.34293212891
endloop
endfacet
facet normal 1.0 0.0 0.0
outer loop
vertex 9719.39688842773 16708.4340576172 2402.86173706055
vertex 9719.39688842773 16709.9303955078 2412.83618774548
vertex 9719.39688842773 16706.9380493164 2411.83877563477
endloop
endfacet
facet normal 1.0 0.0 0.0
outer loop
vertex 9719.39688842773 16709.9303955078 2412.83618774548
vertex 9719.39688842773 16708.4340576172 2402.86173706055
vertex 9719.39688842773 16709.9303955078 2410.34293212891
endloop
endfacet
facet normal 1.0 0.0 0.0
outer loop
vertex 9728.37409179687 16709.9303955078 2384.90749511719
vertex 9728.37409179687 16708.4340576172 2402.86173706055
vertex 9728.37409179687 16706.9380493164 2411.83877563477
endloop
endfacet
facet normal -1.13767787709083e-006 0.995889979570504 -0.0905712348914748
outer loop
vertex 9719.37174768042 16720.9592368648 2391.04298647878
vertex 9728.37409179687 16720.4037719727 2384.90749511719
vertex 9719.39688842773 16720.4037719727 2384.90749511719
endloop
endfacet
facet normal -1.13767787709083e-006 0.995889979570504 -0.0905712348914748
outer loop
vertex 9728.37409179687 16720.4037719727 2384.90749511719
vertex 9719.37174768042 16720.9592368648 2391.04298647878
vertex 9728.39902357408 16720.9546303928 2390.99188637081
endloop
endfacet
facet normal -1.13767787709083e-006 0.995889979570504 -0.0905712348914748
outer loop
vertex 9728.39902357408 16720.9546303928 2390.99188637081
vertex 9719.37174768042 16720.9592368648 2391.04298647878
vertex 9728.37409179687 16721.151940918 2393.13652954102
endloop
endfacet
facet normal -1.13767787709083e-006 0.995889979570504 -0.0905712348914748
outer loop
vertex 9728.37409179687 16721.151940918 2393.13652954102
vertex 9719.37174768042 16720.9592368648 2391.04298647878
vertex 9719.39688842773 16721.151940918 2393.13652954102
endloop
endfacet
facet normal -1.13767787709083e-006 0.995889979570504 -0.0905712348914748
outer loop
vertex 9728.37409179687 16721.151940918 2393.13652954102
vertex 9719.39688842773 16721.151940918 2393.13652954102
vertex 9719.39688842773 16721.9001098633 2401.36556396484
endloop
endfacet
facet normal -1.13767787709083e-006 0.995889979570504 -0.0905712348914748
outer loop
vertex 9728.37409179687 16721.151940918 2393.13652954102
vertex 9719.39688842773 16721.9001098633 2401.36556396484
vertex 9728.37409179687 16721.9001098633 2401.36556396484
endloop
endfacet
facet normal -1.0 0.0 0.0
outer loop
vertex 9719.39688842773 16708.4340576172 2384.90749511719
vertex 9719.39688842773 16706.9380493164 2411.83877563477
vertex 9719.39688842773 16708.4340576172 2402.86173706055
endloop
endfacet
facet normal 0.0 -1.0 0.0
outer loop
vertex 9719.39688842773 16708.4340576172 2402.86173706055
vertex 9719.39688842773 16708.4340576172 2384.90749511719
vertex 9728.37409179687 16708.4340576172 2402.86173706055
endloop
endfacet
facet normal 0.0490431797832582 -0.998495591931951 -0.0245218149656537
outer loop
vertex 9728.37409179687 16708.4340576172 2402.86173706055
vertex 9719.39688842773 16708.4340576172 2384.90749511719
vertex 9728.37409179687 16709.9303955078 2384.90749511719
endloop
endfacet
facet normal -1.0 0.0 0.0
outer loop
vertex 9723.88532531738 16700.9536865234 2425.30433349609
vertex 9723.88532531738 16699.4573486328 2413.33494873047
vertex 9723.88532531738 16699.4573486328 2425.30433349609
endloop
endfacet
facet normal -1.0 0.0 0.0
outer loop
vertex 9723.88532531738 16699.4573486328 2413.33494873047
vertex 9723.88532531738 16700.9536865234 2425.30433349609
vertex 9723.88532531738 16699.4573486328 2411.83877563477
endloop
endfacet
facet normal -1.0 0.0 0.0
outer loop
vertex 9723.88532531738 16699.4573486328 2411.83877563477
vertex 9723.88532531738 16700.9536865234 2425.30433349609
vertex 9723.88532531738 16700.9536865234 2411.83877563477
endloop
endfacet
facet normal -1.0 0.0 0.0
outer loop
vertex 9723.88532531738 16700.9536865234 2411.83877563477
vertex 9723.88532531738 16700.9536865234 2425.30433349609
vertex 9723.88532531738 16700.9536865234 2413.33494873047
endloop
endfacet
facet normal -1.0 0.0 0.0
outer loop
vertex 9719.39688842773 16736.8615112305 2411.83877563477
vertex 9719.39688842773 16735.3655029297 2411.83877563477
vertex 9719.39688842773 16736.8615112305 2413.33494873047
endloop
endfacet
facet normal 0.0 0.707028910279195 -0.707184643519225
outer loop
vertex 9717.90079772949 16714.4190795898 2392.38869018555
vertex 9716.40445983887 16712.9224121094 2390.89235229492
vertex 9716.40445983887 16714.4190795898 2392.38869018555
endloop
endfacet
facet normal 0.0 0.707028910279195 -0.707184643519225
outer loop
vertex 9716.40445983887 16712.9224121094 2390.89235229492
vertex 9717.90079772949 16714.4190795898 2392.38869018555
vertex 9717.90079772949 16712.9224121094 2390.89235229492
endloop
endfacet
facet normal 0.0 0.0 -1.0
outer loop
vertex 9717.90079772949 16712.9224121094 2390.89235229492
vertex 9716.40445983887 16711.4267333984 2390.89235229492
vertex 9716.40445983887 16712.9224121094 2390.89235229492
endloop
endfacet
facet normal 0.0 0.0 -1.0
outer loop
vertex 9716.40445983887 16711.4267333984 2390.89235229492
vertex 9717.90079772949 16712.9224121094 2390.89235229492
vertex 9717.90079772949 16711.4267333984 2390.89235229492
endloop
endfacet
facet normal 0.0 -0.707106781186548 -0.707106781186548
outer loop
vertex 9716.40445983887 16709.9303955078 2392.38869018555
vertex 9716.40445983887 16711.4267333984 2390.89235229492
vertex 9717.90079772949 16711.4267333984 2390.89235229492
endloop
endfacet
facet normal 0.0 -0.707106781186548 -0.707106781186548
outer loop
vertex 9716.40445983887 16709.9303955078 2392.38869018555
vertex 9717.90079772949 16711.4267333984 2390.89235229492
vertex 9717.90079772949 16709.9303955078 2392.38869018555
endloop
endfacet
facet normal 0.0 -1.0 0.0
outer loop
vertex 9716.40445983887 16709.9303955078 2393.88486328125
vertex 9716.40445983887 16709.9303955078 2392.38869018555
vertex 9717.90079772949 16709.9303955078 2392.38869018555
endloop
endfacet
facet normal 0.0 -1.0 0.0
outer loop
vertex 9716.40445983887 16709.9303955078 2393.88486328125
vertex 9717.90079772949 16709.9303955078 2392.38869018555
vertex 9717.90079772949 16709.9303955078 2393.88486328125
endloop
endfacet
facet normal -1.37684009842458e-030 -0.707067840372049 0.70714571985667
outer loop
vertex 9711.91610534668 16718.907434082 2416.32713012695
vertex 9710.41993225098 16720.4037719727 2417.82346801758
vertex 9710.41993225098 16718.907434082 2416.32713012695
endloop
endfacet
facet normal -1.37684009842458e-030 -0.707067840372049 0.70714571985667
outer loop
vertex 9710.41993225098 16720.4037719727 2417.82346801758
vertex 9711.91610534668 16718.907434082 2416.32713012695
vertex 9710.41993225098 16721.9001098633 2419.31947631836
endloop
endfacet
facet normal -1.37684009842458e-030 -0.707067840372049 0.70714571985667
outer loop
vertex 9710.41993225098 16721.9001098633 2419.31947631836
vertex 9711.91610534668 16718.907434082 2416.32713012695
vertex 9711.91610534668 16721.9001098633 2419.31947631836
endloop
endfacet
facet normal 0.0 1.0 0.0
outer loop
vertex 9710.41993225098 16721.9001098633 2417.82346801758
vertex 9711.91610534668 16721.9001098633 2414.83128662109
vertex 9710.41993225098 16721.9001098633 2414.83128662109
endloop
endfacet
facet normal 0.0 1.0 0.0
outer loop
vertex 9711.91610534668 16721.9001098633 2414.83128662109
vertex 9710.41993225098 16721.9001098633 2417.82346801758
vertex 9711.91610534668 16721.9001098633 2419.31947631836
endloop
endfacet
facet normal 0.0 1.0 0.0
outer loop
vertex 9711.91610534668 16721.9001098633 2419.31947631836
vertex 9710.41993225098 16721.9001098633 2417.82346801758
vertex 9710.41993225098 16721.9001098633 2419.31947631836
endloop
endfacet
facet normal 0.0 1.0 0.0
outer loop
vertex 9717.90079772949 16714.4190795898 2394.63284681696
vertex 9717.90079772949 16714.4190795898 2393.88486328125
vertex 9716.40445983887 16714.4190795898 2393.88486328125
endloop
endfacet
facet normal -0.989577676767548 -0.0643959540548524 -0.12879900133428
outer loop
vertex 9716.40445983887 16711.4267333984 2396.87720947266
vertex 9716.40445983887 16712.9224121094 2395.38070678711
vertex 9716.40445983887 16710.6783996401 2395.38070678711
endloop
endfacet
facet normal -1.0 0.0 0.0
outer loop
vertex 9716.40445983887 16712.9224121094 2395.38070678711
vertex 9716.40445983887 16711.4267333984 2396.87720947266
vertex 9716.40445983887 16714.4190795898 2395.38070678711
endloop
endfacet
facet normal -1.0 0.0 0.0
outer loop
vertex 9716.40445983887 16712.9224121094 2395.38070678711
vertex 9716.40445983887 16714.4190795898 2395.38070678711
vertex 9716.40445983887 16714.4190795898 2393.88486328125
endloop
endfacet
facet normal 1.06221953339913e-014 -0.913027206507476 0.407898664103176
outer loop
vertex 9717.90079772949 16711.4267333984 2396.87720947266
vertex 9716.40445983887 16709.9303955078 2393.88486328125
vertex 9717.90079772949 16709.9303955078 2393.88486328125
endloop
endfacet
facet normal 1.93309158029273e-014 -0.894407487356475 0.447253000616739
outer loop
vertex 9716.40445983887 16709.9303955078 2393.88486328125
vertex 9717.90079772949 16711.4267333984 2396.87720947266
vertex 9716.40445983887 16710.6783996401 2395.38070678711
endloop
endfacet
facet normal 1.93309158029273e-014 -0.894407487356475 0.447253000616739
outer loop
vertex 9716.40445983887 16710.6783996401 2395.38070678711
vertex 9717.90079772949 16711.4267333984 2396.87720947266
vertex 9716.40445983887 16711.4267333984 2396.87720947266
endloop
endfacet
facet normal 1.0 0.0 0.0
outer loop
vertex 9717.90079772949 16711.4267333984 2390.89235229492
vertex 9717.90079772949 16709.9303955078 2393.88486328125
vertex 9717.90079772949 16709.9303955078 2392.38869018555
endloop
endfacet
facet normal 1.0 0.0 0.0
outer loop
vertex 9717.90079772949 16709.9303955078 2393.88486328125
vertex 9717.90079772949 16711.4267333984 2390.89235229492
vertex 9717.90079772949 16711.4267333984 2396.87720947266
endloop
endfacet
facet normal 0.989577134423648 0.0643976207342023 0.128802334876565
outer loop
vertex 9717.90079772949 16711.4267333984 2396.87720947266
vertex 9717.90079772949 16711.4267333984 2390.89235229492
vertex 9717.90079772949 16712.9224121094 2390.89235229492
endloop
endfacet
facet normal 0.989577134423648 0.0643976207342023 0.128802334876565
outer loop
vertex 9717.90079772949 16711.4267333984 2396.87720947266
vertex 9717.90079772949 16712.9224121094 2390.89235229492
vertex 9717.90079772949 16714.4190795898 2395.38070678711
endloop
endfacet
facet normal 0.993040045192066 0.0526692440868631 0.105344289699335
outer loop
vertex 9717.90079772949 16714.4190795898 2395.38070678711
vertex 9717.90079772949 16712.9224121094 2390.89235229492
vertex 9717.90079772949 16714.4190795898 2392.38869018555
endloop
endfacet
facet normal 0.993040045192066 0.0526692440868631 0.105344289699335
outer loop
vertex 9717.90079772949 16714.4190795898 2395.38070678711
vertex 9717.90079772949 16714.4190795898 2392.38869018555
vertex 9717.90079772949 16714.4190795898 2393.88486328125
endloop
endfacet
facet normal 0.993040045192066 0.0526692440868631 0.105344289699335
outer loop
vertex 9717.90079772949 16714.4190795898 2395.38070678711
vertex 9717.90079772949 16714.4190795898 2393.88486328125
vertex 9717.90079772949 16714.4190795898 2394.63284681696
endloop
endfacet
facet normal 2.64280900084245e-015 0.933344994776969 -0.358980669012664
outer loop
vertex 9710.41993225098 16721.9001098633 2414.83128662109
vertex 9717.90079772949 16714.4190795898 2395.38070678711
vertex 9716.40445983887 16714.4190795898 2395.38070678711
endloop
endfacet
facet normal 2.64280900084245e-015 0.933344994776969 -0.358980669012664
outer loop
vertex 9717.90079772949 16714.4190795898 2395.38070678711
vertex 9710.41993225098 16721.9001098633 2414.83128662109
vertex 9711.91610534668 16721.9001098633 2414.83128662109
endloop
endfacet
facet normal -0.988420166858251 -0.0678580059452639 -0.135723486460669
outer loop
vertex 9710.41993225098 16718.907434082 2416.32713012695
vertex 9716.40445983887 16714.4190795898 2395.38070678711
vertex 9716.40445983887 16711.4267333984 2396.87720947266
endloop
endfacet
facet normal -0.993040408400042 -0.0526678745853846 -0.105341550545527
outer loop
vertex 9716.40445983887 16714.4190795898 2395.38070678711
vertex 9710.41993225098 16718.907434082 2416.32713012695
vertex 9710.41993225098 16721.9001098633 2414.83128662109
endloop
endfacet
facet normal 0.0 -0.933346217647966 0.35897748954807
outer loop
vertex 9711.91610534668 16718.907434082 2416.32713012695
vertex 9716.40445983887 16711.4267333984 2396.87720947266
vertex 9717.90079772949 16711.4267333984 2396.87720947266
endloop
endfacet
facet normal 8.8856743495416e-015 -0.916528247431142 0.399969963448256
outer loop
vertex 9716.40445983887 16711.4267333984 2396.87720947266
vertex 9711.91610534668 16718.907434082 2416.32713012695
vertex 9710.41993225098 16718.907434082 2416.32713012695
endloop
endfacet
facet normal 0.993040045192066 0.0526692440868631 0.105344289699335
outer loop
vertex 9717.90079772949 16714.4190795898 2395.38070678711
vertex 9711.91610534668 16718.907434082 2416.32713012695
vertex 9717.90079772949 16711.4267333984 2396.87720947266
endloop
endfacet
facet normal 0.988419091685158 0.067861137790983 0.135729750497081
outer loop
vertex 9711.91610534668 16718.907434082 2416.32713012695
vertex 9717.90079772949 16714.4190795898 2395.38070678711
vertex 9711.91610534668 16721.9001098633 2414.83128662109
endloop
endfacet
facet normal -1.0 0.0 0.0
outer loop
vertex 9710.41993225098 16721.9001098633 2417.82346801758
vertex 9710.41993225098 16720.4037719727 2417.82346801758
vertex 9710.41993225098 16721.9001098633 2419.31947631836
endloop
endfacet
facet normal 1.0 0.0 0.0
outer loop
vertex 9711.91610534668 16721.9001098633 2419.31947631836
vertex 9711.91610534668 16718.907434082 2416.32713012695
vertex 9711.91610534668 16721.9001098633 2414.83128662109
endloop
endfacet
facet normal -1.0 0.0 0.0
outer loop
vertex 9710.41993225098 16720.4037719727 2417.82346801758
vertex 9710.41993225098 16721.9001098633 2414.83128662109
vertex 9710.41993225098 16718.907434082 2416.32713012695
endloop
endfacet
facet normal -0.985785059119633 -0.0751336541482551 -0.150275584280458
outer loop
vertex 9710.41993225098 16721.9001098633 2414.83128662109
vertex 9710.41993225098 16720.4037719727 2417.82346801758
vertex 9710.41993225098 16721.9001098633 2417.82346801758
endloop
endfacet
facet normal -1.0 0.0 0.0
outer loop
vertex 9719.39688842773 16736.8615112305 2411.83877563477
vertex 9719.39688842773 16735.3655029297 2410.34293212891
vertex 9719.39688842773 16735.3655029297 2411.83877563477
endloop
endfacet
facet normal -1.0 0.0 0.0
outer loop
vertex 9719.39688842773 16735.3655029297 2410.34293212891
vertex 9719.39688842773 16736.8615112305 2411.83877563477
vertex 9719.39688842773 16735.3655029297 2393.88486328125
endloop
endfacet
facet normal -1.0 0.0 0.0
outer loop
vertex 9719.39688842773 16735.3655029297 2393.88486328125
vertex 9719.39688842773 16736.8615112305 2411.83877563477
vertex 9719.39688842773 16736.8615112305 2393.88486328125
endloop
endfacet
facet normal -1.0 0.0 0.0
outer loop
vertex 9719.39688842773 16736.8615112305 2393.88486328125
vertex 9719.39688842773 16736.8615112305 2411.83877563477
vertex 9719.39688842773 16736.8615112305 2410.34293212891
endloop
endfacet
facet normal -1.0 0.0 0.0
outer loop
vertex 9719.39688842773 16736.8615112305 2393.88486328125
vertex 9719.39688842773 16736.8615112305 2410.34293212891
vertex 9719.39688842773 16736.8615112305 2408.84626464844
endloop
endfacet
facet normal -1.0 0.0 0.0
outer loop
vertex 9719.39688842773 16736.8615112305 2393.88486328125
vertex 9719.39688842773 16736.8615112305 2408.84626464844
vertex 9719.39688842773 16736.8615112305 2395.38070678711
endloop
endfacet
facet normal 0.857134026099804 0.428578814102148 0.285729699899639
outer loop
vertex 9726.87783630371 16717.4114257812 2378.92313232422
vertex 9726.87783630371 16714.4190795898 2383.41148681641
vertex 9728.37409179687 16714.4190795898 2378.92313232422
endloop
endfacet
facet normal 0.857134026099804 0.428578814102148 0.285729699899639
outer loop
vertex 9726.87783630371 16714.4190795898 2383.41148681641
vertex 9726.87783630371 16717.4114257812 2378.92313232422
vertex 9725.38166320801 16717.4114257812 2383.41148681641
endloop
endfacet
facet normal 0.428516196251573 0.857174003936104 0.285703686581451
outer loop
vertex 9723.88532531738 16717.4114257812 2383.41148681641
vertex 9726.87783630371 16717.4114257812 2378.92313232422
vertex 9723.88532531738 16718.907434082 2378.92313232422
endloop
endfacet
facet normal 0.0 1.0 0.0
outer loop
vertex 9725.38166320801 16717.4114257812 2383.41148681641
vertex 9726.87783630371 16717.4114257812 2378.92313232422
vertex 9723.88532531738 16717.4114257812 2383.41148681641
endloop
endfacet
facet normal -0.442296388078094 0.884665858837572 0.147445662195443
outer loop
vertex 9722.3893170166 16717.4114257812 2383.41148681641
vertex 9723.88532531738 16718.907434082 2378.92313232422
vertex 9720.89306152344 16717.4114257812 2378.92313232422
endloop
endfacet
facet normal -7.3921987527478e-017 0.948690264263719 0.316206866609874
outer loop
vertex 9723.88532531738 16717.4114257812 2383.41148681641
vertex 9723.88532531738 16718.907434082 2378.92313232422
vertex 9722.3893170166 16717.4114257812 2383.41148681641
endloop
endfacet
facet normal -0.857134026099804 0.428578814102147 0.285729699899639
outer loop
vertex 9722.3893170166 16717.4114257812 2383.41148681641
vertex 9719.39688842773 16714.4190795898 2378.92313232422
vertex 9720.89306152344 16714.4190795898 2383.41148681641
endloop
endfacet
facet normal -0.857134026099804 0.428578814102147 0.285729699899639
outer loop
vertex 9719.39688842773 16714.4190795898 2378.92313232422
vertex 9722.3893170166 16717.4114257812 2383.41148681641
vertex 9720.89306152344 16717.4114257812 2378.92313232422
endloop
endfacet
facet normal -0.816501577311719 -0.40825078865586 0.408235799274565
outer loop
vertex 9719.39688842773 16714.4190795898 2378.92313232422
vertex 9720.89306152344 16711.4267333984 2378.92313232422
vertex 9722.3893170166 16712.9224121094 2383.41148681641
endloop
endfacet
facet normal -0.688335617483265 -0.688146139500012 0.229453630163401
outer loop
vertex 9719.39688842773 16714.4190795898 2378.92313232422
vertex 9722.3893170166 16712.9224121094 2383.41148681641
vertex 9720.89306152344 16714.4190795898 2383.41148681641
endloop
endfacet
facet normal 0.0 -1.0 0.0
outer loop
vertex 9723.88532531738 16711.4267333984 2383.41148681641
vertex 9720.89306152344 16711.4267333984 2378.92313232422
vertex 9723.88532531738 16711.4267333984 2378.92313232422
endloop
endfacet
facet normal -0.696515004929986 -0.578225941196832 0.424878345923183
outer loop
vertex 9722.3893170166 16712.9224121094 2383.41148681641
vertex 9720.89306152344 16711.4267333984 2378.92313232422
vertex 9723.88532531738 16711.4267333984 2383.41148681641
endloop
endfacet
facet normal 2.2010989909964e-017 -0.948711160754542 0.316144165626647
outer loop
vertex 9725.38166320801 16712.9224121094 2383.41148681641
vertex 9723.88532531738 16711.4267333984 2378.92313232422
vertex 9726.87783630371 16711.4267333984 2378.92313232422
endloop
endfacet
facet normal 0.706950979323446 -0.707262548728278 -2.75428271909114e-017
outer loop
vertex 9723.88532531738 16711.4267333984 2383.41148681641
vertex 9723.88532531738 16711.4267333984 2378.92313232422
vertex 9725.38166320801 16712.9224121094 2383.41148681641
endloop
endfacet
facet normal 0.727740788554243 -0.570657141280466 0.380452062394272
outer loop
vertex 9726.87783630371 16714.4190795898 2383.41148681641
vertex 9726.87783630371 16711.4267333984 2378.92313232422
vertex 9728.37409179687 16714.4190795898 2378.92313232422
endloop
endfacet
facet normal 0.727740788554243 -0.570657141280466 0.380452062394272
outer loop
vertex 9726.87783630371 16714.4190795898 2383.41148681641
vertex 9725.38166320801 16712.9224121094 2383.41148681641
vertex 9726.87783630371 16711.4267333984 2378.92313232422
endloop
endfacet
facet normal 1.37087983905874e-017 -0.707067840372106 0.707145719856612
outer loop
vertex 9720.89306152344 16708.4340576172 2411.83877563477
vertex 9717.90079772949 16709.9303955078 2413.33494873047
vertex 9717.90079772949 16708.4340576172 2411.83877563477
endloop
endfacet
facet normal 1.37087983905874e-017 -0.707067840372106 0.707145719856612
outer loop
vertex 9717.90079772949 16709.9303955078 2413.33494873047
vertex 9720.89306152344 16708.4340576172 2411.83877563477
vertex 9719.39688842773 16709.9303955078 2413.33494873047
endloop
endfacet
facet normal 1.37087983905874e-017 -0.707067840372106 0.707145719856612
outer loop
vertex 9719.39688842773 16709.9303955078 2413.33494873047
vertex 9720.89306152344 16708.4340576172 2411.83877563477
vertex 9720.89306152344 16709.9303955078 2413.33494873047
endloop
endfacet
facet normal 0.0 -1.0 0.0
outer loop
vertex 9720.89306152344 16708.4340576172 2411.83877563477
vertex 9717.90079772949 16708.4340576172 2410.34293212891
vertex 9720.89306152344 16708.4340576172 2410.34293212891
endloop
endfacet
facet normal 0.0 -1.0 0.0
outer loop
vertex 9717.90079772949 16708.4340576172 2410.34293212891
vertex 9720.89306152344 16708.4340576172 2411.83877563477
vertex 9717.90079772949 16708.4340576172 2411.83877563477
endloop
endfacet
facet normal 0.0 -0.70718464351934 -0.70702891027908
outer loop
vertex 9720.89306152344 16708.4340576172 2410.34293212891
vertex 9717.90079772949 16709.9303955078 2408.84626464844
vertex 9720.89306152344 16709.9303955078 2408.84626464844
endloop
endfacet
facet normal 0.0 -0.70718464351934 -0.70702891027908
outer loop
vertex 9717.90079772949 16709.9303955078 2408.84626464844
vertex 9720.89306152344 16708.4340576172 2410.34293212891
vertex 9717.90079772949 16708.4340576172 2410.34293212891
endloop
endfacet
facet normal 6.01222054165834e-018 0.707184643519225 -0.707028910279195
outer loop
vertex 9717.90079772949 16711.4267333984 2410.34293212891
vertex 9720.89306152344 16709.9303955078 2408.84626464844
vertex 9717.90079772949 16709.9303955078 2408.84626464844
endloop
endfacet
facet normal 6.01222054165834e-018 0.707184643519225 -0.707028910279195
outer loop
vertex 9720.89306152344 16709.9303955078 2408.84626464844
vertex 9717.90079772949 16711.4267333984 2410.34293212891
vertex 9720.89306152344 16711.4267333984 2410.34293212891
endloop
endfacet
facet normal 6.01222054165834e-018 0.707184643519225 -0.707028910279195
outer loop
vertex 9720.89306152344 16711.4267333984 2410.34293212891
vertex 9717.90079772949 16711.4267333984 2410.34293212891
vertex 9719.39688842773 16711.4267333984 2410.34293212891
endloop
endfacet
facet normal 0.0 1.0 0.0
outer loop
vertex 9717.90079772949 16711.4267333984 2411.83877563477
vertex 9719.39688842773 16711.4267333984 2410.34293212891
vertex 9717.90079772949 16711.4267333984 2410.34293212891
endloop
endfacet
facet normal 0.0 1.0 0.0
outer loop
vertex 9719.39688842773 16711.4267333984 2410.34293212891
vertex 9717.90079772949 16711.4267333984 2411.83877563477
vertex 9720.89306152344 16711.4267333984 2410.34293212891
endloop
endfacet
facet normal 0.0 1.0 0.0
outer loop
vertex 9720.89306152344 16711.4267333984 2410.34293212891
vertex 9717.90079772949 16711.4267333984 2411.83877563477
vertex 9720.89306152344 16711.4267333984 2411.83877563477
endloop
endfacet
facet normal -5.79341173364386e-018 0.707067840371991 0.707145719856727
outer loop
vertex 9719.39688842773 16709.9303955078 2413.33494873047
vertex 9717.90079772949 16711.4267333984 2411.83877563477
vertex 9717.90079772949 16709.9303955078 2413.33494873047
endloop
endfacet
facet normal -5.79341173364386e-018 0.707067840371991 0.707145719856727
outer loop
vertex 9717.90079772949 16711.4267333984 2411.83877563477
vertex 9719.39688842773 16709.9303955078 2413.33494873047
vertex 9720.89306152344 16711.4267333984 2411.83877563477
endloop
endfacet
facet normal -5.79341173364386e-018 0.707067840371991 0.707145719856727
outer loop
vertex 9720.89306152344 16711.4267333984 2411.83877563477
vertex 9719.39688842773 16709.9303955078 2413.33494873047
vertex 9720.89306152344 16709.9303955078 2413.33494873047
endloop
endfacet
facet normal 0.0 0.0 1.0
outer loop
vertex 9720.89306152344 16735.3655029297 2413.33494873047
vertex 9719.39688842773 16736.8615112305 2413.33494873047
vertex 9719.39688842773 16735.3655029297 2413.33494873047
endloop
endfacet
facet normal 0.0 0.0 1.0
outer loop
vertex 9719.39688842773 16736.8615112305 2413.33494873047
vertex 9720.89306152344 16735.3655029297 2413.33494873047
vertex 9720.89306152344 16736.8615112305 2413.33494873047
endloop
endfacet
facet normal 0.0 -0.707067840372106 0.707145719856612
outer loop
vertex 9720.89306152344 16733.8691650391 2411.83877563477
vertex 9719.39688842773 16735.3655029297 2413.33494873047
vertex 9719.39688842773 16733.8691650391 2411.83877563477
endloop
endfacet
facet normal 0.0 -0.707067840372106 0.707145719856612
outer loop
vertex 9719.39688842773 16735.3655029297 2413.33494873047
vertex 9720.89306152344 16733.8691650391 2411.83877563477
vertex 9720.89306152344 16735.3655029297 2413.33494873047
endloop
endfacet
facet normal 0.0 -0.706989939441705 -0.707223603627746
outer loop
vertex 9720.89306152344 16735.3655029297 2410.34293212891
vertex 9719.39688842773 16733.8691650391 2411.83877563477
vertex 9719.39688842773 16735.3655029297 2410.34293212891
endloop
endfacet
facet normal 0.0 -0.706989939441705 -0.707223603627746
outer loop
vertex 9719.39688842773 16733.8691650391 2411.83877563477
vertex 9720.89306152344 16735.3655029297 2410.34293212891
vertex 9720.89306152344 16733.8691650391 2411.83877563477
endloop
endfacet
facet normal 0.0 -0.70726251442197 -0.706951013644872
outer loop
vertex 9720.89306152344 16735.3655029297 2410.34293212891
vertex 9719.39688842773 16736.8615112305 2408.84626464844
vertex 9720.89306152344 16736.8615112305 2408.84626464844
endloop
endfacet
facet normal 0.0 -0.70726251442197 -0.706951013644872
outer loop
vertex 9719.39688842773 16736.8615112305 2408.84626464844
vertex 9720.89306152344 16735.3655029297 2410.34293212891
vertex 9719.39688842773 16735.3655029297 2410.34293212891
endloop
endfacet
facet normal 0.0 1.0 0.0
outer loop
vertex 9719.39688842773 16736.8615112305 2410.34293212891
vertex 9720.89306152344 16736.8615112305 2408.84626464844
vertex 9719.39688842773 16736.8615112305 2408.84626464844
endloop
endfacet
facet normal 0.0 1.0 0.0
outer loop
vertex 9720.89306152344 16736.8615112305 2408.84626464844
vertex 9719.39688842773 16736.8615112305 2410.34293212891
vertex 9720.89306152344 16736.8615112305 2410.34293212891
endloop
endfacet
facet normal 0.0 0.707067831792236 -0.707145728435537
outer loop
vertex 9720.89306152344 16738.3575195312 2411.83877563477
vertex 9719.39688842773 16736.8615112305 2410.34293212891
vertex 9719.39688842773 16738.3575195312 2411.83877563477
endloop
endfacet
facet normal 0.0 0.707067831792236 -0.707145728435537
outer loop
vertex 9719.39688842773 16736.8615112305 2410.34293212891
vertex 9720.89306152344 16738.3575195312 2411.83877563477
vertex 9720.89306152344 16736.8615112305 2410.34293212891
endloop
endfacet
facet normal 0.0 0.707145724145602 0.707067836082644
outer loop
vertex 9719.39688842773 16736.8615112305 2413.33494873047
vertex 9720.89306152344 16738.3575195312 2411.83877563477
vertex 9719.39688842773 16738.3575195312 2411.83877563477
endloop
endfacet
facet normal 0.0 0.707145724145602 0.707067836082644
outer loop
vertex 9720.89306152344 16738.3575195312 2411.83877563477
vertex 9719.39688842773 16736.8615112305 2413.33494873047
vertex 9720.89306152344 16736.8615112305 2413.33494873047
endloop
endfacet
facet normal 0.0 0.0 1.0
outer loop
vertex 9719.39688842773 16709.9303955078 2395.38070678711
vertex 9716.40445983887 16710.6783996401 2395.38070678711
vertex 9716.40445983887 16709.9303955078 2395.38070678711
endloop
endfacet
facet normal 0.0 0.0 1.0
outer loop
vertex 9716.40445983887 16710.6783996401 2395.38070678711
vertex 9719.39688842773 16709.9303955078 2395.38070678711
vertex 9716.40445983887 16712.9224121094 2395.38070678711
endloop
endfacet
facet normal 0.0 0.0 1.0
outer loop
vertex 9716.40445983887 16712.9224121094 2395.38070678711
vertex 9719.39688842773 16709.9303955078 2395.38070678711
vertex 9719.39688842773 16714.4190795898 2395.38070678711
endloop
endfacet
facet normal -0.333341458211185 0.666481047008083 0.666848173287331
outer loop
vertex 9719.39688842773 16714.4190795898 2395.38070678711
vertex 9716.40445983887 16714.4190795898 2393.88486328125
vertex 9716.40445983887 16712.9224121094 2395.38070678711
endloop
endfacet
facet normal -0.333341458211185 0.666481047008083 0.666848173287331
outer loop
vertex 9716.40445983887 16714.4190795898 2393.88486328125
vertex 9719.39688842773 16714.4190795898 2395.38070678711
vertex 9717.90079772949 16714.4190795898 2394.63284681696
endloop
endfacet
facet normal -0.447321950321038 0.894373005384768 0.0
outer loop
vertex 9719.39688842773 16714.4190795898 2393.88486328125
vertex 9719.39688842773 16714.4190795898 2392.38869018555
vertex 9716.40445983887 16712.9224121094 2392.38869018555
endloop
endfacet
facet normal -5.50512868600068e-017 0.706989965178364 -0.707223577899588
outer loop
vertex 9717.90079772949 16714.4190795898 2393.88486328125
vertex 9716.40445983887 16712.9224121094 2392.38869018555
vertex 9716.40445983887 16714.4190795898 2393.88486328125
endloop
endfacet
facet normal -5.50512868600068e-017 0.706989965178364 -0.707223577899588
outer loop
vertex 9716.40445983887 16712.9224121094 2392.38869018555
vertex 9717.90079772949 16714.4190795898 2393.88486328125
vertex 9719.39688842773 16714.4190795898 2393.88486328125
endloop
endfacet
facet normal 0.0 0.447253000616739 -0.894407487356475
outer loop
vertex 9719.39688842773 16714.4190795898 2392.38869018555
vertex 9717.90079772949 16711.4267333984 2390.89235229492
vertex 9716.40445983887 16711.4267333984 2390.89235229492
endloop
endfacet
facet normal 0.0 0.447253000616739 -0.894407487356475
outer loop
vertex 9717.90079772949 16711.4267333984 2390.89235229492
vertex 9719.39688842773 16714.4190795898 2392.38869018555
vertex 9719.39688842773 16711.4267333984 2390.89235229492
endloop
endfacet
facet normal -0.33348835499653 0.666774751619072 -0.666481018248107
outer loop
vertex 9719.39688842773 16714.4190795898 2392.38869018555
vertex 9716.40445983887 16711.4267333984 2390.89235229492
vertex 9716.40445983887 16712.9224121094 2392.38869018555
endloop
endfacet
facet normal 0.0 -0.707106781186548 -0.707106781186548
outer loop
vertex 9719.39688842773 16709.9303955078 2392.38869018555
vertex 9717.90079772949 16711.4267333984 2390.89235229492
vertex 9719.39688842773 16711.4267333984 2390.89235229492
endloop
endfacet
facet normal 0.0 -0.707106781186548 -0.707106781186548
outer loop
vertex 9717.90079772949 16711.4267333984 2390.89235229492
vertex 9719.39688842773 16709.9303955078 2392.38869018555
vertex 9717.90079772949 16709.9303955078 2392.38869018555
endloop
endfacet
facet normal 0.0 -1.0 0.0
outer loop
vertex 9719.39688842773 16709.9303955078 2395.38070678711
vertex 9717.90079772949 16709.9303955078 2392.38869018555
vertex 9719.39688842773 16709.9303955078 2392.38869018555
endloop
endfacet
facet normal 0.0 -1.0 0.0
outer loop
vertex 9717.90079772949 16709.9303955078 2392.38869018555
vertex 9719.39688842773 16709.9303955078 2395.38070678711
vertex 9717.90079772949 16709.9303955078 2393.88486328125
endloop
endfacet
facet normal 0.0 -1.0 0.0
outer loop
vertex 9717.90079772949 16709.9303955078 2393.88486328125
vertex 9719.39688842773 16709.9303955078 2395.38070678711
vertex 9716.40445983887 16709.9303955078 2393.88486328125
endloop
endfacet
facet normal 0.0 -1.0 0.0
outer loop
vertex 9716.40445983887 16709.9303955078 2393.88486328125
vertex 9719.39688842773 16709.9303955078 2395.38070678711
vertex 9716.40445983887 16709.9303955078 2395.38070678711
endloop
endfacet
facet normal 0.0 0.707184677829373 0.707028875961488
outer loop
vertex 9707.42750366211 16721.9001098633 2419.31947631836
vertex 9708.92367675781 16723.3957885742 2417.82346801758
vertex 9707.42750366211 16723.3957885742 2417.82346801758
endloop
endfacet
facet normal 0.0 0.707184677829373 0.707028875961488
outer loop
vertex 9708.92367675781 16723.3957885742 2417.82346801758
vertex 9707.42750366211 16721.9001098633 2419.31947631836
vertex 9708.92367675781 16721.9001098633 2419.31947631836
endloop
endfacet
facet normal 0.0 0.707126260977418 -0.707087300859022
outer loop
vertex 9707.42750366211 16723.3957885742 2417.82346801758
vertex 9708.92367675781 16720.4037719727 2414.83128662109
vertex 9707.42750366211 16720.4037719727 2414.83128662109
endloop
endfacet
facet normal 0.0 0.707126260977418 -0.707087300859022
outer loop
vertex 9708.92367675781 16720.4037719727 2414.83128662109
vertex 9707.42750366211 16723.3957885742 2417.82346801758
vertex 9708.92367675781 16721.9001098633 2416.32713012695
endloop
endfacet
facet normal 0.0 0.707126260977418 -0.707087300859022
outer loop
vertex 9708.92367675781 16721.9001098633 2416.32713012695
vertex 9707.42750366211 16723.3957885742 2417.82346801758
vertex 9708.92367675781 16723.3957885742 2417.82346801758
endloop
endfacet
facet normal 0.0 -0.706989939441705 -0.707223603627746
outer loop
vertex 9708.92367675781 16720.4037719727 2414.83128662109
vertex 9707.42750366211 16718.907434082 2416.32713012695
vertex 9707.42750366211 16720.4037719727 2414.83128662109
endloop
endfacet
facet normal 0.0 -0.706989939441705 -0.707223603627746
outer loop
vertex 9707.42750366211 16718.907434082 2416.32713012695
vertex 9708.92367675781 16720.4037719727 2414.83128662109
vertex 9708.92367675781 16718.907434082 2416.32713012695
endloop
endfacet
facet normal 0.0 -1.0 0.0
outer loop
vertex 9708.92367675781 16718.907434082 2419.31947631836
vertex 9707.42750366211 16718.907434082 2416.32713012695
vertex 9708.92367675781 16718.907434082 2416.32713012695
endloop
endfacet
facet normal 0.0 -1.0 0.0
outer loop
vertex 9707.42750366211 16718.907434082 2416.32713012695
vertex 9708.92367675781 16718.907434082 2419.31947631836
vertex 9707.42750366211 16718.907434082 2419.31947631836
endloop
endfacet
facet normal 0.0 0.0 1.0
outer loop
vertex 9708.92367675781 16718.907434082 2419.31947631836
vertex 9707.42750366211 16721.9001098633 2419.31947631836
vertex 9707.42750366211 16718.907434082 2419.31947631836
endloop
endfacet
facet normal 0.0 0.0 1.0
outer loop
vertex 9707.42750366211 16721.9001098633 2419.31947631836
vertex 9708.92367675781 16718.907434082 2419.31947631836
vertex 9708.92367675781 16721.9001098633 2419.31947631836
endloop
endfacet
facet normal 0.0 0.0 1.0
outer loop
vertex 9708.92367675781 16721.9001098633 2419.31947631836
vertex 9708.92367675781 16718.907434082 2419.31947631836
vertex 9708.92367675781 16720.4037719727 2419.31947631836
endloop
endfacet
facet normal 1.0 0.0 0.0
outer loop
vertex 9708.92367675781 16723.3957885742 2417.82346801758
vertex 9708.92367675781 16721.9001098633 2417.82346801758
vertex 9708.92367675781 16721.9001098633 2416.32713012695
endloop
endfacet
facet normal 1.0 0.0 0.0
outer loop
vertex 9708.92367675781 16721.9001098633 2417.82346801758
vertex 9708.92367675781 16723.3957885742 2417.82346801758
vertex 9708.92367675781 16721.9001098633 2419.31947631836
endloop
endfacet
facet normal 1.0 0.0 0.0
outer loop
vertex 9708.92367675781 16721.9001098633 2419.31947631836
vertex 9708.92367675781 16720.4037719727 2419.31947631836
vertex 9708.92367675781 16721.9001098633 2417.82346801758
endloop
endfacet
facet normal 1.0 0.0 0.0
outer loop
vertex 9708.92367675781 16721.9001098633 2416.32713012695
vertex 9708.92367675781 16720.4037719727 2416.32713012695
vertex 9708.92367675781 16720.4037719727 2414.83128662109
endloop
endfacet
facet normal 1.0 0.0 0.0
outer loop
vertex 9708.92367675781 16720.4037719727 2414.83128662109
vertex 9708.92367675781 16718.907434082 2419.31947631836
vertex 9708.92367675781 16718.907434082 2416.32713012695
endloop
endfacet
facet normal 1.0 0.0 0.0
outer loop
vertex 9708.92367675781 16718.907434082 2419.31947631836
vertex 9708.92367675781 16720.4037719727 2414.83128662109
vertex 9708.92367675781 16720.4037719727 2419.31947631836
endloop
endfacet
facet normal 1.0 0.0 0.0
outer loop
vertex 9708.92367675781 16720.4037719727 2419.31947631836
vertex 9708.92367675781 16720.4037719727 2414.83128662109
vertex 9708.92367675781 16720.4037719727 2416.32713012695
endloop
endfacet
facet normal 0.577329065490774 0.577297274242557 0.577424460247108
outer loop
vertex 9710.41993225098 16720.4037719727 2417.82346801758
vertex 9708.92367675781 16721.9001098633 2417.82346801758
vertex 9708.92367675781 16720.4037719727 2419.31947631836
endloop
endfacet
facet normal 0.0 0.0 -1.0
outer loop
vertex 9710.41993225098 16720.4037719727 2416.32713012695
vertex 9708.92367675781 16720.4037719727 2416.32713012695
vertex 9708.92367675781 16721.9001098633 2416.32713012695
endloop
endfacet
facet normal 0.0 0.0 1.0
outer loop
vertex 9725.38166320801 16699.4573486328 2429.79268798828
vertex 9722.3893170166 16700.9536865234 2429.79268798828
vertex 9722.3893170166 16699.4573486328 2429.79268798828
endloop
endfacet
facet normal 0.0 0.0 1.0
outer loop
vertex 9722.3893170166 16700.9536865234 2429.79268798828
vertex 9725.38166320801 16699.4573486328 2429.79268798828
vertex 9725.38166320801 16700.9536865234 2429.79268798828
endloop
endfacet
facet normal -1.0 0.0 0.0
outer loop
vertex 9722.3893170166 16700.9536865234 2429.79268798828
vertex 9722.3893170166 16699.4573486328 2426.8005065918
vertex 9722.3893170166 16699.4573486328 2429.79268798828
endloop
endfacet
facet normal -1.0 0.0 0.0
outer loop
vertex 9722.3893170166 16699.4573486328 2426.8005065918
vertex 9722.3893170166 16700.9536865234 2429.79268798828
vertex 9722.3893170166 16700.9536865234 2426.8005065918
endloop
endfacet
facet normal -0.707145724145631 1.87484319481244e-026 -0.707067836082615
outer loop
vertex 9722.3893170166 16700.9536865234 2426.8005065918
vertex 9723.88532531738 16699.4573486328 2425.30433349609
vertex 9722.3893170166 16699.4573486328 2426.8005065918
endloop
endfacet
facet normal -0.707145724145631 1.87484319481244e-026 -0.707067836082615
outer loop
vertex 9723.88532531738 16699.4573486328 2425.30433349609
vertex 9722.3893170166 16700.9536865234 2426.8005065918
vertex 9723.88532531738 16700.9536865234 2425.30433349609
endloop
endfacet
facet normal 0.707067840372049 0.0 -0.70714571985667
outer loop
vertex 9725.38166320801 16700.9536865234 2426.8005065918
vertex 9723.88532531738 16699.4573486328 2425.30433349609
vertex 9723.88532531738 16700.9536865234 2425.30433349609
endloop
endfacet
facet normal 0.707067840372049 0.0 -0.70714571985667
outer loop
vertex 9723.88532531738 16699.4573486328 2425.30433349609
vertex 9725.38166320801 16700.9536865234 2426.8005065918
vertex 9725.38166320801 16699.4573486328 2426.8005065918
endloop
endfacet
facet normal 1.0 0.0 0.0
outer loop
vertex 9725.38166320801 16700.9536865234 2426.8005065918
vertex 9725.38166320801 16699.4573486328 2429.79268798828
vertex 9725.38166320801 16699.4573486328 2426.8005065918
endloop
endfacet
facet normal 1.0 0.0 0.0
outer loop
vertex 9725.38166320801 16699.4573486328 2429.79268798828
vertex 9725.38166320801 16700.9536865234 2426.8005065918
vertex 9725.38166320801 16700.9536865234 2429.79268798828
endloop
endfacet
facet normal 0.0 1.0 0.0
outer loop
vertex 9722.3893170166 16700.9536865234 2426.8005065918
vertex 9725.38166320801 16700.9536865234 2426.8005065918
vertex 9723.88532531738 16700.9536865234 2425.30433349609
endloop
endfacet
facet normal 0.0 1.0 0.0
outer loop
vertex 9725.38166320801 16700.9536865234 2426.8005065918
vertex 9722.3893170166 16700.9536865234 2426.8005065918
vertex 9722.3893170166 16700.9536865234 2429.79268798828
endloop
endfacet
facet normal 0.0 1.0 0.0
outer loop
vertex 9725.38166320801 16700.9536865234 2426.8005065918
vertex 9722.3893170166 16700.9536865234 2429.79268798828
vertex 9725.38166320801 16700.9536865234 2429.79268798828
endloop
endfacet
facet normal 0.0 -1.0 0.0
outer loop
vertex 9725.38166320801 16699.4573486328 2426.8005065918
vertex 9722.3893170166 16699.4573486328 2426.8005065918
vertex 9723.88532531738 16699.4573486328 2425.30433349609
endloop
endfacet
facet normal 0.0 -1.0 0.0
outer loop
vertex 9722.3893170166 16699.4573486328 2426.8005065918
vertex 9725.38166320801 16699.4573486328 2426.8005065918
vertex 9725.38166320801 16699.4573486328 2429.79268798828
endloop
endfacet
facet normal 0.0 -1.0 0.0
outer loop
vertex 9722.3893170166 16699.4573486328 2426.8005065918
vertex 9725.38166320801 16699.4573486328 2429.79268798828
vertex 9722.3893170166 16699.4573486328 2429.79268798828
endloop
endfacet
facet normal -1.0 0.0 0.0
outer loop
vertex 9716.40445983887 16710.6783996401 2395.38070678711
vertex 9716.40445983887 16709.9303955078 2392.38869018555
vertex 9716.40445983887 16709.9303955078 2393.88486328125
endloop
endfacet
facet normal -1.0 0.0 0.0
outer loop
vertex 9716.40445983887 16709.9303955078 2392.38869018555
vertex 9716.40445983887 16710.6783996401 2395.38070678711
vertex 9716.40445983887 16711.4267333984 2390.89235229492
endloop
endfacet
facet normal -1.0 0.0 0.0
outer loop
vertex 9716.40445983887 16711.4267333984 2390.89235229492
vertex 9716.40445983887 16710.6783996401 2395.38070678711
vertex 9716.40445983887 16712.9224121094 2395.38070678711
endloop
endfacet
facet normal -1.0 0.0 0.0
outer loop
vertex 9716.40445983887 16711.4267333984 2390.89235229492
vertex 9716.40445983887 16712.9224121094 2395.38070678711
vertex 9716.40445983887 16712.9224121094 2392.38869018555
endloop
endfacet
facet normal -1.0 0.0 0.0
outer loop
vertex 9716.40445983887 16712.9224121094 2392.38869018555
vertex 9716.40445983887 16712.9224121094 2395.38070678711
vertex 9716.40445983887 16714.4190795898 2393.88486328125
endloop
endfacet
facet normal -1.0 0.0 0.0
outer loop
vertex 9717.90079772949 16709.9303955078 2413.33494873047
vertex 9717.90079772949 16708.4340576172 2410.34293212891
vertex 9717.90079772949 16708.4340576172 2411.83877563477
endloop
endfacet
facet normal -1.0 0.0 0.0
outer loop
vertex 9717.90079772949 16708.4340576172 2410.34293212891
vertex 9717.90079772949 16709.9303955078 2413.33494873047
vertex 9717.90079772949 16709.9303955078 2408.84626464844
endloop
endfacet
facet normal -1.0 0.0 0.0
outer loop
vertex 9717.90079772949 16709.9303955078 2408.84626464844
vertex 9717.90079772949 16709.9303955078 2413.33494873047
vertex 9717.90079772949 16711.4267333984 2411.83877563477
endloop
endfacet
facet normal -1.0 0.0 0.0
outer loop
vertex 9717.90079772949 16709.9303955078 2408.84626464844
vertex 9717.90079772949 16711.4267333984 2411.83877563477
vertex 9717.90079772949 16711.4267333984 2410.34293212891
endloop
endfacet
facet normal 1.0 0.0 0.0
outer loop
vertex 9720.89306152344 16709.9303955078 2408.84626464844
vertex 9720.89306152344 16708.4340576172 2411.83877563477
vertex 9720.89306152344 16708.4340576172 2410.34293212891
endloop
endfacet
facet normal 1.0 0.0 0.0
outer loop
vertex 9720.89306152344 16708.4340576172 2411.83877563477
vertex 9720.89306152344 16709.9303955078 2408.84626464844
vertex 9720.89306152344 16709.9303955078 2413.33494873047
endloop
endfacet
facet normal 1.0 0.0 0.0
outer loop
vertex 9720.89306152344 16709.9303955078 2413.33494873047
vertex 9720.89306152344 16709.9303955078 2408.84626464844
vertex 9720.89306152344 16711.4267333984 2410.34293212891
endloop
endfacet
facet normal 1.0 0.0 0.0
outer loop
vertex 9720.89306152344 16709.9303955078 2413.33494873047
vertex 9720.89306152344 16711.4267333984 2410.34293212891
vertex 9720.89306152344 16711.4267333984 2411.83877563477
endloop
endfacet
facet normal -1.0 0.0 0.0
outer loop
vertex 9707.42750366211 16721.9001098633 2419.31947631836
vertex 9707.42750366211 16718.907434082 2416.32713012695
vertex 9707.42750366211 16718.907434082 2419.31947631836
endloop
endfacet
facet normal -1.0 0.0 0.0
outer loop
vertex 9707.42750366211 16718.907434082 2416.32713012695
vertex 9707.42750366211 16721.9001098633 2419.31947631836
vertex 9707.42750366211 16720.4037719727 2414.83128662109
endloop
endfacet
facet normal -1.0 0.0 0.0
outer loop
vertex 9707.42750366211 16720.4037719727 2414.83128662109
vertex 9707.42750366211 16721.9001098633 2419.31947631836
vertex 9707.42750366211 16723.3957885742 2417.82346801758
endloop
endfacet
facet normal 0.0 0.0 1.0
outer loop
vertex 9722.3893170166 16712.9224121094 2383.41148681641
vertex 9722.3893170166 16717.4114257812 2383.41148681641
vertex 9720.89306152344 16714.4190795898 2383.41148681641
endloop
endfacet
facet normal 0.0 0.0 1.0
outer loop
vertex 9722.3893170166 16717.4114257812 2383.41148681641
vertex 9722.3893170166 16712.9224121094 2383.41148681641
vertex 9723.88532531738 16711.4267333984 2383.41148681641
endloop
endfacet
facet normal 0.0 0.0 1.0
outer loop
vertex 9722.3893170166 16717.4114257812 2383.41148681641
vertex 9723.88532531738 16711.4267333984 2383.41148681641
vertex 9723.88532531738 16717.4114257812 2383.41148681641
endloop
endfacet
facet normal 0.0 0.0 1.0
outer loop
vertex 9723.88532531738 16717.4114257812 2383.41148681641
vertex 9723.88532531738 16711.4267333984 2383.41148681641
vertex 9725.38166320801 16712.9224121094 2383.41148681641
endloop
endfacet
facet normal 0.0 0.0 1.0
outer loop
vertex 9723.88532531738 16717.4114257812 2383.41148681641
vertex 9725.38166320801 16712.9224121094 2383.41148681641
vertex 9725.38166320801 16717.4114257812 2383.41148681641
endloop
endfacet
facet normal 0.0 0.0 1.0
outer loop
vertex 9725.38166320801 16717.4114257812 2383.41148681641
vertex 9725.38166320801 16712.9224121094 2383.41148681641
vertex 9726.87783630371 16714.4190795898 2383.41148681641
endloop
endfacet
facet normal 0.707028893124122 0.707184660670521 2.01409555748973e-017
outer loop
vertex 9723.88532531738 16715.9150878906 2384.90749511719
vertex 9725.38166320801 16714.4190795898 2383.41148681641
vertex 9723.88532531738 16715.9150878906 2383.41148681641
endloop
endfacet
facet normal 0.707028893124122 0.707184660670521 2.01409555748973e-017
outer loop
vertex 9725.38166320801 16714.4190795898 2383.41148681641
vertex 9723.88532531738 16715.9150878906 2384.90749511719
vertex 9725.38166320801 16714.4190795898 2384.90749511719
endloop
endfacet
facet normal -0.707106781186576 0.707106781186519 9.3779944211676e-026
outer loop
vertex 9723.88532531738 16715.9150878906 2384.90749511719
vertex 9722.3893170166 16714.4190795898 2383.41148681641
vertex 9722.3893170166 16714.4190795898 2384.90749511719
endloop
endfacet
facet normal -0.707106781186576 0.707106781186519 9.3779944211676e-026
outer loop
vertex 9722.3893170166 16714.4190795898 2383.41148681641
vertex 9723.88532531738 16715.9150878906 2384.90749511719
vertex 9723.88532531738 16715.9150878906 2383.41148681641
endloop
endfacet
facet normal -0.707262514421999 -0.706951013644843 2.01431729805768e-017
outer loop
vertex 9722.3893170166 16714.4190795898 2384.90749511719
vertex 9723.88532531738 16712.9224121094 2383.41148681641
vertex 9723.88532531738 16712.9224121094 2384.90749511719
endloop
endfacet
facet normal -0.707262514421999 -0.706951013644843 2.01431729805768e-017
outer loop
vertex 9723.88532531738 16712.9224121094 2383.41148681641
vertex 9722.3893170166 16714.4190795898 2384.90749511719
vertex 9722.3893170166 16714.4190795898 2383.41148681641
endloop
endfacet
facet normal 0.707184643519283 -0.707028910279138 2.01365199546965e-017
outer loop
vertex 9725.38166320801 16714.4190795898 2383.41148681641
vertex 9723.88532531738 16712.9224121094 2384.90749511719
vertex 9723.88532531738 16712.9224121094 2383.41148681641
endloop
endfacet
facet normal 0.707184643519283 -0.707028910279138 2.01365199546965e-017
outer loop
vertex 9723.88532531738 16712.9224121094 2384.90749511719
vertex 9725.38166320801 16714.4190795898 2383.41148681641
vertex 9725.38166320801 16714.4190795898 2384.90749511719
endloop
endfacet
facet normal 1.0 0.0 0.0
outer loop
vertex 9720.89306152344 16735.3655029297 2410.34293212891
vertex 9720.89306152344 16735.3655029297 2413.33494873047
vertex 9720.89306152344 16733.8691650391 2411.83877563477
endloop
endfacet
facet normal 1.0 0.0 0.0
outer loop
vertex 9720.89306152344 16735.3655029297 2413.33494873047
vertex 9720.89306152344 16735.3655029297 2410.34293212891
vertex 9720.89306152344 16736.8615112305 2408.84626464844
endloop
endfacet
facet normal 1.0 0.0 0.0
outer loop
vertex 9720.89306152344 16735.3655029297 2413.33494873047
vertex 9720.89306152344 16736.8615112305 2408.84626464844
vertex 9720.89306152344 16736.8615112305 2413.33494873047
endloop
endfacet
facet normal 1.0 0.0 0.0
outer loop
vertex 9720.89306152344 16736.8615112305 2413.33494873047
vertex 9720.89306152344 16736.8615112305 2408.84626464844
vertex 9720.89306152344 16736.8615112305 2410.34293212891
endloop
endfacet
facet normal 1.0 0.0 0.0
outer loop
vertex 9720.89306152344 16736.8615112305 2413.33494873047
vertex 9720.89306152344 16736.8615112305 2410.34293212891
vertex 9720.89306152344 16738.3575195312 2411.83877563477
endloop
endfacet
facet normal -1.0 0.0 0.0
outer loop
vertex 9719.39688842773 16738.3575195312 2411.83877563477
vertex 9719.39688842773 16736.8615112305 2410.34293212891
vertex 9719.39688842773 16736.8615112305 2413.33494873047
endloop
endfacet
facet normal -1.0 0.0 0.0
outer loop
vertex 9719.39688842773 16735.3655029297 2413.33494873047
vertex 9719.39688842773 16735.3655029297 2410.34293212891
vertex 9719.39688842773 16733.8691650391 2411.83877563477
endloop
endfacet
facet normal -1.0 0.0 0.0
outer loop
vertex 9719.39688842773 16735.3655029297 2410.34293212891
vertex 9719.39688842773 16735.3655029297 2413.33494873047
vertex 9719.39688842773 16736.8615112305 2413.33494873047
endloop
endfacet
facet normal -1.0 0.0 0.0
outer loop
vertex 9719.39688842773 16735.3655029297 2410.34293212891
vertex 9719.39688842773 16736.8615112305 2413.33494873047
vertex 9719.39688842773 16736.8615112305 2408.84626464844
endloop
endfacet
facet normal -1.0 0.0 0.0
outer loop
vertex 9719.39688842773 16736.8615112305 2408.84626464844
vertex 9719.39688842773 16736.8615112305 2413.33494873047
vertex 9719.39688842773 16736.8615112305 2410.34293212891
endloop
endfacet
facet normal 0.0 -1.0 0.0
outer loop
vertex 9710.41993225098 16720.4037719727 2417.82346801758
vertex 9708.92367675781 16720.4037719727 2416.32713012695
vertex 9710.41993225098 16720.4037719727 2416.32713012695
endloop
endfacet
facet normal 0.0 -1.0 0.0
outer loop
vertex 9708.92367675781 16720.4037719727 2416.32713012695
vertex 9710.41993225098 16720.4037719727 2417.82346801758
vertex 9708.92367675781 16720.4037719727 2419.31947631836
endloop
endfacet
facet normal 0.0 0.0 1.0
outer loop
vertex 9710.41993225098 16721.9001098633 2417.82346801758
vertex 9708.92367675781 16721.9001098633 2417.82346801758
vertex 9710.41993225098 16720.4037719727 2417.82346801758
endloop
endfacet
facet normal 0.0 1.0 0.0
outer loop
vertex 9710.41993225098 16721.9001098633 2417.82346801758
vertex 9708.92367675781 16721.9001098633 2416.32713012695
vertex 9708.92367675781 16721.9001098633 2417.82346801758
endloop
endfacet
facet normal 0.577371464717012 0.577339671134037 -0.577339671134225
outer loop
vertex 9710.41993225098 16721.9001098633 2417.82346801758
vertex 9710.41993225098 16720.4037719727 2416.32713012695
vertex 9708.92367675781 16721.9001098633 2416.32713012695
endloop
endfacet
facet normal 0.706989939441647 0.0 -0.707223603627803
outer loop
vertex 9725.38166320801 16700.9536865234 2411.83877563477
vertex 9723.88532531738 16699.4573486328 2410.34293212891
vertex 9723.88532531738 16700.9536865234 2410.34293212891
endloop
endfacet
facet normal 0.706989939441647 0.0 -0.707223603627803
outer loop
vertex 9723.88532531738 16699.4573486328 2410.34293212891
vertex 9725.38166320801 16700.9536865234 2411.83877563477
vertex 9725.38166320801 16699.4573486328 2411.83877563477
endloop
endfacet
facet normal -0.707067831792265 1.87463668016681e-026 -0.707145728435509
outer loop
vertex 9723.88532531738 16700.9536865234 2410.34293212891
vertex 9722.3893170166 16699.4573486328 2411.83877563477
vertex 9722.3893170166 16700.9536865234 2411.83877563477
endloop
endfacet
facet normal -0.707067831792265 1.87463668016681e-026 -0.707145728435509
outer loop
vertex 9722.3893170166 16699.4573486328 2411.83877563477
vertex 9723.88532531738 16700.9536865234 2410.34293212891
vertex 9723.88532531738 16699.4573486328 2410.34293212891
endloop
endfacet
facet normal -0.707145724145631 1.87484319481244e-026 0.707067836082615
outer loop
vertex 9723.88532531738 16700.9536865234 2413.33494873047
vertex 9722.3893170166 16699.4573486328 2411.83877563477
vertex 9723.88532531738 16699.4573486328 2413.33494873047
endloop
endfacet
facet normal -0.707145724145631 1.87484319481244e-026 0.707067836082615
outer loop
vertex 9722.3893170166 16699.4573486328 2411.83877563477
vertex 9723.88532531738 16700.9536865234 2413.33494873047
vertex 9722.3893170166 16700.9536865234 2411.83877563477
endloop
endfacet
facet normal 0.707067840372049 0.0 0.70714571985667
outer loop
vertex 9725.38166320801 16699.4573486328 2411.83877563477
vertex 9723.88532531738 16700.9536865234 2413.33494873047
vertex 9723.88532531738 16699.4573486328 2413.33494873047
endloop
endfacet
facet normal 0.707067840372049 0.0 0.70714571985667
outer loop
vertex 9723.88532531738 16700.9536865234 2413.33494873047
vertex 9725.38166320801 16699.4573486328 2411.83877563477
vertex 9725.38166320801 16700.9536865234 2411.83877563477
endloop
endfacet
facet normal 0.0 -1.0 0.0
outer loop
vertex 9725.38166320801 16699.4573486328 2411.83877563477
vertex 9722.3893170166 16699.4573486328 2411.83877563477
vertex 9723.88532531738 16699.4573486328 2410.34293212891
endloop
endfacet
facet normal 0.0 -1.0 0.0
outer loop
vertex 9722.3893170166 16699.4573486328 2411.83877563477
vertex 9725.38166320801 16699.4573486328 2411.83877563477
vertex 9723.88532531738 16699.4573486328 2413.33494873047
endloop
endfacet
facet normal 0.0 1.0 0.0
outer loop
vertex 9722.3893170166 16700.9536865234 2411.83877563477
vertex 9725.38166320801 16700.9536865234 2411.83877563477
vertex 9723.88532531738 16700.9536865234 2410.34293212891
endloop
endfacet
facet normal 0.0 1.0 0.0
outer loop
vertex 9725.38166320801 16700.9536865234 2411.83877563477
vertex 9722.3893170166 16700.9536865234 2411.83877563477
vertex 9723.88532531738 16700.9536865234 2413.33494873047
endloop
endfacet
facet normal 0.0 0.0 1.0
outer loop
vertex 9720.89306152344 16709.9303955078 2413.33494873047
vertex 9719.39688842773 16711.4267333984 2413.33494873047
vertex 9719.39688842773 16709.9303955078 2413.33494873047
endloop
endfacet
facet normal 0.0 0.0 1.0
outer loop
vertex 9719.39688842773 16711.4267333984 2413.33494873047
vertex 9720.89306152344 16709.9303955078 2413.33494873047
vertex 9719.39688842773 16735.3655029297 2413.33494873047
endloop
endfacet
facet normal 0.0 0.0 1.0
outer loop
vertex 9719.39688842773 16735.3655029297 2413.33494873047
vertex 9720.89306152344 16709.9303955078 2413.33494873047
vertex 9720.89306152344 16735.3655029297 2413.33494873047
endloop
endfacet
facet normal 0.0 0.0 1.0
outer loop
vertex 9720.89306152344 16735.3655029297 2413.33494873047
vertex 9720.89306152344 16709.9303955078 2413.33494873047
vertex 9720.89306152344 16714.4190795898 2413.33494873047
endloop
endfacet
facet normal 0.0 0.0 1.0
outer loop
vertex 9720.89306152344 16735.3655029297 2413.33494873047
vertex 9720.89306152344 16714.4190795898 2413.33494873047
vertex 9720.89306152344 16717.4114257812 2413.33494873047
endloop
endfacet
facet normal 0.0 0.0 1.0
outer loop
vertex 9720.89306152344 16735.3655029297 2413.33494873047
vertex 9720.89306152344 16717.4114257812 2413.33494873047
vertex 9720.89306152344 16726.3884643555 2413.33494873047
endloop
endfacet
facet normal 0.0 0.0 1.0
outer loop
vertex 9720.89306152344 16735.3655029297 2413.33494873047
vertex 9720.89306152344 16726.3884643555 2413.33494873047
vertex 9720.89306152344 16729.3808105469 2413.33494873047
endloop
endfacet
facet normal 0.0 0.0 -1.0
outer loop
vertex 9720.89306152344 16735.3655029297 2410.34293212891
vertex 9719.39688842773 16714.044789119 2410.34293212891
vertex 9719.39688842773 16735.3655029297 2410.34293212891
endloop
endfacet
facet normal 0.0 0.0 -1.0
outer loop
vertex 9719.39688842773 16714.044789119 2410.34293212891
vertex 9720.89306152344 16735.3655029297 2410.34293212891
vertex 9719.39688842773 16711.4267333984 2410.34293212891
endloop
endfacet
facet normal 0.0 0.0 -1.0
outer loop
vertex 9719.39688842773 16711.4267333984 2410.34293212891
vertex 9720.89306152344 16735.3655029297 2410.34293212891
vertex 9720.89306152344 16711.4267333984 2410.34293212891
endloop
endfacet
facet normal 0.0 0.0 -1.0
outer loop
vertex 9720.89306152344 16711.4267333984 2410.34293212891
vertex 9720.89306152344 16735.3655029297 2410.34293212891
vertex 9720.89306152344 16729.3808105469 2410.34293212891
endloop
endfacet
facet normal 0.0 0.0 -1.0
outer loop
vertex 9720.89306152344 16711.4267333984 2410.34293212891
vertex 9720.89306152344 16729.3808105469 2410.34293212891
vertex 9720.89306152344 16726.3884643555 2410.34293212891
endloop
endfacet
facet normal 0.0 0.0 -1.0
outer loop
vertex 9720.89306152344 16711.4267333984 2410.34293212891
vertex 9720.89306152344 16726.3884643555 2410.34293212891
vertex 9720.89306152344 16717.4114257812 2410.34293212891
endloop
endfacet
facet normal 0.0 0.0 -1.0
outer loop
vertex 9720.89306152344 16711.4267333984 2410.34293212891
vertex 9720.89306152344 16717.4114257812 2410.34293212891
vertex 9720.89306152344 16714.4190795898 2410.34293212891
endloop
endfacet
facet normal 0.0 0.0 -1.0
outer loop
vertex 9728.37409179687 16735.3655029297 2410.34293212891
vertex 9726.87783630371 16729.3808105469 2410.34293212891
vertex 9726.87783630371 16735.3655029297 2410.34293212891
endloop
endfacet
facet normal 0.0 0.0 -1.0
outer loop
vertex 9726.87783630371 16729.3808105469 2410.34293212891
vertex 9728.37409179687 16735.3655029297 2410.34293212891
vertex 9726.87783630371 16726.3884643555 2410.34293212891
endloop
endfacet
facet normal 0.0 0.0 -1.0
outer loop
vertex 9726.87783630371 16726.3884643555 2410.34293212891
vertex 9728.37409179687 16735.3655029297 2410.34293212891
vertex 9726.87783630371 16717.4114257812 2410.34293212891
endloop
endfacet
facet normal 0.0 0.0 -1.0
outer loop
vertex 9726.87783630371 16717.4114257812 2410.34293212891
vertex 9728.37409179687 16735.3655029297 2410.34293212891
vertex 9726.87783630371 16714.4190795898 2410.34293212891
endloop
endfacet
facet normal 0.0 0.0 -1.0
outer loop
vertex 9726.87783630371 16714.4190795898 2410.34293212891
vertex 9728.37409179687 16735.3655029297 2410.34293212891
vertex 9726.87783630371 16711.4267333984 2410.34293212891
endloop
endfacet
facet normal 0.0 0.0 -1.0
outer loop
vertex 9726.87783630371 16711.4267333984 2410.34293212891
vertex 9728.37409179687 16735.3655029297 2410.34293212891
vertex 9728.37409179687 16711.4267333984 2410.34293212891
endloop
endfacet
facet normal 0.0 0.0 -1.0
outer loop
vertex 9728.37409179687 16711.4267333984 2410.34293212891
vertex 9728.37409179687 16735.3655029297 2410.34293212891
vertex 9728.37409179687 16714.044789119 2410.34293212891
endloop
endfacet
facet normal 1.0 0.0 0.0
outer loop
vertex 9720.89306152344 16711.4267333984 2410.34293212891
vertex 9720.89306152344 16709.9303955078 2413.33494873047
vertex 9720.89306152344 16709.9303955078 2410.34293212891
endloop
endfacet
facet normal 1.0 0.0 0.0
outer loop
vertex 9720.89306152344 16709.9303955078 2413.33494873047
vertex 9720.89306152344 16711.4267333984 2410.34293212891
vertex 9720.89306152344 16714.4190795898 2413.33494873047
endloop
endfacet
facet normal 1.0 0.0 0.0
outer loop
vertex 9720.89306152344 16714.4190795898 2413.33494873047
vertex 9720.89306152344 16711.4267333984 2410.34293212891
vertex 9720.89306152344 16714.4190795898 2410.34293212891
endloop
endfacet
facet normal 1.0 0.0 0.0
outer loop
vertex 9720.89306152344 16714.4190795898 2413.33494873047
vertex 9720.89306152344 16714.4190795898 2410.34293212891
vertex 9720.89306152344 16717.4114257812 2410.34293212891
endloop
endfacet
facet normal 1.0 0.0 0.0
outer loop
vertex 9720.89306152344 16714.4190795898 2413.33494873047
vertex 9720.89306152344 16717.4114257812 2410.34293212891
vertex 9720.89306152344 16717.4114257812 2413.33494873047
endloop
endfacet
facet normal 1.0 0.0 0.0
outer loop
vertex 9720.89306152344 16717.4114257812 2413.33494873047
vertex 9720.89306152344 16717.4114257812 2410.34293212891
vertex 9720.89306152344 16726.3884643555 2410.34293212891
endloop
endfacet
facet normal 1.0 0.0 0.0
outer loop
vertex 9720.89306152344 16717.4114257812 2413.33494873047
vertex 9720.89306152344 16726.3884643555 2410.34293212891
vertex 9720.89306152344 16726.3884643555 2413.33494873047
endloop
endfacet
facet normal 1.0 0.0 0.0
outer loop
vertex 9720.89306152344 16726.3884643555 2413.33494873047
vertex 9720.89306152344 16726.3884643555 2410.34293212891
vertex 9720.89306152344 16729.3808105469 2410.34293212891
endloop
endfacet
facet normal 1.0 0.0 0.0
outer loop
vertex 9720.89306152344 16726.3884643555 2413.33494873047
vertex 9720.89306152344 16729.3808105469 2410.34293212891
vertex 9720.89306152344 16729.3808105469 2413.33494873047
endloop
endfacet
facet normal 1.0 0.0 0.0
outer loop
vertex 9720.89306152344 16729.3808105469 2413.33494873047
vertex 9720.89306152344 16729.3808105469 2410.34293212891
vertex 9720.89306152344 16735.3655029297 2410.34293212891
endloop
endfacet
facet normal 1.0 0.0 0.0
outer loop
vertex 9720.89306152344 16729.3808105469 2413.33494873047
vertex 9720.89306152344 16735.3655029297 2410.34293212891
vertex 9720.89306152344 16735.3655029297 2413.33494873047
endloop
endfacet
facet normal -1.0 0.0 0.0
outer loop
vertex 9726.87783630371 16714.4190795898 2413.33494873047
vertex 9726.87783630371 16709.9303955078 2410.34293212891
vertex 9726.87783630371 16709.9303955078 2413.33494873047
endloop
endfacet
facet normal -1.0 0.0 0.0
outer loop
vertex 9726.87783630371 16709.9303955078 2410.34293212891
vertex 9726.87783630371 16714.4190795898 2413.33494873047
vertex 9726.87783630371 16711.4267333984 2410.34293212891
endloop
endfacet
facet normal -1.0 0.0 0.0
outer loop
vertex 9726.87783630371 16711.4267333984 2410.34293212891
vertex 9726.87783630371 16714.4190795898 2413.33494873047
vertex 9726.87783630371 16714.4190795898 2410.34293212891
endloop
endfacet
facet normal -1.0 0.0 0.0
outer loop
vertex 9726.87783630371 16714.4190795898 2410.34293212891
vertex 9726.87783630371 16714.4190795898 2413.33494873047
vertex 9726.87783630371 16717.4114257812 2413.33494873047
endloop
endfacet
facet normal -1.0 0.0 0.0
outer loop
vertex 9726.87783630371 16714.4190795898 2410.34293212891
vertex 9726.87783630371 16717.4114257812 2413.33494873047
vertex 9726.87783630371 16717.4114257812 2410.34293212891
endloop
endfacet
facet normal -1.0 0.0 0.0
outer loop
vertex 9726.87783630371 16717.4114257812 2410.34293212891
vertex 9726.87783630371 16717.4114257812 2413.33494873047
vertex 9726.87783630371 16726.3884643555 2413.33494873047
endloop
endfacet
facet normal -1.0 0.0 0.0
outer loop
vertex 9726.87783630371 16717.4114257812 2410.34293212891
vertex 9726.87783630371 16726.3884643555 2413.33494873047
vertex 9726.87783630371 16726.3884643555 2410.34293212891
endloop
endfacet
facet normal -1.0 0.0 0.0
outer loop
vertex 9726.87783630371 16726.3884643555 2410.34293212891
vertex 9726.87783630371 16726.3884643555 2413.33494873047
vertex 9726.87783630371 16729.3808105469 2413.33494873047
endloop
endfacet
facet normal -1.0 0.0 0.0
outer loop
vertex 9726.87783630371 16726.3884643555 2410.34293212891
vertex 9726.87783630371 16729.3808105469 2413.33494873047
vertex 9726.87783630371 16729.3808105469 2410.34293212891
endloop
endfacet
facet normal -1.0 0.0 0.0
outer loop
vertex 9726.87783630371 16729.3808105469 2410.34293212891
vertex 9726.87783630371 16729.3808105469 2413.33494873047
vertex 9726.87783630371 16735.3655029297 2413.33494873047
endloop
endfacet
facet normal -1.0 0.0 0.0
outer loop
vertex 9726.87783630371 16729.3808105469 2410.34293212891
vertex 9726.87783630371 16735.3655029297 2413.33494873047
vertex 9726.87783630371 16735.3655029297 2410.34293212891
endloop
endfacet
facet normal -1.0 0.0 0.0
outer loop
vertex 9719.39688842773 16735.3655029297 2413.33494873047
vertex 9719.39688842773 16714.044789119 2410.34293212891
vertex 9719.39688842773 16711.4267333984 2413.33494873047
endloop
endfacet
facet normal -1.0 0.0 0.0
outer loop
vertex 9719.39688842773 16714.044789119 2410.34293212891
vertex 9719.39688842773 16735.3655029297 2413.33494873047
vertex 9719.39688842773 16733.8691650391 2411.83877563477
endloop
endfacet
facet normal -1.0 0.0 0.0
outer loop
vertex 9719.39688842773 16735.3655029297 2410.34293212891
vertex 9719.39688842773 16714.044789119 2410.34293212891
vertex 9719.39688842773 16733.8691650391 2411.83877563477
endloop
endfacet
facet normal 1.0 0.0 0.0
outer loop
vertex 9728.37409179687 16735.3655029297 2410.34293212891
vertex 9728.37409179687 16733.8691650391 2411.83877563477
vertex 9728.37409179687 16714.044789119 2410.34293212891
endloop
endfacet
facet normal 1.0 0.0 0.0
outer loop
vertex 9728.37409179687 16714.044789119 2410.34293212891
vertex 9728.37409179687 16735.3655029297 2413.33494873047
vertex 9728.37409179687 16711.4267333984 2413.33494873047
endloop
endfacet
facet normal 1.0 0.0 0.0
outer loop
vertex 9728.37409179687 16735.3655029297 2413.33494873047
vertex 9728.37409179687 16714.044789119 2410.34293212891
vertex 9728.37409179687 16733.8691650391 2411.83877563477
endloop
endfacet
facet normal 0.0 0.0 1.0
outer loop
vertex 9728.37409179687 16709.9303955078 2413.33494873047
vertex 9726.87783630371 16714.4190795898 2413.33494873047
vertex 9726.87783630371 16709.9303955078 2413.33494873047
endloop
endfacet
facet normal 0.0 0.0 1.0
outer loop
vertex 9726.87783630371 16714.4190795898 2413.33494873047
vertex 9728.37409179687 16709.9303955078 2413.33494873047
vertex 9726.87783630371 16717.4114257812 2413.33494873047
endloop
endfacet
facet normal 0.0 0.0 1.0
outer loop
vertex 9726.87783630371 16717.4114257812 2413.33494873047
vertex 9728.37409179687 16709.9303955078 2413.33494873047
vertex 9726.87783630371 16726.3884643555 2413.33494873047
endloop
endfacet
facet normal 0.0 0.0 1.0
outer loop
vertex 9726.87783630371 16726.3884643555 2413.33494873047
vertex 9728.37409179687 16709.9303955078 2413.33494873047
vertex 9726.87783630371 16729.3808105469 2413.33494873047
endloop
endfacet
facet normal 0.0 0.0 1.0
outer loop
vertex 9726.87783630371 16729.3808105469 2413.33494873047
vertex 9728.37409179687 16709.9303955078 2413.33494873047
vertex 9726.87783630371 16735.3655029297 2413.33494873047
endloop
endfacet
facet normal 0.0 0.0 1.0
outer loop
vertex 9726.87783630371 16735.3655029297 2413.33494873047
vertex 9728.37409179687 16709.9303955078 2413.33494873047
vertex 9728.37409179687 16735.3655029297 2413.33494873047
endloop
endfacet
facet normal 0.0 0.0 1.0
outer loop
vertex 9728.37409179687 16735.3655029297 2413.33494873047
vertex 9728.37409179687 16709.9303955078 2413.33494873047
vertex 9728.37409179687 16711.4267333984 2413.33494873047
endloop
endfacet
facet normal 0.70698993944159 7.27917236758999e-019 -0.707223603627861
outer loop
vertex 9725.38166320801 16735.3655029297 2411.83877563477
vertex 9723.88532531738 16729.3808105469 2410.34293212891
vertex 9723.88532531738 16735.3655029297 2410.34293212891
endloop
endfacet
facet normal 0.70698993944159 7.27917236758999e-019 -0.707223603627861
outer loop
vertex 9723.88532531738 16729.3808105469 2410.34293212891
vertex 9725.38166320801 16735.3655029297 2411.83877563477
vertex 9723.88532531738 16726.3884643555 2410.34293212891
endloop
endfacet
facet normal 0.70698993944159 7.27917236758999e-019 -0.707223603627861
outer loop
vertex 9723.88532531738 16726.3884643555 2410.34293212891
vertex 9725.38166320801 16735.3655029297 2411.83877563477
vertex 9723.88532531738 16717.4114257812 2410.34293212891
endloop
endfacet
facet normal 0.70698993944159 7.27917236758999e-019 -0.707223603627861
outer loop
vertex 9723.88532531738 16717.4114257812 2410.34293212891
vertex 9725.38166320801 16735.3655029297 2411.83877563477
vertex 9723.88532531738 16714.4190795898 2410.34293212891
endloop
endfacet
facet normal 0.70698993944159 7.27917236758999e-019 -0.707223603627861
outer loop
vertex 9723.88532531738 16714.4190795898 2410.34293212891
vertex 9725.38166320801 16735.3655029297 2411.83877563477
vertex 9723.88532531738 16700.9536865234 2410.34293212891
endloop
endfacet
facet normal 0.70698993944159 7.27917236758999e-019 -0.707223603627861
outer loop
vertex 9723.88532531738 16700.9536865234 2410.34293212891
vertex 9725.38166320801 16735.3655029297 2411.83877563477
vertex 9725.38166320801 16700.9536865234 2411.83877563477
endloop
endfacet
facet normal -0.707067831792236 1.45631564390464e-018 -0.707145728435537
outer loop
vertex 9723.88532531738 16735.3655029297 2410.34293212891
vertex 9722.3893170166 16700.9536865234 2411.83877563477
vertex 9722.3893170166 16735.3655029297 2411.83877563477
endloop
endfacet
facet normal -0.707067831792236 1.45631564390464e-018 -0.707145728435537
outer loop
vertex 9722.3893170166 16700.9536865234 2411.83877563477
vertex 9723.88532531738 16735.3655029297 2410.34293212891
vertex 9723.88532531738 16700.9536865234 2410.34293212891
endloop
endfacet
facet normal -0.707067831792236 1.45631564390464e-018 -0.707145728435537
outer loop
vertex 9723.88532531738 16700.9536865234 2410.34293212891
vertex 9723.88532531738 16735.3655029297 2410.34293212891
vertex 9723.88532531738 16729.3808105469 2410.34293212891
endloop
endfacet
facet normal -0.707067831792236 1.45631564390464e-018 -0.707145728435537
outer loop
vertex 9723.88532531738 16700.9536865234 2410.34293212891
vertex 9723.88532531738 16729.3808105469 2410.34293212891
vertex 9723.88532531738 16726.3884643555 2410.34293212891
endloop
endfacet
facet normal -0.707067831792236 1.45631564390464e-018 -0.707145728435537
outer loop
vertex 9723.88532531738 16700.9536865234 2410.34293212891
vertex 9723.88532531738 16726.3884643555 2410.34293212891
vertex 9723.88532531738 16717.4114257812 2410.34293212891
endloop
endfacet
facet normal -0.707067831792236 1.45631564390464e-018 -0.707145728435537
outer loop
vertex 9723.88532531738 16700.9536865234 2410.34293212891
vertex 9723.88532531738 16717.4114257812 2410.34293212891
vertex 9723.88532531738 16714.4190795898 2410.34293212891
endloop
endfacet
facet normal 0.0 0.0 1.0
outer loop
vertex 9723.88532531738 16700.9536865234 2411.83877563477
vertex 9722.3893170166 16735.3655029297 2411.83877563477
vertex 9722.3893170166 16700.9536865234 2411.83877563477
endloop
endfacet
facet normal 0.0 0.0 1.0
outer loop
vertex 9722.3893170166 16735.3655029297 2411.83877563477
vertex 9723.88532531738 16700.9536865234 2411.83877563477
vertex 9725.38166320801 16735.3655029297 2411.83877563477
endloop
endfacet
facet normal 0.0 0.0 1.0
outer loop
vertex 9725.38166320801 16735.3655029297 2411.83877563477
vertex 9723.88532531738 16700.9536865234 2411.83877563477
vertex 9725.38166320801 16700.9536865234 2411.83877563477
endloop
endfacet
facet normal 0.0 0.0 1.0
outer loop
vertex 9723.88532531738 16738.3575195312 2413.33494873047
vertex 9722.3893170166 16739.8538574219 2413.33494873047
vertex 9722.3893170166 16738.3575195312 2413.33494873047
endloop
endfacet
facet normal 0.0 0.0 1.0
outer loop
vertex 9722.3893170166 16739.8538574219 2413.33494873047
vertex 9723.88532531738 16738.3575195312 2413.33494873047
vertex 9723.88532531738 16739.8538574219 2413.33494873047
endloop
endfacet
facet normal 0.0 0.0 1.0
outer loop
vertex 9723.88532531738 16739.8538574219 2413.33494873047
vertex 9723.88532531738 16738.3575195312 2413.33494873047
vertex 9725.38166320801 16738.3575195312 2413.33494873047
endloop
endfacet
facet normal 0.0 0.0 1.0
outer loop
vertex 9723.88532531738 16739.8538574219 2413.33494873047
vertex 9725.38166320801 16738.3575195312 2413.33494873047
vertex 9725.38166320801 16739.8538574219 2413.33494873047
endloop
endfacet
facet normal 0.0 1.0 0.0
outer loop
vertex 9722.3893170166 16739.8538574219 2411.83877563477
vertex 9725.38166320801 16739.8538574219 2411.83877563477
vertex 9723.88532531738 16739.8538574219 2410.34293212891
endloop
endfacet
facet normal 0.0 1.0 0.0
outer loop
vertex 9725.38166320801 16739.8538574219 2411.83877563477
vertex 9722.3893170166 16739.8538574219 2411.83877563477
vertex 9722.3893170166 16739.8538574219 2413.33494873047
endloop
endfacet
facet normal 0.0 1.0 0.0
outer loop
vertex 9725.38166320801 16739.8538574219 2411.83877563477
vertex 9722.3893170166 16739.8538574219 2413.33494873047
vertex 9725.38166320801 16739.8538574219 2413.33494873047
endloop
endfacet
facet normal 0.0 1.0 0.0
outer loop
vertex 9725.38166320801 16739.8538574219 2413.33494873047
vertex 9722.3893170166 16739.8538574219 2413.33494873047
vertex 9723.88532531738 16739.8538574219 2413.33494873047
endloop
endfacet
facet normal 0.0 -1.0 0.0
outer loop
vertex 9723.88532531738 16735.3655029297 2413.33494873047
vertex 9722.3893170166 16735.3655029297 2411.83877563477
vertex 9725.38166320801 16735.3655029297 2411.83877563477
endloop
endfacet
facet normal 0.0 -1.0 0.0
outer loop
vertex 9722.3893170166 16735.3655029297 2411.83877563477
vertex 9723.88532531738 16735.3655029297 2410.34293212891
vertex 9725.38166320801 16735.3655029297 2411.83877563477
endloop
endfacet
facet normal 0.706989939441647 6.47413301481746e-018 -0.707223603627803
outer loop
vertex 9725.38166320801 16739.8538574219 2411.83877563477
vertex 9723.88532531738 16735.3655029297 2410.34293212891
vertex 9723.88532531738 16739.8538574219 2410.34293212891
endloop
endfacet
facet normal 0.706989939441647 6.47413301481746e-018 -0.707223603627803
outer loop
vertex 9723.88532531738 16735.3655029297 2410.34293212891
vertex 9725.38166320801 16739.8538574219 2411.83877563477
vertex 9725.38166320801 16735.3655029297 2411.83877563477
endloop
endfacet
facet normal 0.706989939441647 6.47413301481746e-018 -0.707223603627803
outer loop
vertex 9725.38166320801 16735.3655029297 2411.83877563477
vertex 9725.38166320801 16739.8538574219 2411.83877563477
vertex 9725.38166320801 16738.3575195312 2411.83877563477
endloop
endfacet
facet normal -0.707067831792265 2.15804441717807e-018 -0.707145728435509
outer loop
vertex 9723.88532531738 16739.8538574219 2410.34293212891
vertex 9722.3893170166 16738.3575195312 2411.83877563477
vertex 9722.3893170166 16739.8538574219 2411.83877563477
endloop
endfacet
facet normal -0.707067831792265 2.15804441717807e-018 -0.707145728435509
outer loop
vertex 9722.3893170166 16738.3575195312 2411.83877563477
vertex 9723.88532531738 16739.8538574219 2410.34293212891
vertex 9722.3893170166 16735.3655029297 2411.83877563477
endloop
endfacet
facet normal -0.707067831792265 2.15804441717807e-018 -0.707145728435509
outer loop
vertex 9722.3893170166 16735.3655029297 2411.83877563477
vertex 9723.88532531738 16739.8538574219 2410.34293212891
vertex 9723.88532531738 16735.3655029297 2410.34293212891
endloop
endfacet
facet normal -0.707145724145595 -1.58918428019793e-014 0.70706783608265
outer loop
vertex 9723.88532531738 16738.3575195312 2413.33494873047
vertex 9722.3893170166 16735.3655029297 2411.83877563477
vertex 9723.88532531738 16735.3655029297 2413.33494873047
endloop
endfacet
facet normal -0.707145724145595 -1.58918428019793e-014 0.70706783608265
outer loop
vertex 9722.3893170166 16735.3655029297 2411.83877563477
vertex 9723.88532531738 16738.3575195312 2413.33494873047
vertex 9722.3893170166 16738.3575195312 2411.83877563477
endloop
endfacet
facet normal -0.707145724145595 -1.58918428019793e-014 0.70706783608265
outer loop
vertex 9722.3893170166 16738.3575195312 2411.83877563477
vertex 9723.88532531738 16738.3575195312 2413.33494873047
vertex 9722.81673114361 16738.3575195312 2412.26623684418
endloop
endfacet
facet normal 0.707067840371979 -2.88707754617204e-014 0.707145719856739
outer loop
vertex 9725.38166320801 16735.3655029297 2411.83877563477
vertex 9723.88532531738 16738.3575195312 2413.33494873047
vertex 9723.88532531738 16735.3655029297 2413.33494873047
endloop
endfacet
facet normal 0.707067840371979 -2.88707754617204e-014 0.707145719856739
outer loop
vertex 9723.88532531738 16738.3575195312 2413.33494873047
vertex 9725.38166320801 16735.3655029297 2411.83877563477
vertex 9724.95409100769 16738.3575195312 2412.26630074563
endloop
endfacet
facet normal 0.707067840371979 -2.88707754617204e-014 0.707145719856739
outer loop
vertex 9724.95409100769 16738.3575195312 2412.26630074563
vertex 9725.38166320801 16735.3655029297 2411.83877563477
vertex 9725.38166320801 16738.3575195312 2411.83877563477
endloop
endfacet
facet normal -1.0 0.0 0.0
outer loop
vertex 9722.3893170166 16739.8538574219 2413.33494873047
vertex 9722.3893170166 16738.3575195312 2412.43721191043
vertex 9722.3893170166 16738.3575195312 2413.33494873047
endloop
endfacet
facet normal -1.0 0.0 0.0
outer loop
vertex 9722.3893170166 16738.3575195312 2412.43721191043
vertex 9722.3893170166 16739.8538574219 2413.33494873047
vertex 9722.3893170166 16738.3575195312 2411.83877563477
endloop
endfacet
facet normal -1.0 0.0 0.0
outer loop
vertex 9722.3893170166 16738.3575195312 2411.83877563477
vertex 9722.3893170166 16739.8538574219 2413.33494873047
vertex 9722.3893170166 16739.8538574219 2411.83877563477
endloop
endfacet
facet normal 0.0 -1.0 0.0
outer loop
vertex 9722.3893170166 16738.3575195312 2412.43721191043
vertex 9722.3893170166 16738.3575195312 2411.83877563477
vertex 9722.81673114361 16738.3575195312 2412.26623684418
endloop
endfacet
facet normal 1.0 0.0 0.0
outer loop
vertex 9725.38166320801 16739.8538574219 2411.83877563477
vertex 9725.38166320801 16738.3575195312 2412.43733716082
vertex 9725.38166320801 16738.3575195312 2411.83877563477
endloop
endfacet
facet normal 1.0 0.0 0.0
outer loop
vertex 9725.38166320801 16738.3575195312 2412.43733716082
vertex 9725.38166320801 16739.8538574219 2411.83877563477
vertex 9725.38166320801 16738.3575195312 2413.33494873047
endloop
endfacet
facet normal 1.0 0.0 0.0
outer loop
vertex 9725.38166320801 16738.3575195312 2413.33494873047
vertex 9725.38166320801 16739.8538574219 2411.83877563477
vertex 9725.38166320801 16739.8538574219 2413.33494873047
endloop
endfacet
facet normal 0.0 -1.0 0.0
outer loop
vertex 9725.38166320801 16738.3575195312 2412.43733716082
vertex 9724.95409100769 16738.3575195312 2412.26630074563
vertex 9725.38166320801 16738.3575195312 2411.83877563477
endloop
endfacet
facet normal 1.0 0.0 0.0
outer loop
vertex 9728.37409179687 16736.8615112305 2413.33494873047
vertex 9728.37409179687 16735.3655029297 2411.83877563477
vertex 9728.37409179687 16736.8615112305 2411.83877563477
endloop
endfacet
facet normal -0.999969100188945 0.00783186515724049 0.000678642372574578
outer loop
vertex 9728.37409179687 16736.8615112305 2411.83877563477
vertex 9728.37409179687 16735.3655029297 2410.34293212891
vertex 9728.37409179687 16735.3655029297 2411.83877563477
endloop
endfacet
facet normal -0.999945067418999 0.0104423845542944 0.000904847630415459
outer loop
vertex 9728.37409179687 16735.3655029297 2410.34293212891
vertex 9728.37409179687 16736.8615112305 2411.83877563477
vertex 9728.30664448209 16735.3716349028 2394.97606004102
endloop
endfacet
facet normal -0.999945067418999 0.0104423845542944 0.000904847630415459
outer loop
vertex 9728.30664448209 16735.3716349028 2394.97606004102
vertex 9728.37409179687 16736.8615112305 2411.83877563477
vertex 9728.37409179687 16736.8615112305 2395.38070678711
endloop
endfacet
facet normal -0.999945067418999 0.0104423845542944 0.000904847630415459
outer loop
vertex 9728.37409179687 16736.8615112305 2395.38070678711
vertex 9728.37409179687 16736.8615112305 2411.83877563477
vertex 9728.37409179687 16736.8615112305 2410.34293212891
endloop
endfacet
facet normal -0.999945067418999 0.0104423845542944 0.000904847630415459
outer loop
vertex 9728.37409179687 16736.8615112305 2395.38070678711
vertex 9728.37409179687 16736.8615112305 2410.34293212891
vertex 9728.37409179687 16736.8615112305 2408.84626464844
endloop
endfacet
facet normal 0.0 0.0 1.0
outer loop
vertex 9728.37409179687 16735.3655029297 2413.33494873047
vertex 9726.87783630371 16736.8615112305 2413.33494873047
vertex 9726.87783630371 16735.3655029297 2413.33494873047
endloop
endfacet
facet normal 0.0 0.0 1.0
outer loop
vertex 9726.87783630371 16736.8615112305 2413.33494873047
vertex 9728.37409179687 16735.3655029297 2413.33494873047
vertex 9728.37409179687 16736.8615112305 2413.33494873047
endloop
endfacet
facet normal -1.87484317775508e-026 -0.707067840372106 0.707145719856612
outer loop
vertex 9728.37409179687 16733.8691650391 2411.83877563477
vertex 9726.87783630371 16735.3655029297 2413.33494873047
vertex 9726.87783630371 16733.8691650391 2411.83877563477
endloop
endfacet
facet normal -1.87484317775508e-026 -0.707067840372106 0.707145719856612
outer loop
vertex 9726.87783630371 16735.3655029297 2413.33494873047
vertex 9728.37409179687 16733.8691650391 2411.83877563477
vertex 9728.37409179687 16735.3655029297 2413.33494873047
endloop
endfacet
facet normal -1.87463661762101e-026 -0.706989939441705 -0.707223603627746
outer loop
vertex 9728.37409179687 16735.3655029297 2410.34293212891
vertex 9726.87783630371 16733.8691650391 2411.83877563477
vertex 9726.87783630371 16735.3655029297 2410.34293212891
endloop
endfacet
facet normal -1.87463661762101e-026 -0.706989939441705 -0.707223603627746
outer loop
vertex 9726.87783630371 16733.8691650391 2411.83877563477
vertex 9728.37409179687 16735.3655029297 2410.34293212891
vertex 9728.37409179687 16733.8691650391 2411.83877563477
endloop
endfacet
facet normal -2.01365179304934e-017 -0.70726251442197 -0.706951013644872
outer loop
vertex 9728.37409179687 16735.3655029297 2410.34293212891
vertex 9726.87783630371 16736.8615112305 2408.84626464844
vertex 9728.37409179687 16736.8615112305 2408.84626464844
endloop
endfacet
facet normal -2.01365179304934e-017 -0.70726251442197 -0.706951013644872
outer loop
vertex 9726.87783630371 16736.8615112305 2408.84626464844
vertex 9728.37409179687 16735.3655029297 2410.34293212891
vertex 9726.87783630371 16735.3655029297 2410.34293212891
endloop
endfacet
facet normal 0.0 1.0 0.0
outer loop
vertex 9726.87783630371 16736.8615112305 2410.34293212891
vertex 9728.37409179687 16736.8615112305 2408.84626464844
vertex 9726.87783630371 16736.8615112305 2408.84626464844
endloop
endfacet
facet normal 0.0 1.0 0.0
outer loop
vertex 9728.37409179687 16736.8615112305 2408.84626464844
vertex 9726.87783630371 16736.8615112305 2410.34293212891
vertex 9728.37409179687 16736.8615112305 2410.34293212891
endloop
endfacet
facet normal -2.01309751084373e-017 0.707067831792236 -0.707145728435537
outer loop
vertex 9728.37409179687 16738.3575195312 2411.83877563477
vertex 9726.87783630371 16736.8615112305 2410.34293212891
vertex 9726.87783630371 16738.3575195312 2411.83877563477
endloop
endfacet
facet normal -2.01309751084373e-017 0.707067831792236 -0.707145728435537
outer loop
vertex 9726.87783630371 16736.8615112305 2410.34293212891
vertex 9728.37409179687 16738.3575195312 2411.83877563477
vertex 9728.37409179687 16736.8615112305 2410.34293212891
endloop
endfacet
facet normal -2.01331927867932e-017 0.707145724145602 0.707067836082644
outer loop
vertex 9726.87783630371 16736.8615112305 2413.33494873047
vertex 9728.37409179687 16738.3575195312 2411.83877563477
vertex 9726.87783630371 16738.3575195312 2411.83877563477
endloop
endfacet
facet normal -2.01331927867932e-017 0.707145724145602 0.707067836082644
outer loop
vertex 9728.37409179687 16738.3575195312 2411.83877563477
vertex 9726.87783630371 16736.8615112305 2413.33494873047
vertex 9728.37409179687 16736.8615112305 2413.33494873047
endloop
endfacet
facet normal -1.0 0.0 0.0
outer loop
vertex 9726.87783630371 16738.3575195312 2411.83877563477
vertex 9726.87783630371 16736.8615112305 2410.34293212891
vertex 9726.87783630371 16736.8615112305 2413.33494873047
endloop
endfacet
facet normal -1.0 0.0 0.0
outer loop
vertex 9726.87783630371 16735.3655029297 2413.33494873047
vertex 9726.87783630371 16735.3655029297 2410.34293212891
vertex 9726.87783630371 16733.8691650391 2411.83877563477
endloop
endfacet
facet normal -1.0 0.0 0.0
outer loop
vertex 9726.87783630371 16735.3655029297 2410.34293212891
vertex 9726.87783630371 16735.3655029297 2413.33494873047
vertex 9726.87783630371 16736.8615112305 2413.33494873047
endloop
endfacet
facet normal -1.0 0.0 0.0
outer loop
vertex 9726.87783630371 16735.3655029297 2410.34293212891
vertex 9726.87783630371 16736.8615112305 2413.33494873047
vertex 9726.87783630371 16736.8615112305 2408.84626464844
endloop
endfacet
facet normal -1.0 0.0 0.0
outer loop
vertex 9726.87783630371 16736.8615112305 2408.84626464844
vertex 9726.87783630371 16736.8615112305 2413.33494873047
vertex 9726.87783630371 16736.8615112305 2410.34293212891
endloop
endfacet
facet normal 1.0 0.0 0.0
outer loop
vertex 9728.37409179687 16735.3655029297 2410.34293212891
vertex 9728.37409179687 16735.3655029297 2413.33494873047
vertex 9728.37409179687 16733.8691650391 2411.83877563477
endloop
endfacet
facet normal 1.0 0.0 0.0
outer loop
vertex 9728.37409179687 16735.3655029297 2413.33494873047
vertex 9728.37409179687 16735.3655029297 2410.34293212891
vertex 9728.37409179687 16736.8615112305 2408.84626464844
endloop
endfacet
facet normal 1.0 0.0 0.0
outer loop
vertex 9728.37409179687 16735.3655029297 2413.33494873047
vertex 9728.37409179687 16736.8615112305 2408.84626464844
vertex 9728.37409179687 16736.8615112305 2413.33494873047
endloop
endfacet
facet normal 1.0 0.0 0.0
outer loop
vertex 9728.37409179687 16736.8615112305 2413.33494873047
vertex 9728.37409179687 16736.8615112305 2408.84626464844
vertex 9728.37409179687 16736.8615112305 2410.34293212891
endloop
endfacet
facet normal 1.0 0.0 0.0
outer loop
vertex 9728.37409179687 16736.8615112305 2413.33494873047
vertex 9728.37409179687 16736.8615112305 2410.34293212891
vertex 9728.37409179687 16738.3575195312 2411.83877563477
endloop
endfacet
facet normal 1.0 0.0 0.0
outer loop
vertex 9729.87010009766 16713.6707870642 2392.38869018555
vertex 9729.87010009766 16709.9303955078 2393.88486328125
vertex 9729.87010009766 16709.9303955078 2392.38869018555
endloop
endfacet
facet normal 1.0 0.0 0.0
outer loop
vertex 9729.87010009766 16709.9303955078 2393.88486328125
vertex 9729.87010009766 16713.6707870642 2392.38869018555
vertex 9729.87010009766 16714.4190795898 2393.88486328125
endloop
endfacet
facet normal 1.0 0.0 0.0
outer loop
vertex 9729.87010009766 16714.4190795898 2393.88486328125
vertex 9729.87010009766 16713.6707870642 2392.38869018555
vertex 9729.87010009766 16714.4190795898 2392.38869018555
endloop
endfacet
facet normal -1.0 0.0 0.0
outer loop
vertex 9722.3893170166 16644.0987792969 2389.39617919922
vertex 9722.3893170166 16631.7256621383 2386.6390203035
vertex 9722.3893170166 16631.2471927008 2390.4671447489
endloop
endfacet
facet normal -1.0 0.0 0.0
outer loop
vertex 9722.3893170166 16631.7256621383 2386.6390203035
vertex 9722.3893170166 16644.0987792969 2389.39617919922
vertex 9722.3893170166 16643.2437548584 2387.68622448793
endloop
endfacet
facet normal 1.0 0.0 0.0
outer loop
vertex 9729.87010009766 16714.4190795898 2393.88486328125
vertex 9729.87010009766 16709.9303955078 2395.38070678711
vertex 9729.87010009766 16709.9303955078 2393.88486328125
endloop
endfacet
facet normal 1.0 0.0 0.0
outer loop
vertex 9729.87010009766 16709.9303955078 2395.38070678711
vertex 9729.87010009766 16714.4190795898 2393.88486328125
vertex 9729.87010009766 16709.9303955078 2396.87720947266
endloop
endfacet
facet normal 0.989410552929205 4.07022457639757e-017 -0.145143920824559
outer loop
vertex 9729.87010009766 16709.9303955078 2396.87720947266
vertex 9729.87010009766 16714.4190795898 2393.88486328125
vertex 9729.87010009766 16714.4190795898 2396.87720947266
endloop
endfacet
facet normal 0.989410670262373 4.07020214691631e-017 -0.145143120990842
outer loop
vertex 9729.87010009766 16714.4190795898 2396.87720947266
vertex 9729.87010009766 16714.4190795898 2393.88486328125
vertex 9729.87010009766 16714.4190795898 2394.6328262261
endloop
endfacet
facet normal 0.989410670262373 4.07020214691631e-017 -0.145143120990842
outer loop
vertex 9729.87010009766 16714.4190795898 2396.87720947266
vertex 9735.85495727539 16711.4267333984 2416.32713012695
vertex 9729.87010009766 16709.9303955078 2396.87720947266
endloop
endfacet
facet normal 0.997052307605856 2.15156921725104e-017 -0.0767248062743602
outer loop
vertex 9735.85495727539 16711.4267333984 2416.32713012695
vertex 9729.87010009766 16714.4190795898 2396.87720947266
vertex 9735.85495727539 16712.9224121094 2416.32713012695
endloop
endfacet
facet normal 1.0 0.0 0.0
outer loop
vertex 9735.85495727539 16712.9224121094 2419.31947631836
vertex 9735.85495727539 16711.4267333984 2420.81597900391
vertex 9735.85495727539 16711.4267333984 2419.31947631836
endloop
endfacet
facet normal 1.0 0.0 0.0
outer loop
vertex 9729.87010009766 16711.4267333984 2390.89235229492
vertex 9729.87010009766 16713.6707870642 2392.38869018555
vertex 9729.87010009766 16709.9303955078 2392.38869018555
endloop
endfacet
facet normal 1.0 0.0 0.0
outer loop
vertex 9729.87010009766 16713.6707870642 2392.38869018555
vertex 9729.87010009766 16711.4267333984 2390.89235229492
vertex 9729.87010009766 16712.9229888961 2391.64056244577
endloop
endfacet
facet normal 1.0 0.0 0.0
outer loop
vertex 9729.87010009766 16713.6707870642 2392.38869018555
vertex 9729.87010009766 16712.9229888961 2391.64056244577
vertex 9729.87010009766 16714.4190795898 2392.38869018555
endloop
endfacet
facet normal -1.0 0.0 0.0
outer loop
vertex 9735.85495727539 16712.9224121094 2419.31947631836
vertex 9735.85495727539 16711.4267333984 2417.82346801758
vertex 9735.85495727539 16711.4267333984 2419.31947631836
endloop
endfacet
facet normal -1.0 0.0 0.0
outer loop
vertex 9735.85495727539 16711.4267333984 2417.82346801758
vertex 9735.85495727539 16712.9224121094 2419.31947631836
vertex 9735.85495727539 16711.4267333984 2416.32713012695
endloop
endfacet
facet normal -0.997052307605856 -2.15156921725104e-017 0.0767248062743602
outer loop
vertex 9735.85495727539 16711.4267333984 2416.32713012695
vertex 9735.85495727539 16712.9224121094 2419.31947631836
vertex 9735.85495727539 16712.9224121094 2416.32713012695
endloop
endfacet
facet normal 0.33336593617837 0.666474928781031 0.666842051690082
outer loop
vertex 9731.36627319336 16712.9224121094 2395.38070678711
vertex 9729.87010009766 16714.4190795898 2394.6328262261
vertex 9728.37409179687 16714.4190795898 2395.38070678711
endloop
endfacet
facet normal 0.33336593617837 0.666474928781031 0.666842051690082
outer loop
vertex 9729.87010009766 16714.4190795898 2394.6328262261
vertex 9731.36627319336 16712.9224121094 2395.38070678711
vertex 9731.36627319336 16714.4190795898 2393.88486328125
endloop
endfacet
facet normal 0.0 1.0 0.0
outer loop
vertex 9729.87010009766 16714.4190795898 2394.6328262261
vertex 9731.36627319336 16714.4190795898 2393.88486328125
vertex 9729.87010009766 16714.4190795898 2393.88486328125
endloop
endfacet
facet normal 1.10120766367001e-016 0.706989965178364 -0.707223577899589
outer loop
vertex 9729.87010009766 16714.4190795898 2393.88486328125
vertex 9731.36627319336 16712.9224121094 2392.38869018555
vertex 9728.37409179687 16714.4190795898 2393.88486328125
endloop
endfacet
facet normal 1.10120766367001e-016 0.706989965178364 -0.707223577899589
outer loop
vertex 9731.36627319336 16712.9224121094 2392.38869018555
vertex 9729.87010009766 16714.4190795898 2393.88486328125
vertex 9731.36627319336 16714.4190795898 2393.88486328125
endloop
endfacet
facet normal 0.447351509609278 0.894358220653391 -4.20840863670903e-014
outer loop
vertex 9728.37409179687 16714.4190795898 2393.88486328125
vertex 9729.87010009766 16713.6707870642 2392.38869018555
vertex 9728.37409179687 16714.4190795898 2392.38869018555
endloop
endfacet
facet normal 0.447351509609278 0.894358220653391 -4.20840863670903e-014
outer loop
vertex 9729.87010009766 16713.6707870642 2392.38869018555
vertex 9728.37409179687 16714.4190795898 2393.88486328125
vertex 9731.36627319336 16712.9224121094 2392.38869018555
endloop
endfacet
facet normal 0.333512841051703 0.666768625300001 -0.666474894627824
outer loop
vertex 9729.87010009766 16712.9229888961 2391.64056244577
vertex 9731.36627319336 16712.9224121094 2392.38869018555
vertex 9731.36627319336 16711.4267333984 2390.89235229492
endloop
endfacet
facet normal 0.333512841051703 0.666768625300001 -0.666474894627824
outer loop
vertex 9731.36627319336 16712.9224121094 2392.38869018555
vertex 9729.87010009766 16712.9229888961 2391.64056244577
vertex 9728.37409179687 16714.4190795898 2392.38869018555
endloop
endfacet
facet normal 0.333512841051703 0.666768625300001 -0.666474894627824
outer loop
vertex 9731.36627319336 16712.9224121094 2392.38869018555
vertex 9728.37409179687 16714.4190795898 2392.38869018555
vertex 9729.87010009766 16713.6707870642 2392.38869018555
endloop
endfacet
facet normal 8.12258514337945e-015 0.447253000616747 -0.894407487356471
outer loop
vertex 9731.36627319336 16711.4267333984 2390.89235229492
vertex 9729.87010009766 16711.4267333984 2390.89235229492
vertex 9729.87010009766 16712.9229888961 2391.64056244577
endloop
endfacet
facet normal -2.11394125044634e-018 -0.707106781186548 -0.707106781186548
outer loop
vertex 9731.36627319336 16709.9303955078 2392.38869018555
vertex 9729.87010009766 16711.4267333984 2390.89235229492
vertex 9731.36627319336 16711.4267333984 2390.89235229492
endloop
endfacet
facet normal -2.11394125044634e-018 -0.707106781186548 -0.707106781186548
outer loop
vertex 9729.87010009766 16711.4267333984 2390.89235229492
vertex 9731.36627319336 16709.9303955078 2392.38869018555
vertex 9728.37409179687 16711.4267333984 2390.89235229492
endloop
endfacet
facet normal -2.11394125044634e-018 -0.707106781186548 -0.707106781186548
outer loop
vertex 9728.37409179687 16711.4267333984 2390.89235229492
vertex 9731.36627319336 16709.9303955078 2392.38869018555
vertex 9728.37409179687 16709.9303955078 2392.38869018555
endloop
endfacet
facet normal -2.11394125044634e-018 -0.707106781186548 -0.707106781186548
outer loop
vertex 9728.37409179687 16709.9303955078 2392.38869018555
vertex 9731.36627319336 16709.9303955078 2392.38869018555
vertex 9729.87010009766 16709.9303955078 2392.38869018555
endloop
endfacet
facet normal 0.0 -1.0 0.0
outer loop
vertex 9729.87010009766 16709.9303955078 2393.88486328125
vertex 9728.37409179687 16709.9303955078 2392.38869018555
vertex 9729.87010009766 16709.9303955078 2392.38869018555
endloop
endfacet
facet normal 0.0 -1.0 0.0
outer loop
vertex 9728.37409179687 16709.9303955078 2392.38869018555
vertex 9729.87010009766 16709.9303955078 2393.88486328125
vertex 9728.37409179687 16709.9303955078 2395.38070678711
endloop
endfacet
facet normal 0.0 -1.0 0.0
outer loop
vertex 9728.37409179687 16709.9303955078 2395.38070678711
vertex 9729.87010009766 16709.9303955078 2393.88486328125
vertex 9729.87010009766 16709.9303955078 2395.38070678711
endloop
endfacet
facet normal 0.0 0.0 1.0
outer loop
vertex 9729.87010009766 16709.9303955078 2395.38070678711
vertex 9728.37409179687 16714.4190795898 2395.38070678711
vertex 9728.37409179687 16709.9303955078 2395.38070678711
endloop
endfacet
facet normal 0.0 0.0 1.0
outer loop
vertex 9728.37409179687 16714.4190795898 2395.38070678711
vertex 9729.87010009766 16709.9303955078 2395.38070678711
vertex 9731.36627319336 16712.9224121094 2395.38070678711
endloop
endfacet
facet normal 0.0 0.0 1.0
outer loop
vertex 9731.36627319336 16712.9224121094 2395.38070678711
vertex 9729.87010009766 16709.9303955078 2395.38070678711
vertex 9731.36627319336 16709.9303955078 2395.38070678711
endloop
endfacet
facet normal -0.577329067826658 0.577424452076238 0.577297280079214
outer loop
vertex 9737.35096557617 16711.4267333984 2420.81597900391
vertex 9738.84738586426 16714.4190795898 2419.31947631836
vertex 9737.35096557617 16712.9224121094 2419.31947631836
endloop
endfacet
facet normal -0.577329067826658 0.577424452076238 0.577297280079214
outer loop
vertex 9738.84738586426 16714.4190795898 2419.31947631836
vertex 9737.35096557617 16711.4267333984 2420.81597900391
vertex 9738.84738586426 16712.9224121094 2420.81597900391
endloop
endfacet
facet normal 0.0 0.0 1.0
outer loop
vertex 9738.84738586426 16712.9224121094 2420.81597900391
vertex 9737.35096557617 16711.4267333984 2420.81597900391
vertex 9738.84738586426 16711.4267333984 2420.81597900391
endloop
endfacet
facet normal 0.0 1.0 0.0
outer loop
vertex 9735.85495727539 16712.9224121094 2419.31947631836
vertex 9738.84738586426 16712.9224121094 2417.82346801758
vertex 9737.35096557617 16712.9224121094 2417.82346801758
endloop
endfacet
facet normal 0.0 1.0 0.0
outer loop
vertex 9738.84738586426 16712.9224121094 2417.82346801758
vertex 9735.85495727539 16712.9224121094 2419.31947631836
vertex 9737.35096557617 16712.9224121094 2419.31947631836
endloop
endfacet
facet normal -0.577329046818454 0.577233694080025 -0.577488038073884
outer loop
vertex 9738.84738586426 16712.9224121094 2417.82346801758
vertex 9737.35096557617 16712.9224121094 2419.31947631836
vertex 9738.84738586426 16714.4190795898 2419.31947631836
endloop
endfacet
facet normal -0.707087312655489 -6.19890058317877e-017 -0.707126249181601
outer loop
vertex 9738.84738586426 16711.4267333984 2416.32713012695
vertex 9737.35096557617 16711.4267333984 2417.82346801758
vertex 9737.35096557617 16712.9224121094 2417.82346801758
endloop
endfacet
facet normal -6.19463399377971e-017 0.707262548728221 -0.706950979323504
outer loop
vertex 9738.84738586426 16712.9224121094 2417.82346801758
vertex 9738.84738586426 16711.4267333984 2416.32713012695
vertex 9737.35096557617 16712.9224121094 2417.82346801758
endloop
endfacet
facet normal 0.0 -1.0 0.0
outer loop
vertex 9737.35096557617 16711.4267333984 2417.82346801758
vertex 9738.84738586426 16711.4267333984 2416.32713012695
vertex 9738.84738586426 16711.4267333984 2417.82346801758
endloop
endfacet
facet normal -0.707087312655604 -0.707126249181486 -1.23923389784385e-016
outer loop
vertex 9737.35096557617 16711.4267333984 2419.31947631836
vertex 9737.35096557617 16711.4267333984 2417.82346801758
vertex 9738.84738586426 16709.9303955078 2419.31947631836
endloop
endfacet
facet normal 0.0 -0.707028893124064 -0.707184660670578
outer loop
vertex 9738.84738586426 16709.9303955078 2419.31947631836
vertex 9737.35096557617 16711.4267333984 2417.82346801758
vertex 9738.84738586426 16711.4267333984 2417.82346801758
endloop
endfacet
facet normal -0.577350267439198 -0.577382059854687 0.577318478524502
outer loop
vertex 9738.84738586426 16711.4267333984 2420.81597900391
vertex 9737.35096557617 16711.4267333984 2419.31947631836
vertex 9738.84738586426 16709.9303955078 2419.31947631836
endloop
endfacet
facet normal 0.0 0.70730147452647 0.706912034225391
outer loop
vertex 9735.85495727539 16711.4267333984 2420.81597900391
vertex 9737.35096557617 16712.9224121094 2419.31947631836
vertex 9735.85495727539 16712.9224121094 2419.31947631836
endloop
endfacet
facet normal 0.0 0.70730147452647 0.706912034225391
outer loop
vertex 9737.35096557617 16712.9224121094 2419.31947631836
vertex 9735.85495727539 16711.4267333984 2420.81597900391
vertex 9737.35096557617 16711.4267333984 2420.81597900391
endloop
endfacet
facet normal 0.0 0.0 -1.0
outer loop
vertex 9737.35096557617 16711.4267333984 2417.82346801758
vertex 9735.85495727539 16711.4267333984 2417.82346801758
vertex 9737.35096557617 16712.9224121094 2417.82346801758
endloop
endfacet
facet normal 0.0 -1.0 0.0
outer loop
vertex 9737.35096557617 16711.4267333984 2419.31947631836
vertex 9735.85495727539 16711.4267333984 2417.82346801758
vertex 9737.35096557617 16711.4267333984 2417.82346801758
endloop
endfacet
facet normal 0.0 -1.0 0.0
outer loop
vertex 9735.85495727539 16711.4267333984 2417.82346801758
vertex 9737.35096557617 16711.4267333984 2419.31947631836
vertex 9735.85495727539 16711.4267333984 2419.31947631836
endloop
endfacet
facet normal 0.0 -1.0 0.0
outer loop
vertex 9735.85495727539 16711.4267333984 2419.31947631836
vertex 9737.35096557617 16711.4267333984 2419.31947631836
vertex 9738.84738586426 16711.4267333984 2420.81597900391
endloop
endfacet
facet normal 0.0 -1.0 0.0
outer loop
vertex 9735.85495727539 16711.4267333984 2419.31947631836
vertex 9738.84738586426 16711.4267333984 2420.81597900391
vertex 9735.85495727539 16711.4267333984 2420.81597900391
endloop
endfacet
facet normal 0.0 -1.0 0.0
outer loop
vertex 9735.85495727539 16711.4267333984 2420.81597900391
vertex 9738.84738586426 16711.4267333984 2420.81597900391
vertex 9737.35096557617 16711.4267333984 2420.81597900391
endloop
endfacet
facet normal 1.0 0.0 0.0
outer loop
vertex 9731.36627319336 16711.4267333984 2390.89235229492
vertex 9731.36627319336 16709.9303955078 2395.38070678711
vertex 9731.36627319336 16709.9303955078 2392.38869018555
endloop
endfacet
facet normal 1.0 0.0 0.0
outer loop
vertex 9731.36627319336 16709.9303955078 2395.38070678711
vertex 9731.36627319336 16711.4267333984 2390.89235229492
vertex 9731.36627319336 16712.9224121094 2395.38070678711
endloop
endfacet
facet normal 1.0 0.0 0.0
outer loop
vertex 9731.36627319336 16712.9224121094 2395.38070678711
vertex 9731.36627319336 16711.4267333984 2390.89235229492
vertex 9731.36627319336 16712.9224121094 2392.38869018555
endloop
endfacet
facet normal 1.0 0.0 0.0
outer loop
vertex 9731.36627319336 16712.9224121094 2395.38070678711
vertex 9731.36627319336 16712.9224121094 2392.38869018555
vertex 9731.36627319336 16714.4190795898 2393.88486328125
endloop
endfacet
facet normal 1.0 0.0 0.0
outer loop
vertex 9738.84738586426 16712.9224121094 2417.82346801758
vertex 9738.84738586426 16711.4267333984 2417.82346801758
vertex 9738.84738586426 16711.4267333984 2416.32713012695
endloop
endfacet
facet normal 1.0 0.0 0.0
outer loop
vertex 9738.84738586426 16711.4267333984 2417.82346801758
vertex 9738.84738586426 16712.9224121094 2417.82346801758
vertex 9738.84738586426 16711.4267333984 2420.81597900391
endloop
endfacet
facet normal 1.0 0.0 0.0
outer loop
vertex 9738.84738586426 16711.4267333984 2420.81597900391
vertex 9738.84738586426 16712.9224121094 2417.82346801758
vertex 9738.84738586426 16712.9224121094 2420.81597900391
endloop
endfacet
facet normal 1.0 0.0 0.0
outer loop
vertex 9738.84738586426 16712.9224121094 2420.81597900391
vertex 9738.84738586426 16712.9224121094 2417.82346801758
vertex 9738.84738586426 16714.4190795898 2419.31947631836
endloop
endfacet
facet normal 1.0 0.0 0.0
outer loop
vertex 9738.84738586426 16711.4267333984 2420.81597900391
vertex 9738.84738586426 16709.9303955078 2419.31947631836
vertex 9738.84738586426 16711.4267333984 2417.82346801758
endloop
endfacet
facet normal -0.577307860620258 0.577435076984522 -0.577307860620258
outer loop
vertex 9735.85495727539 16712.9224121094 2419.31947631836
vertex 9737.35096557617 16712.9224121094 2417.82346801758
vertex 9735.85495727539 16711.4267333984 2417.82346801758
endloop
endfacet
facet normal -3.06751434022054e-017 -0.707067840372106 0.707145719856612
outer loop
vertex 9729.87010009766 16708.4340576172 2411.83877563477
vertex 9726.87783630371 16709.9303955078 2413.33494873047
vertex 9726.87783630371 16708.4340576172 2411.83877563477
endloop
endfacet
facet normal -3.06751434022054e-017 -0.707067840372106 0.707145719856612
outer loop
vertex 9726.87783630371 16709.9303955078 2413.33494873047
vertex 9729.87010009766 16708.4340576172 2411.83877563477
vertex 9728.37409179687 16709.9303955078 2413.33494873047
endloop
endfacet
facet normal -3.06751434022054e-017 -0.707067840372106 0.707145719856612
outer loop
vertex 9728.37409179687 16709.9303955078 2413.33494873047
vertex 9729.87010009766 16708.4340576172 2411.83877563477
vertex 9729.87010009766 16709.9303955078 2413.33494873047
endloop
endfacet
facet normal 0.0 -1.0 0.0
outer loop
vertex 9729.87010009766 16708.4340576172 2411.83877563477
vertex 9726.87783630371 16708.4340576172 2410.34293212891
vertex 9729.87010009766 16708.4340576172 2410.34293212891
endloop
endfacet
facet normal 0.0 -1.0 0.0
outer loop
vertex 9726.87783630371 16708.4340576172 2410.34293212891
vertex 9729.87010009766 16708.4340576172 2411.83877563477
vertex 9726.87783630371 16708.4340576172 2411.83877563477
endloop
endfacet
facet normal 4.688656793557e-027 -0.70718464351934 -0.70702891027908
outer loop
vertex 9729.87010009766 16708.4340576172 2410.34293212891
vertex 9726.87783630371 16709.9303955078 2408.84626464844
vertex 9729.87010009766 16709.9303955078 2408.84626464844
endloop
endfacet
facet normal 4.688656793557e-027 -0.70718464351934 -0.70702891027908
outer loop
vertex 9726.87783630371 16709.9303955078 2408.84626464844
vertex 9729.87010009766 16708.4340576172 2410.34293212891
vertex 9726.87783630371 16708.4340576172 2410.34293212891
endloop
endfacet
facet normal 1.46202334323473e-017 0.707184643519225 -0.707028910279195
outer loop
vertex 9726.87783630371 16711.4267333984 2410.34293212891
vertex 9729.87010009766 16709.9303955078 2408.84626464844
vertex 9726.87783630371 16709.9303955078 2408.84626464844
endloop
endfacet
facet normal 1.46202334323473e-017 0.707184643519225 -0.707028910279195
outer loop
vertex 9729.87010009766 16709.9303955078 2408.84626464844
vertex 9726.87783630371 16711.4267333984 2410.34293212891
vertex 9729.87010009766 16711.4267333984 2410.34293212891
endloop
endfacet
facet normal 1.46202334323473e-017 0.707184643519225 -0.707028910279195
outer loop
vertex 9729.87010009766 16711.4267333984 2410.34293212891
vertex 9726.87783630371 16711.4267333984 2410.34293212891
vertex 9728.37409179687 16711.4267333984 2410.34293212891
endloop
endfacet
facet normal 0.0 1.0 0.0
outer loop
vertex 9726.87783630371 16711.4267333984 2411.83877563477
vertex 9728.37409179687 16711.4267333984 2410.34293212891
vertex 9726.87783630371 16711.4267333984 2410.34293212891
endloop
endfacet
facet normal 0.0 1.0 0.0
outer loop
vertex 9728.37409179687 16711.4267333984 2410.34293212891
vertex 9726.87783630371 16711.4267333984 2411.83877563477
vertex 9729.87010009766 16711.4267333984 2410.34293212891
endloop
endfacet
facet normal 0.0 1.0 0.0
outer loop
vertex 9729.87010009766 16711.4267333984 2410.34293212891
vertex 9726.87783630371 16711.4267333984 2411.83877563477
vertex 9729.87010009766 16711.4267333984 2411.83877563477
endloop
endfacet
facet normal -1.31415377542345e-017 0.707067840371991 0.707145719856727
outer loop
vertex 9728.37409179687 16709.9303955078 2413.33494873047
vertex 9726.87783630371 16711.4267333984 2411.83877563477
vertex 9726.87783630371 16709.9303955078 2413.33494873047
endloop
endfacet
facet normal -1.31415377542345e-017 0.707067840371991 0.707145719856727
outer loop
vertex 9726.87783630371 16711.4267333984 2411.83877563477
vertex 9728.37409179687 16709.9303955078 2413.33494873047
vertex 9729.87010009766 16711.4267333984 2411.83877563477
endloop
endfacet
facet normal -1.31415377542345e-017 0.707067840371991 0.707145719856727
outer loop
vertex 9729.87010009766 16711.4267333984 2411.83877563477
vertex 9728.37409179687 16709.9303955078 2413.33494873047
vertex 9729.87010009766 16709.9303955078 2413.33494873047
endloop
endfacet
facet normal 1.0 0.0 0.0
outer loop
vertex 9729.87010009766 16709.9303955078 2408.84626464844
vertex 9729.87010009766 16708.4340576172 2411.83877563477
vertex 9729.87010009766 16708.4340576172 2410.34293212891
endloop
endfacet
facet normal 1.0 0.0 0.0
outer loop
vertex 9729.87010009766 16708.4340576172 2411.83877563477
vertex 9729.87010009766 16709.9303955078 2408.84626464844
vertex 9729.87010009766 16709.9303955078 2413.33494873047
endloop
endfacet
facet normal 1.0 0.0 0.0
outer loop
vertex 9729.87010009766 16709.9303955078 2413.33494873047
vertex 9729.87010009766 16709.9303955078 2408.84626464844
vertex 9729.87010009766 16711.4267333984 2410.34293212891
endloop
endfacet
facet normal 1.0 0.0 0.0
outer loop
vertex 9729.87010009766 16709.9303955078 2413.33494873047
vertex 9729.87010009766 16711.4267333984 2410.34293212891
vertex 9729.87010009766 16711.4267333984 2411.83877563477
endloop
endfacet
facet normal -1.0 0.0 0.0
outer loop
vertex 9726.87783630371 16709.9303955078 2413.33494873047
vertex 9726.87783630371 16708.4340576172 2410.34293212891
vertex 9726.87783630371 16708.4340576172 2411.83877563477
endloop
endfacet
facet normal -1.0 0.0 0.0
outer loop
vertex 9726.87783630371 16708.4340576172 2410.34293212891
vertex 9726.87783630371 16709.9303955078 2413.33494873047
vertex 9726.87783630371 16709.9303955078 2408.84626464844
endloop
endfacet
facet normal -1.0 0.0 0.0
outer loop
vertex 9726.87783630371 16709.9303955078 2408.84626464844
vertex 9726.87783630371 16709.9303955078 2413.33494873047
vertex 9726.87783630371 16711.4267333984 2411.83877563477
endloop
endfacet
facet normal -1.0 0.0 0.0
outer loop
vertex 9726.87783630371 16709.9303955078 2408.84626464844
vertex 9726.87783630371 16711.4267333984 2411.83877563477
vertex 9726.87783630371 16711.4267333984 2410.34293212891
endloop
endfacet
facet normal 0.0 -1.0 0.0
outer loop
vertex 9729.37141235688 16738.3575195312 2428.29684448242
vertex 9723.88532531738 16738.3575195312 2426.8005065918
vertex 9729.87010009766 16738.3575195312 2426.8005065918
endloop
endfacet
facet normal 0.0 -1.0 0.0
outer loop
vertex 9723.88532531738 16738.3575195312 2426.8005065918
vertex 9729.37141235688 16738.3575195312 2428.29684448242
vertex 9723.88532531738 16738.3575195312 2428.29684448242
endloop
endfacet
facet normal -3.28926403723579e-018 0.707106781186548 0.707106781186547
outer loop
vertex 9710.41993225098 16738.3575195312 2428.29684448242
vertex 9717.90079772949 16739.8538574219 2426.8005065918
vertex 9710.41993225098 16739.8538574219 2426.8005065918
endloop
endfacet
facet normal -3.28926403723579e-018 0.707106781186548 0.707106781186547
outer loop
vertex 9717.90079772949 16739.8538574219 2426.8005065918
vertex 9710.41993225098 16738.3575195312 2428.29684448242
vertex 9723.88532531738 16739.8538574219 2426.8005065918
endloop
endfacet
facet normal -3.28926403723579e-018 0.707106781186548 0.707106781186547
outer loop
vertex 9723.88532531738 16739.8538574219 2426.8005065918
vertex 9710.41993225098 16738.3575195312 2428.29684448242
vertex 9729.87010009766 16739.8538574219 2426.8005065918
endloop
endfacet
facet normal -3.28926403723579e-018 0.707106781186548 0.707106781186547
outer loop
vertex 9729.87010009766 16739.8538574219 2426.8005065918
vertex 9710.41993225098 16738.3575195312 2428.29684448242
vertex 9737.35096557617 16739.8538574219 2426.8005065918
endloop
endfacet
facet normal -3.28926403723579e-018 0.707106781186548 0.707106781186547
outer loop
vertex 9737.35096557617 16739.8538574219 2426.8005065918
vertex 9710.41993225098 16738.3575195312 2428.29684448242
vertex 9737.35096557617 16738.3575195312 2428.29684448242
endloop
endfacet
facet normal -3.28926403723579e-018 0.707106781186548 0.707106781186547
outer loop
vertex 9737.35096557617 16738.3575195312 2428.29684448242
vertex 9710.41993225098 16738.3575195312 2428.29684448242
vertex 9710.71919323672 16738.3575195312 2428.29684448242
endloop
endfacet
facet normal -3.28926403723579e-018 0.707106781186548 0.707106781186547
outer loop
vertex 9737.35096557617 16738.3575195312 2428.29684448242
vertex 9710.71919323672 16738.3575195312 2428.29684448242
vertex 9716.77858551479 16738.3575195312 2428.29684448242
endloop
endfacet
facet normal -3.28926403723579e-018 0.707106781186548 0.707106781186547
outer loop
vertex 9737.35096557617 16738.3575195312 2428.29684448242
vertex 9716.77858551479 16738.3575195312 2428.29684448242
vertex 9718.3995129371 16738.3575195312 2428.29684448242
endloop
endfacet
facet normal -3.28926403723579e-018 0.707106781186548 0.707106781186547
outer loop
vertex 9737.35096557617 16738.3575195312 2428.29684448242
vertex 9718.3995129371 16738.3575195312 2428.29684448242
vertex 9723.88532531738 16738.3575195312 2428.29684448242
endloop
endfacet
facet normal -3.28926403723579e-018 0.707106781186548 0.707106781186547
outer loop
vertex 9737.35096557617 16738.3575195312 2428.29684448242
vertex 9723.88532531738 16738.3575195312 2428.29684448242
vertex 9729.37141235688 16738.3575195312 2428.29684448242
endloop
endfacet
facet normal -3.28926403723579e-018 0.707106781186548 0.707106781186547
outer loop
vertex 9737.35096557617 16738.3575195312 2428.29684448242
vertex 9729.37141235688 16738.3575195312 2428.29684448242
vertex 9730.9921887207 16738.3575195312 2428.29684448242
endloop
endfacet
facet normal -3.28926403723579e-018 0.707106781186548 0.707106781186547
outer loop
vertex 9737.35096557617 16738.3575195312 2428.29684448242
vertex 9730.9921887207 16738.3575195312 2428.29684448242
vertex 9737.05173755231 16738.3575195312 2428.29684448242
endloop
endfacet
facet normal 0.0 0.0 -1.0
outer loop
vertex 9723.88532531738 16739.8538574219 2426.8005065918
vertex 9717.90079772949 16738.3575195312 2426.8005065918
vertex 9717.90079772949 16739.8538574219 2426.8005065918
endloop
endfacet
facet normal 0.0 0.0 -1.0
outer loop
vertex 9717.90079772949 16738.3575195312 2426.8005065918
vertex 9723.88532531738 16739.8538574219 2426.8005065918
vertex 9723.88532531738 16738.3575195312 2426.8005065918
endloop
endfacet
facet normal 0.0 0.0 -1.0
outer loop
vertex 9723.88532531738 16738.3575195312 2426.8005065918
vertex 9723.88532531738 16739.8538574219 2426.8005065918
vertex 9729.87010009766 16739.8538574219 2426.8005065918
endloop
endfacet
facet normal 0.0 0.0 -1.0
outer loop
vertex 9723.88532531738 16738.3575195312 2426.8005065918
vertex 9729.87010009766 16739.8538574219 2426.8005065918
vertex 9729.87010009766 16738.3575195312 2426.8005065918
endloop
endfacet
facet normal -1.0 0.0 0.0
outer loop
vertex 9723.88532531738 16739.8538574219 2434.28153686523
vertex 9723.88532531738 16738.3575195312 2428.29684448242
vertex 9723.88532531738 16738.3575195312 2434.28153686523
endloop
endfacet
facet normal -1.0 0.0 0.0
outer loop
vertex 9723.88532531738 16738.3575195312 2428.29684448242
vertex 9723.88532531738 16739.8538574219 2434.28153686523
vertex 9723.88532531738 16738.3575195312 2426.8005065918
endloop
endfacet
facet normal -1.0 0.0 0.0
outer loop
vertex 9723.88532531738 16738.3575195312 2426.8005065918
vertex 9723.88532531738 16739.8538574219 2434.28153686523
vertex 9723.88532531738 16738.3575195312 2420.81597900391
endloop
endfacet
facet normal -1.0 0.0 0.0
outer loop
vertex 9723.88532531738 16738.3575195312 2420.81597900391
vertex 9723.88532531738 16739.8538574219 2434.28153686523
vertex 9723.88532531738 16739.8538574219 2420.81597900391
endloop
endfacet
facet normal -1.0 0.0 0.0
outer loop
vertex 9723.88532531738 16739.8538574219 2420.81597900391
vertex 9723.88532531738 16739.8538574219 2434.28153686523
vertex 9723.88532531738 16739.8538574219 2426.8005065918
endloop
endfacet
facet normal 0.17410322056317 0.696269081917596 -0.69634577198053
outer loop
vertex 9729.87010009766 16739.8538574219 2414.83128662109
vertex 9723.88532531738 16738.3575195312 2411.83877563477
vertex 9723.88532531738 16739.8538574219 2413.33494873047
endloop
endfacet
facet normal 0.348171579947504 0.348133235059872 -0.870390602869543
outer loop
vertex 9729.87010009766 16739.8538574219 2414.83128662109
vertex 9724.95409100769 16738.3575195312 2412.26630074563
vertex 9723.88532531738 16738.3575195312 2411.83877563477
endloop
endfacet
facet normal 0.348171579947504 0.348133235059872 -0.870390602869543
outer loop
vertex 9724.95409100769 16738.3575195312 2412.26630074563
vertex 9729.87010009766 16739.8538574219 2414.83128662109
vertex 9725.38166320801 16738.3575195312 2412.43733716082
endloop
endfacet
facet normal 0.348171579947504 0.348133235059872 -0.870390602869543
outer loop
vertex 9725.38166320801 16738.3575195312 2412.43733716082
vertex 9729.87010009766 16739.8538574219 2414.83128662109
vertex 9731.36627319336 16738.3575195312 2414.83128662109
endloop
endfacet
facet normal -0.242557624240201 -5.52382476774845e-017 0.970137000079344
outer loop
vertex 9729.87010009766 16738.3575195312 2414.83128662109
vertex 9723.88532531738 16739.8538574219 2413.33494873047
vertex 9723.88532531738 16738.3575195312 2413.33494873047
endloop
endfacet
facet normal -0.242557624240201 -5.52382476774845e-017 0.970137000079344
outer loop
vertex 9723.88532531738 16739.8538574219 2413.33494873047
vertex 9729.87010009766 16738.3575195312 2414.83128662109
vertex 9729.87010009766 16739.8538574219 2414.83128662109
endloop
endfacet
facet normal 0.0 -1.0 0.0
outer loop
vertex 9711.91610534668 16738.3575195312 2434.28153686523
vertex 9710.41993225098 16738.3575195312 2428.29684448242
vertex 9710.71919323672 16738.3575195312 2428.29684448242
endloop
endfacet
facet normal 0.0 -1.0 0.0
outer loop
vertex 9731.36627319336 16738.3575195312 2414.83128662109
vertex 9725.38166320801 16738.3575195312 2413.33494873047
vertex 9725.38166320801 16738.3575195312 2412.43733716082
endloop
endfacet
facet normal 0.0 -1.0 0.0
outer loop
vertex 9725.38166320801 16738.3575195312 2413.33494873047
vertex 9731.36627319336 16738.3575195312 2414.83128662109
vertex 9723.88532531738 16738.3575195312 2413.33494873047
endloop
endfacet
facet normal 0.0 -1.0 0.0
outer loop
vertex 9723.88532531738 16738.3575195312 2413.33494873047
vertex 9731.36627319336 16738.3575195312 2414.83128662109
vertex 9729.87010009766 16738.3575195312 2414.83128662109
endloop
endfacet
facet normal 0.0 -1.0 0.0
outer loop
vertex 9729.87010009766 16738.3575195312 2414.83128662109
vertex 9731.36627319336 16738.3575195312 2414.83128662109
vertex 9737.35096557617 16738.3575195312 2419.31947631836
endloop
endfacet
facet normal 0.0 -1.0 0.0
outer loop
vertex 9729.87010009766 16738.3575195312 2414.83128662109
vertex 9737.35096557617 16738.3575195312 2419.31947631836
vertex 9735.85495727539 16738.3575195312 2420.81597900391
endloop
endfacet
facet normal 0.0 -1.0 0.0
outer loop
vertex 9735.85495727539 16738.3575195312 2420.81597900391
vertex 9737.35096557617 16738.3575195312 2419.31947631836
vertex 9738.84738586426 16738.3575195312 2426.8005065918
endloop
endfacet
facet normal 0.0 -1.0 0.0
outer loop
vertex 9735.85495727539 16738.3575195312 2420.81597900391
vertex 9738.84738586426 16738.3575195312 2426.8005065918
vertex 9737.35096557617 16738.3575195312 2426.8005065918
endloop
endfacet
facet normal 0.0 -1.0 0.0
outer loop
vertex 9737.35096557617 16738.3575195312 2426.8005065918
vertex 9738.84738586426 16738.3575195312 2426.8005065918
vertex 9737.35096557617 16738.3575195312 2434.28153686523
endloop
endfacet
facet normal 0.0 -1.0 0.0
outer loop
vertex 9737.35096557617 16738.3575195312 2426.8005065918
vertex 9737.35096557617 16738.3575195312 2434.28153686523
vertex 9737.35096557617 16738.3575195312 2428.29684448242
endloop
endfacet
facet normal 0.0 -1.0 0.0
outer loop
vertex 9737.35096557617 16738.3575195312 2428.29684448242
vertex 9737.35096557617 16738.3575195312 2434.28153686523
vertex 9737.05173755231 16738.3575195312 2428.29684448242
endloop
endfacet
facet normal 0.0 -1.0 0.0
outer loop
vertex 9737.05173755231 16738.3575195312 2428.29684448242
vertex 9737.35096557617 16738.3575195312 2434.28153686523
vertex 9735.85495727539 16738.3575195312 2434.28153686523
endloop
endfacet
facet normal 0.0 -1.0 0.0
outer loop
vertex 9735.85495727539 16738.3575195312 2434.28153686523
vertex 9737.35096557617 16738.3575195312 2434.28153686523
vertex 9731.36627319336 16738.3575195312 2440.2658996582
endloop
endfacet
facet normal 0.0 -1.0 0.0
outer loop
vertex 9735.85495727539 16738.3575195312 2434.28153686523
vertex 9731.36627319336 16738.3575195312 2440.2658996582
vertex 9729.87010009766 16738.3575195312 2438.77005615234
endloop
endfacet
facet normal 0.0 -1.0 0.0
outer loop
vertex 9729.87010009766 16738.3575195312 2438.77005615234
vertex 9731.36627319336 16738.3575195312 2440.2658996582
vertex 9723.88532531738 16738.3575195312 2440.2658996582
endloop
endfacet
facet normal 0.0 -1.0 0.0
outer loop
vertex 9723.88532531738 16738.3575195312 2440.2658996582
vertex 9731.36627319336 16738.3575195312 2440.2658996582
vertex 9723.88532531738 16738.3575195312 2441.76240234375
endloop
endfacet
facet normal 0.0 -1.0 0.0
outer loop
vertex 9723.88532531738 16738.3575195312 2440.2658996582
vertex 9723.88532531738 16738.3575195312 2441.76240234375
vertex 9716.40445983887 16738.3575195312 2440.2658996582
endloop
endfacet
facet normal 0.0 -1.0 0.0
outer loop
vertex 9711.91610534668 16738.3575195312 2420.81597900391
vertex 9710.41993225098 16738.3575195312 2419.31947631836
vertex 9716.40445983887 16738.3575195312 2414.83128662109
endloop
endfacet
facet normal 0.0 -1.0 0.0
outer loop
vertex 9710.41993225098 16738.3575195312 2419.31947631836
vertex 9711.91610534668 16738.3575195312 2420.81597900391
vertex 9708.92367675781 16738.3575195312 2426.8005065918
endloop
endfacet
facet normal 0.0 -1.0 0.0
outer loop
vertex 9708.92367675781 16738.3575195312 2426.8005065918
vertex 9711.91610534668 16738.3575195312 2420.81597900391
vertex 9710.41993225098 16738.3575195312 2426.8005065918
endloop
endfacet
facet normal 0.0 -1.0 0.0
outer loop
vertex 9708.92367675781 16738.3575195312 2426.8005065918
vertex 9710.41993225098 16738.3575195312 2426.8005065918
vertex 9710.41993225098 16738.3575195312 2428.29684448242
endloop
endfacet
facet normal 0.0 -1.0 0.0
outer loop
vertex 9708.92367675781 16738.3575195312 2426.8005065918
vertex 9710.41993225098 16738.3575195312 2428.29684448242
vertex 9710.41993225098 16738.3575195312 2434.28153686523
endloop
endfacet
facet normal 0.0 -1.0 0.0
outer loop
vertex 9710.41993225098 16738.3575195312 2434.28153686523
vertex 9710.41993225098 16738.3575195312 2428.29684448242
vertex 9711.91610534668 16738.3575195312 2434.28153686523
endloop
endfacet
facet normal 0.0 -1.0 0.0
outer loop
vertex 9710.41993225098 16738.3575195312 2434.28153686523
vertex 9711.91610534668 16738.3575195312 2434.28153686523
vertex 9716.40445983887 16738.3575195312 2438.77005615234
endloop
endfacet
facet normal 0.0 -1.0 0.0
outer loop
vertex 9710.41993225098 16738.3575195312 2434.28153686523
vertex 9716.40445983887 16738.3575195312 2438.77005615234
vertex 9716.40445983887 16738.3575195312 2440.2658996582
endloop
endfacet
facet normal 0.0 -1.0 0.0
outer loop
vertex 9716.40445983887 16738.3575195312 2440.2658996582
vertex 9716.40445983887 16738.3575195312 2438.77005615234
vertex 9723.88532531738 16738.3575195312 2440.2658996582
endloop
endfacet
facet normal 0.57736616423015 0.577302577648235 -0.57738206262653
outer loop
vertex 9735.85495727539 16739.8538574219 2420.81597900391
vertex 9731.36627319336 16738.3575195312 2414.83128662109
vertex 9729.87010009766 16739.8538574219 2414.83128662109
endloop
endfacet
facet normal 0.348734954050703 0.81372343768732 -0.465014084498077
outer loop
vertex 9735.85495727539 16739.8538574219 2420.81597900391
vertex 9737.35096557617 16738.3575195312 2419.31947631836
vertex 9731.36627319336 16738.3575195312 2414.83128662109
endloop
endfacet
facet normal -0.70709704578188 -7.49906302789835e-026 0.70711651645718
outer loop
vertex 9735.85495727539 16738.3575195312 2420.81597900391
vertex 9729.87010009766 16739.8538574219 2414.83128662109
vertex 9729.87010009766 16738.3575195312 2414.83128662109
endloop
endfacet
facet normal -0.70709704578188 -7.49906302789835e-026 0.70711651645718
outer loop
vertex 9729.87010009766 16739.8538574219 2414.83128662109
vertex 9735.85495727539 16738.3575195312 2420.81597900391
vertex 9735.85495727539 16739.8538574219 2420.81597900391
endloop
endfacet
facet normal 0.700008477885843 0.714129235351157 -0.00275065532495379
outer loop
vertex 9737.35096557617 16739.8538574219 2426.8005065918
vertex 9737.35096557617 16738.3575195312 2419.31947631836
vertex 9735.85495727539 16739.8538574219 2420.81597900391
endloop
endfacet
facet normal 0.707111649248955 0.707101913074522 -4.77222131962753e-006
outer loop
vertex 9738.84738586426 16738.3575195312 2426.8005065918
vertex 9737.35096557617 16738.3575195312 2419.31947631836
vertex 9737.35096557617 16739.8538574219 2426.8005065918
endloop
endfacet
facet normal -0.970147214334891 2.76158021622405e-017 0.242516767499179
outer loop
vertex 9737.35096557617 16739.8538574219 2426.8005065918
vertex 9735.85495727539 16738.3575195312 2420.81597900391
vertex 9737.35096557617 16738.3575195312 2426.8005065918
endloop
endfacet
facet normal -0.970147214334891 2.76158021622405e-017 0.242516767499179
outer loop
vertex 9735.85495727539 16738.3575195312 2420.81597900391
vertex 9737.35096557617 16739.8538574219 2426.8005065918
vertex 9735.85495727539 16739.8538574219 2420.81597900391
endloop
endfacet
facet normal 0.700008477885843 0.714129235351157 -0.00275065532495379
outer loop
vertex 9737.35096557617 16739.8538574219 2426.8005065918
vertex 9737.35096557617 16738.3575195312 2434.28153686523
vertex 9738.84738586426 16738.3575195312 2426.8005065918
endloop
endfacet
facet normal 0.700168315458029 0.700110482172162 0.140034434270032
outer loop
vertex 9737.35096557617 16738.3575195312 2434.28153686523
vertex 9737.35096557617 16739.8538574219 2426.8005065918
vertex 9735.85495727539 16739.8538574219 2434.28153686523
endloop
endfacet
facet normal -0.980585660152529 1.89183871709775e-014 -0.196091211183031
outer loop
vertex 9735.85495727539 16739.8538574219 2434.28153686523
vertex 9737.05173755231 16738.3575195312 2428.29684448242
vertex 9735.85495727539 16738.3575195312 2434.28153686523
endloop
endfacet
facet normal -0.980585660152529 1.89183871709775e-014 -0.196091211183031
outer loop
vertex 9737.05173755231 16738.3575195312 2428.29684448242
vertex 9735.85495727539 16739.8538574219 2434.28153686523
vertex 9737.35096557617 16738.3575195312 2426.8005065918
endloop
endfacet
facet normal -0.980585660152529 1.89183871709775e-014 -0.196091211183031
outer loop
vertex 9737.35096557617 16738.3575195312 2426.8005065918
vertex 9735.85495727539 16739.8538574219 2434.28153686523
vertex 9737.35096557617 16739.8538574219 2426.8005065918
endloop
endfacet
facet normal 0.514519084513615 0.514405754318875 0.686044336464416
outer loop
vertex 9737.35096557617 16738.3575195312 2434.28153686523
vertex 9735.85495727539 16739.8538574219 2434.28153686523
vertex 9729.87010009766 16739.8538574219 2438.77005615234
endloop
endfacet
facet normal 0.306848332957266 0.802916621618661 0.511046963878881
outer loop
vertex 9731.36627319336 16738.3575195312 2440.2658996582
vertex 9737.35096557617 16738.3575195312 2434.28153686523
vertex 9729.87010009766 16739.8538574219 2438.77005615234
endloop
endfacet
facet normal -0.599989426282181 -3.18148312127221e-026 -0.800007930179182
outer loop
vertex 9735.85495727539 16739.8538574219 2434.28153686523
vertex 9729.87010009766 16738.3575195312 2438.77005615234
vertex 9729.87010009766 16739.8538574219 2438.77005615234
endloop
endfacet
facet normal -0.599989426282181 -3.18148312127221e-026 -0.800007930179182
outer loop
vertex 9729.87010009766 16738.3575195312 2438.77005615234
vertex 9735.85495727539 16739.8538574219 2434.28153686523
vertex 9735.85495727539 16738.3575195312 2434.28153686523
endloop
endfacet
facet normal 0.306848332957266 0.802916621618661 0.511046963878881
outer loop
vertex 9731.36627319336 16738.3575195312 2440.2658996582
vertex 9729.87010009766 16739.8538574219 2438.77005615234
vertex 9723.88532531738 16739.8538574219 2440.2658996582
endloop
endfacet
facet normal 6.94510515637991e-006 0.707106779007647 0.707106783331341
outer loop
vertex 9723.88532531738 16738.3575195312 2441.76240234375
vertex 9731.36627319336 16738.3575195312 2440.2658996582
vertex 9723.88532531738 16739.8538574219 2440.2658996582
endloop
endfacet
facet normal -0.24248219684068 -2.76118655739378e-017 -0.970155855631103
outer loop
vertex 9729.87010009766 16739.8538574219 2438.77005615234
vertex 9723.88532531738 16738.3575195312 2440.2658996582
vertex 9723.88532531738 16739.8538574219 2440.2658996582
endloop
endfacet
facet normal -0.24248219684068 -2.76118655739378e-017 -0.970155855631103
outer loop
vertex 9723.88532531738 16738.3575195312 2440.2658996582
vertex 9729.87010009766 16739.8538574219 2438.77005615234
vertex 9729.87010009766 16738.3575195312 2438.77005615234
endloop
endfacet
facet normal 6.94510515637991e-006 0.707106779007647 0.707106783331341
outer loop
vertex 9723.88532531738 16738.3575195312 2441.76240234375
vertex 9716.40445983887 16739.8538574219 2438.77005615234
vertex 9716.40445983887 16738.3575195312 2440.2658996582
endloop
endfacet
facet normal -0.14003556820006 0.700100728903357 0.700177841000324
outer loop
vertex 9716.40445983887 16739.8538574219 2438.77005615234
vertex 9723.88532531738 16738.3575195312 2441.76240234375
vertex 9723.88532531738 16739.8538574219 2440.2658996582
endloop
endfacet
facet normal 0.196074594086709 0.0 -0.980588982986109
outer loop
vertex 9723.88532531738 16739.8538574219 2440.2658996582
vertex 9716.40445983887 16738.3575195312 2438.77005615234
vertex 9716.40445983887 16739.8538574219 2438.77005615234
endloop
endfacet
facet normal 0.196074594086709 0.0 -0.980588982986109
outer loop
vertex 9716.40445983887 16738.3575195312 2438.77005615234
vertex 9723.88532531738 16739.8538574219 2440.2658996582
vertex 9723.88532531738 16738.3575195312 2440.2658996582
endloop
endfacet
facet normal -0.577391387111152 0.577265479982718 0.577393931133834
outer loop
vertex 9716.40445983887 16738.3575195312 2440.2658996582
vertex 9711.91610534668 16739.8538574219 2434.28153686523
vertex 9710.41993225098 16738.3575195312 2434.28153686523
endloop
endfacet
facet normal -0.577391387111152 0.577265479982718 0.577393931133834
outer loop
vertex 9711.91610534668 16739.8538574219 2434.28153686523
vertex 9716.40445983887 16738.3575195312 2440.2658996582
vertex 9716.40445983887 16739.8538574219 2438.77005615234
endloop
endfacet
facet normal 0.707119761934626 0.0 -0.70709380020017
outer loop
vertex 9711.91610534668 16739.8538574219 2434.28153686523
vertex 9716.40445983887 16738.3575195312 2438.77005615234
vertex 9711.91610534668 16738.3575195312 2434.28153686523
endloop
endfacet
facet normal 0.707119761934626 0.0 -0.70709380020017
outer loop
vertex 9716.40445983887 16738.3575195312 2438.77005615234
vertex 9711.91610534668 16739.8538574219 2434.28153686523
vertex 9716.40445983887 16739.8538574219 2438.77005615234
endloop
endfacet
facet normal -0.700168315458029 0.700110482172162 0.140034434270032
outer loop
vertex 9711.91610534668 16739.8538574219 2434.28153686523
vertex 9708.92367675781 16738.3575195312 2426.8005065918
vertex 9710.41993225098 16738.3575195312 2434.28153686523
endloop
endfacet
facet normal -0.69933040631818 0.714704383173196 -0.0116029079057695
outer loop
vertex 9708.92367675781 16738.3575195312 2426.8005065918
vertex 9711.91610534668 16739.8538574219 2434.28153686523
vertex 9710.41993225098 16739.8538574219 2426.8005065918
endloop
endfacet
facet normal 0.980581506474998 2.32264363589389e-014 -0.196111981172041
outer loop
vertex 9710.41993225098 16739.8538574219 2426.8005065918
vertex 9710.71919323672 16738.3575195312 2428.29684448242
vertex 9710.41993225098 16738.3575195312 2426.8005065918
endloop
endfacet
facet normal 0.980581506474998 2.32264363589389e-014 -0.196111981172041
outer loop
vertex 9710.71919323672 16738.3575195312 2428.29684448242
vertex 9710.41993225098 16739.8538574219 2426.8005065918
vertex 9711.91610534668 16738.3575195312 2434.28153686523
endloop
endfacet
facet normal 0.980581506474998 2.32264363589389e-014 -0.196111981172041
outer loop
vertex 9711.91610534668 16738.3575195312 2434.28153686523
vertex 9710.41993225098 16739.8538574219 2426.8005065918
vertex 9711.91610534668 16739.8538574219 2434.28153686523
endloop
endfacet
facet normal -0.575025535008027 0.786074050056149 -0.22678893693709
outer loop
vertex 9711.91610534668 16739.8538574219 2420.81597900391
vertex 9708.92367675781 16738.3575195312 2426.8005065918
vertex 9710.41993225098 16739.8538574219 2426.8005065918
endloop
endfacet
facet normal -0.69933040631818 0.714704383173196 -0.0116029079057695
outer loop
vertex 9708.92367675781 16738.3575195312 2426.8005065918
vertex 9711.91610534668 16739.8538574219 2420.81597900391
vertex 9710.41993225098 16738.3575195312 2419.31947631836
endloop
endfacet
facet normal 0.970140928677534 2.76186652498937e-017 0.242541910820979
outer loop
vertex 9711.91610534668 16739.8538574219 2420.81597900391
vertex 9710.41993225098 16738.3575195312 2426.8005065918
vertex 9711.91610534668 16738.3575195312 2420.81597900391
endloop
endfacet
facet normal 0.970140928677534 2.76186652498937e-017 0.242541910820979
outer loop
vertex 9710.41993225098 16738.3575195312 2426.8005065918
vertex 9711.91610534668 16739.8538574219 2420.81597900391
vertex 9710.41993225098 16739.8538574219 2426.8005065918
endloop
endfacet
facet normal -0.575025535008027 0.786074050056149 -0.22678893693709
outer loop
vertex 9711.91610534668 16739.8538574219 2420.81597900391
vertex 9716.40445983887 16739.8538574219 2414.83128662109
vertex 9710.41993225098 16738.3575195312 2419.31947631836
endloop
endfacet
facet normal -0.599982375991706 0.0 -0.8000132177029
outer loop
vertex 9716.40445983887 16738.3575195312 2414.83128662109
vertex 9710.41993225098 16738.3575195312 2419.31947631836
vertex 9716.40445983887 16739.8538574219 2414.83128662109
endloop
endfacet
facet normal 0.800010573867287 -6.36292885913322e-026 0.599985901251467
outer loop
vertex 9716.40445983887 16739.8538574219 2414.83128662109
vertex 9711.91610534668 16738.3575195312 2420.81597900391
vertex 9716.40445983887 16738.3575195312 2414.83128662109
endloop
endfacet
facet normal 0.800010573867287 -6.36292885913322e-026 0.599985901251467
outer loop
vertex 9711.91610534668 16738.3575195312 2420.81597900391
vertex 9716.40445983887 16739.8538574219 2414.83128662109
vertex 9711.91610534668 16739.8538574219 2420.81597900391
endloop
endfacet
facet normal 0.196136905267972 0.0 0.980576521436192
outer loop
vertex 9723.88532531738 16739.8538574219 2413.33494873047
vertex 9716.40445983887 16739.8538574219 2414.83128662109
vertex 9716.40445983887 16738.3575195312 2414.83128662109
endloop
endfacet
facet normal -0.272193283178538 0.680370795383077 -0.680445734340577
outer loop
vertex 9723.88532531738 16739.8538574219 2413.33494873047
vertex 9722.3893170166 16738.3575195312 2412.43721191043
vertex 9716.40445983887 16738.3575195312 2414.83128662109
endloop
endfacet
facet normal -0.272193283178538 0.680370795383077 -0.680445734340577
outer loop
vertex 9722.3893170166 16738.3575195312 2412.43721191043
vertex 9723.88532531738 16739.8538574219 2413.33494873047
vertex 9722.81673114361 16738.3575195312 2412.26623684418
endloop
endfacet
facet normal -0.272193283178538 0.680370795383077 -0.680445734340577
outer loop
vertex 9722.81673114361 16738.3575195312 2412.26623684418
vertex 9723.88532531738 16739.8538574219 2413.33494873047
vertex 9723.88532531738 16738.3575195312 2411.83877563477
endloop
endfacet
facet normal 0.196136905267972 -2.79149846279287e-017 0.980576521436192
outer loop
vertex 9723.88532531738 16739.8538574219 2413.33494873047
vertex 9716.40445983887 16738.3575195312 2414.83128662109
vertex 9723.88532531738 16738.3575195312 2413.33494873047
endloop
endfacet
facet normal 0.229367860851853 0.688293075953494 -0.688217281098581
outer loop
vertex 9728.37409179687 16739.8538574219 2422.31198730469
vertex 9723.88532531738 16738.3575195312 2419.31947631836
vertex 9723.88532531738 16739.8538574219 2420.81597900391
endloop
endfacet
facet normal 0.408274519132474 0.408184590824364 -0.816515313292221
outer loop
vertex 9729.87010009766 16738.3575195312 2422.31198730469
vertex 9723.88532531738 16738.3575195312 2419.31947631836
vertex 9728.37409179687 16739.8538574219 2422.31198730469
endloop
endfacet
facet normal -0.316180746019817 -6.30115428570468e-017 0.948698970088169
outer loop
vertex 9728.37409179687 16738.3575195312 2422.31198730469
vertex 9723.88532531738 16739.8538574219 2420.81597900391
vertex 9723.88532531738 16738.3575195312 2420.81597900391
endloop
endfacet
facet normal -0.316180746019817 -6.30115428570468e-017 0.948698970088169
outer loop
vertex 9723.88532531738 16739.8538574219 2420.81597900391
vertex 9728.37409179687 16738.3575195312 2422.31198730469
vertex 9728.37409179687 16739.8538574219 2422.31198730469
endloop
endfacet
facet normal 0.0 -1.0 0.0
outer loop
vertex 9729.87010009766 16738.3575195312 2422.31198730469
vertex 9723.88532531738 16738.3575195312 2420.81597900391
vertex 9723.88532531738 16738.3575195312 2419.31947631836
endloop
endfacet
facet normal 0.0 -1.0 0.0
outer loop
vertex 9723.88532531738 16738.3575195312 2420.81597900391
vertex 9729.87010009766 16738.3575195312 2422.31198730469
vertex 9728.37409179687 16738.3575195312 2422.31198730469
endloop
endfacet
facet normal 0.0 -1.0 0.0
outer loop
vertex 9728.37409179687 16738.3575195312 2422.31198730469
vertex 9729.87010009766 16738.3575195312 2422.31198730469
vertex 9731.36627319336 16738.3575195312 2426.8005065918
endloop
endfacet
facet normal 0.0 -1.0 0.0
outer loop
vertex 9728.37409179687 16738.3575195312 2422.31198730469
vertex 9731.36627319336 16738.3575195312 2426.8005065918
vertex 9729.87010009766 16738.3575195312 2426.8005065918
endloop
endfacet
facet normal 0.688303055394671 0.688189348942876 -0.229421716356456
outer loop
vertex 9728.37409179687 16739.8538574219 2422.31198730469
vertex 9731.36627319336 16738.3575195312 2426.8005065918
vertex 9729.87010009766 16738.3575195312 2422.31198730469
endloop
endfacet
facet normal 0.688303055394671 0.688189348942876 -0.229421716356456
outer loop
vertex 9731.36627319336 16738.3575195312 2426.8005065918
vertex 9728.37409179687 16739.8538574219 2422.31198730469
vertex 9729.87010009766 16739.8538574219 2426.8005065918
endloop
endfacet
facet normal -0.948693746852405 0.0 0.316196417884747
outer loop
vertex 9729.87010009766 16739.8538574219 2426.8005065918
vertex 9728.37409179687 16738.3575195312 2422.31198730469
vertex 9729.87010009766 16738.3575195312 2426.8005065918
endloop
endfacet
facet normal -0.948693746852405 0.0 0.316196417884747
outer loop
vertex 9728.37409179687 16738.3575195312 2422.31198730469
vertex 9729.87010009766 16739.8538574219 2426.8005065918
vertex 9728.37409179687 16739.8538574219 2422.31198730469
endloop
endfacet
facet normal 0.631920147753676 0.756361985336418 0.169096049631338
outer loop
vertex 9728.37409179687 16739.8538574219 2431.28935546875
vertex 9731.36627319336 16738.3575195312 2426.8005065918
vertex 9729.87010009766 16739.8538574219 2426.8005065918
endloop
endfacet
facet normal 0.631920147753676 0.756361985336418 0.169096049631338
outer loop
vertex 9728.37409179687 16739.8538574219 2431.28935546875
vertex 9730.9921887207 16738.3575195312 2428.29684448242
vertex 9731.36627319336 16738.3575195312 2426.8005065918
endloop
endfacet
facet normal 0.617302423259951 0.771441070741784 0.154325605814984
outer loop
vertex 9730.9921887207 16738.3575195312 2428.29684448242
vertex 9728.37409179687 16739.8538574219 2431.28935546875
vertex 9729.87010009766 16738.3575195312 2432.78519897461
endloop
endfacet
facet normal -0.948700710994203 -1.56344590468212e-014 -0.316175522390796
outer loop
vertex 9728.37409179687 16739.8538574219 2431.28935546875
vertex 9729.37141235688 16738.3575195312 2428.29684448242
vertex 9728.37409179687 16738.3575195312 2431.28935546875
endloop
endfacet
facet normal -0.948700710994203 -1.56344590468212e-014 -0.316175522390796
outer loop
vertex 9729.37141235688 16738.3575195312 2428.29684448242
vertex 9728.37409179687 16739.8538574219 2431.28935546875
vertex 9729.87010009766 16738.3575195312 2426.8005065918
endloop
endfacet
facet normal -0.948700710994203 -1.56344590468212e-014 -0.316175522390796
outer loop
vertex 9729.87010009766 16738.3575195312 2426.8005065918
vertex 9728.37409179687 16739.8538574219 2431.28935546875
vertex 9729.87010009766 16739.8538574219 2426.8005065918
endloop
endfacet
facet normal 0.0 -1.0 0.0
outer loop
vertex 9730.9921887207 16738.3575195312 2428.29684448242
vertex 9729.87010009766 16738.3575195312 2426.8005065918
vertex 9731.36627319336 16738.3575195312 2426.8005065918
endloop
endfacet
facet normal 0.0 -1.0 0.0
outer loop
vertex 9729.87010009766 16738.3575195312 2426.8005065918
vertex 9730.9921887207 16738.3575195312 2428.29684448242
vertex 9729.37141235688 16738.3575195312 2428.29684448242
endloop
endfacet
facet normal 0.324481396926015 0.811024804275018 0.486775708000729
outer loop
vertex 9723.88532531738 16739.8538574219 2434.28153686523
vertex 9729.87010009766 16738.3575195312 2432.78519897461
vertex 9728.37409179687 16739.8538574219 2431.28935546875
endloop
endfacet
facet normal 0.242557624240275 0.0 0.970137000079326
outer loop
vertex 9729.87010009766 16738.3575195312 2432.78519897461
vertex 9723.88532531738 16739.8538574219 2434.28153686523
vertex 9723.88532531738 16738.3575195312 2434.28153686523
endloop
endfacet
facet normal -0.554657898440747 -1.57847447686272e-017 -0.832078491307938
outer loop
vertex 9728.37409179687 16739.8538574219 2431.28935546875
vertex 9723.88532531738 16738.3575195312 2434.28153686523
vertex 9723.88532531738 16739.8538574219 2434.28153686523
endloop
endfacet
facet normal -0.554657898440747 -1.57847447686272e-017 -0.832078491307938
outer loop
vertex 9723.88532531738 16738.3575195312 2434.28153686523
vertex 9728.37409179687 16739.8538574219 2431.28935546875
vertex 9728.37409179687 16738.3575195312 2431.28935546875
endloop
endfacet
facet normal 0.554686096406235 -2.59212763313581e-016 -0.832059694044611
outer loop
vertex 9723.88532531738 16738.3575195312 2434.28153686523
vertex 9719.39688842773 16739.8538574219 2431.28935546875
vertex 9723.88532531738 16739.8538574219 2434.28153686523
endloop
endfacet
facet normal -0.154348877583263 0.771429938659141 0.617310516457594
outer loop
vertex 9723.88532531738 16738.3575195312 2434.28153686523
vertex 9719.39688842773 16739.8538574219 2431.28935546875
vertex 9717.90079772949 16738.3575195312 2432.78519897461
endloop
endfacet
facet normal 0.554686096406236 4.73740356162959e-017 -0.832059694044611
outer loop
vertex 9723.88532531738 16738.3575195312 2434.28153686523
vertex 9719.39688842773 16738.3575195312 2431.28935546875
vertex 9719.39688842773 16739.8538574219 2431.28935546875
endloop
endfacet
facet normal 0.0 -1.0 0.0
outer loop
vertex 9718.3995129371 16738.3575195312 2428.29684448242
vertex 9716.40445983887 16738.3575195312 2426.8005065918
vertex 9717.90079772949 16738.3575195312 2426.8005065918
endloop
endfacet
facet normal 0.0 -1.0 0.0
outer loop
vertex 9716.40445983887 16738.3575195312 2426.8005065918
vertex 9718.3995129371 16738.3575195312 2428.29684448242
vertex 9716.77858551479 16738.3575195312 2428.29684448242
endloop
endfacet
facet normal -0.622363699359676 0.759352966923773 0.18985915132909
outer loop
vertex 9717.90079772949 16738.3575195312 2432.78519897461
vertex 9719.39688842773 16739.8538574219 2431.28935546875
vertex 9717.90079772949 16739.8538574219 2426.8005065918
endloop
endfacet
facet normal -0.696308299626463 0.696308299626497 0.174096248502257
outer loop
vertex 9716.77858551479 16738.3575195312 2428.29684448242
vertex 9717.90079772949 16739.8538574219 2426.8005065918
vertex 9716.40445983887 16738.3575195312 2426.8005065918
endloop
endfacet
facet normal -0.673394397940611 0.71720562471201 0.179321155203889
outer loop
vertex 9717.90079772949 16739.8538574219 2426.8005065918
vertex 9716.77858551479 16738.3575195312 2428.29684448242
vertex 9717.90079772949 16738.3575195312 2432.78519897461
endloop
endfacet
facet normal 0.948695487346034 -7.58549152077406e-015 -0.316191195780767
outer loop
vertex 9717.90079772949 16739.8538574219 2426.8005065918
vertex 9718.3995129371 16738.3575195312 2428.29684448242
vertex 9717.90079772949 16738.3575195312 2426.8005065918
endloop
endfacet
facet normal 0.948695487346034 -7.58549152077406e-015 -0.316191195780767
outer loop
vertex 9718.3995129371 16738.3575195312 2428.29684448242
vertex 9717.90079772949 16739.8538574219 2426.8005065918
vertex 9719.39688842773 16738.3575195312 2431.28935546875
endloop
endfacet
facet normal 0.948695487346034 -7.58549152077406e-015 -0.316191195780767
outer loop
vertex 9719.39688842773 16738.3575195312 2431.28935546875
vertex 9717.90079772949 16739.8538574219 2426.8005065918
vertex 9719.39688842773 16739.8538574219 2431.28935546875
endloop
endfacet
facet normal -0.688273132787407 0.688216282033147 -0.229430695042055
outer loop
vertex 9717.90079772949 16739.8538574219 2426.8005065918
vertex 9717.90079772949 16738.3575195312 2422.31198730469
vertex 9716.40445983887 16738.3575195312 2426.8005065918
endloop
endfacet
facet normal -0.688273132787407 0.688216282033147 -0.229430695042055
outer loop
vertex 9717.90079772949 16738.3575195312 2422.31198730469
vertex 9717.90079772949 16739.8538574219 2426.8005065918
vertex 9719.39688842773 16739.8538574219 2422.31198730469
endloop
endfacet
facet normal 0.948688522552171 0.0 0.316212092080267
outer loop
vertex 9719.39688842773 16739.8538574219 2422.31198730469
vertex 9717.90079772949 16738.3575195312 2426.8005065918
vertex 9719.39688842773 16738.3575195312 2422.31198730469
endloop
endfacet
facet normal 0.948688522552171 0.0 0.316212092080267
outer loop
vertex 9717.90079772949 16738.3575195312 2426.8005065918
vertex 9719.39688842773 16739.8538574219 2422.31198730469
vertex 9717.90079772949 16739.8538574219 2426.8005065918
endloop
endfacet
facet normal 0.0 -1.0 0.0
outer loop
vertex 9723.88532531738 16738.3575195312 2420.81597900391
vertex 9717.90079772949 16738.3575195312 2422.31198730469
vertex 9723.88532531738 16738.3575195312 2419.31947631836
endloop
endfacet
facet normal 0.0 -1.0 0.0
outer loop
vertex 9717.90079772949 16738.3575195312 2422.31198730469
vertex 9723.88532531738 16738.3575195312 2420.81597900391
vertex 9719.39688842773 16738.3575195312 2422.31198730469
endloop
endfacet
facet normal 0.0 -1.0 0.0
outer loop
vertex 9717.90079772949 16738.3575195312 2422.31198730469
vertex 9719.39688842773 16738.3575195312 2422.31198730469
vertex 9717.90079772949 16738.3575195312 2426.8005065918
endloop
endfacet
facet normal 0.0 -1.0 0.0
outer loop
vertex 9717.90079772949 16738.3575195312 2422.31198730469
vertex 9717.90079772949 16738.3575195312 2426.8005065918
vertex 9716.40445983887 16738.3575195312 2426.8005065918
endloop
endfacet
facet normal -0.301493227393861 0.301443421243999 -0.904562710719576
outer loop
vertex 9723.88532531738 16739.8538574219 2420.81597900391
vertex 9717.90079772949 16738.3575195312 2422.31198730469
vertex 9719.39688842773 16739.8538574219 2422.31198730469
endloop
endfacet
facet normal -0.333341493704623 0.666701334120923 -0.666627916949292
outer loop
vertex 9717.90079772949 16738.3575195312 2422.31198730469
vertex 9723.88532531738 16739.8538574219 2420.81597900391
vertex 9723.88532531738 16738.3575195312 2419.31947631836
endloop
endfacet
facet normal 0.316201642165787 -2.70072982339996e-017 0.948692005601217
outer loop
vertex 9723.88532531738 16738.3575195312 2420.81597900391
vertex 9719.39688842773 16739.8538574219 2422.31198730469
vertex 9719.39688842773 16738.3575195312 2422.31198730469
endloop
endfacet
facet normal 0.316201642165787 -2.70072982339996e-017 0.948692005601217
outer loop
vertex 9719.39688842773 16739.8538574219 2422.31198730469
vertex 9723.88532531738 16738.3575195312 2420.81597900391
vertex 9723.88532531738 16739.8538574219 2420.81597900391
endloop
endfacet
facet normal 0.0 1.0 0.0
outer loop
vertex 9728.37409179687 16736.8615112305 2395.38070678711
vertex 9729.87010009766 16736.8615112305 2393.88486328125
vertex 9728.37409179687 16736.8615112305 2393.88486328125
endloop
endfacet
facet normal 0.0 1.0 0.0
outer loop
vertex 9729.87010009766 16736.8615112305 2393.88486328125
vertex 9728.37409179687 16736.8615112305 2395.38070678711
vertex 9729.87010009766 16736.8615112305 2395.38070678711
endloop
endfacet
facet normal 0.0 1.0 0.0
outer loop
vertex 9717.90079772949 16736.8615112305 2395.38070678711
vertex 9719.39688842773 16736.8615112305 2393.88486328125
vertex 9717.90079772949 16736.8615112305 2393.88486328125
endloop
endfacet
facet normal 0.0 1.0 0.0
outer loop
vertex 9719.39688842773 16736.8615112305 2393.88486328125
vertex 9717.90079772949 16736.8615112305 2395.38070678711
vertex 9719.39688842773 16736.8615112305 2395.38070678711
endloop
endfacet
facet normal -0.000117407354923666 0.178917013323399 -0.983864161639679
outer loop
vertex 9728.37409179687 16736.8615112305 2393.88486328125
vertex 9728.37409179687 16720.4037719727 2390.89235229492
vertex 9726.87783630371 16720.4037719727 2390.89235229492
endloop
endfacet
facet normal -0.000117407354923666 0.178917013323399 -0.983864161639679
outer loop
vertex 9728.37409179687 16720.4037719727 2390.89235229492
vertex 9728.37409179687 16736.8615112305 2393.88486328125
vertex 9728.39902357408 16720.9546303928 2390.99188637081
endloop
endfacet
facet normal -0.000117407354923666 0.178917013323399 -0.983864161639679
outer loop
vertex 9728.39902357408 16720.9546303928 2390.99188637081
vertex 9728.37409179687 16736.8615112305 2393.88486328125
vertex 9729.87010009766 16736.8615112305 2393.88486328125
endloop
endfacet
facet normal 0.0 0.0 1.0
outer loop
vertex 9719.39688842773 16721.9001098633 2395.38070678711
vertex 9719.39688842773 16736.8615112305 2395.38070678711
vertex 9717.90079772949 16736.8615112305 2395.38070678711
endloop
endfacet
facet normal 0.0 0.0 1.0
outer loop
vertex 9719.39688842773 16736.8615112305 2395.38070678711
vertex 9719.39688842773 16721.9001098633 2395.38070678711
vertex 9720.89306152344 16721.9001098633 2395.38070678711
endloop
endfacet
facet normal -0.994606731979018 -0.0992724715504721 0.0300403910473687
outer loop
vertex 9719.39688842773 16721.151940918 2393.13652954102
vertex 9717.90079772949 16736.8615112305 2395.38070678711
vertex 9719.37174768042 16720.9592368648 2391.04298647878
endloop
endfacet
facet normal -0.995622979493757 -0.093322758070473 0.00507400533059705
outer loop
vertex 9717.90079772949 16736.8615112305 2395.38070678711
vertex 9719.39688842773 16721.151940918 2393.13652954102
vertex 9719.39688842773 16721.9001098633 2395.38070678711
endloop
endfacet
facet normal -0.995749194121542 -0.0921061474946135 3.95667729951422e-016
outer loop
vertex 9717.90079772949 16736.8615112305 2393.88486328125
vertex 9719.37174768042 16720.9592368648 2391.04298647878
vertex 9717.90079772949 16736.8615112305 2395.38070678711
endloop
endfacet
facet normal -0.994215241838538 0.10166943812904 -0.034632040749311
outer loop
vertex 9726.87783630371 16721.9001098633 2395.38070678711
vertex 9728.30664448209 16735.3716349028 2394.97606004102
vertex 9726.87783630371 16720.4037719727 2390.89235229492
endloop
endfacet
facet normal -0.994215241838538 0.10166943812904 -0.034632040749311
outer loop
vertex 9728.30664448209 16735.3716349028 2394.97606004102
vertex 9726.87783630371 16721.9001098633 2395.38070678711
vertex 9728.37409179687 16736.8615112305 2395.38070678711
endloop
endfacet
facet normal -0.996019060595995 0.0862622945532228 0.022468811002935
outer loop
vertex 9728.30664448209 16735.3716349028 2394.97606004102
vertex 9728.37409179687 16736.8615112305 2393.88486328125
vertex 9728.37409179687 16735.3655029297 2393.88486328125
endloop
endfacet
facet normal -0.996019060595995 0.0862622945532228 0.022468811002935
outer loop
vertex 9728.37409179687 16736.8615112305 2393.88486328125
vertex 9728.30664448209 16735.3716349028 2394.97606004102
vertex 9728.37409179687 16736.8615112305 2395.38070678711
endloop
endfacet
facet normal 0.0 0.0 1.0
outer loop
vertex 9728.37409179687 16721.9001098633 2395.38070678711
vertex 9728.37409179687 16736.8615112305 2395.38070678711
vertex 9726.87783630371 16721.9001098633 2395.38070678711
endloop
endfacet
facet normal 0.0 0.0 1.0
outer loop
vertex 9728.37409179687 16736.8615112305 2395.38070678711
vertex 9728.37409179687 16721.9001098633 2395.38070678711
vertex 9729.87010009766 16736.8615112305 2395.38070678711
endloop
endfacet
facet normal 0.995074424559328 0.0989990258905375 -0.00510709904416398
outer loop
vertex 9719.39688842773 16736.8615112305 2393.88486328125
vertex 9720.89306152344 16721.9001098633 2395.38070678711
vertex 9720.89306152344 16720.4037719727 2390.89235229492
endloop
endfacet
facet normal 0.995036973177812 0.0995058893188659 0.0
outer loop
vertex 9719.39688842773 16736.8615112305 2395.38070678711
vertex 9720.89306152344 16721.9001098633 2395.38070678711
vertex 9719.39688842773 16736.8615112305 2393.88486328125
endloop
endfacet
facet normal -0.00927308577025002 0.177285160239883 -0.984115837612126
outer loop
vertex 9719.39688842773 16736.8615112305 2393.88486328125
vertex 9719.37174768042 16720.9592368648 2391.04298647878
vertex 9717.90079772949 16736.8615112305 2393.88486328125
endloop
endfacet
facet normal -0.00927308577025002 0.177285160239883 -0.984115837612126
outer loop
vertex 9719.37174768042 16720.9592368648 2391.04298647878
vertex 9719.39688842773 16736.8615112305 2393.88486328125
vertex 9719.39688842773 16720.4037719727 2390.89235229492
endloop
endfacet
facet normal -0.00927308577025002 0.177285160239883 -0.984115837612126
outer loop
vertex 9719.39688842773 16720.4037719727 2390.89235229492
vertex 9719.39688842773 16736.8615112305 2393.88486328125
vertex 9720.89306152344 16720.4037719727 2390.89235229492
endloop
endfacet
facet normal 0.995623502011923 -0.0933162078887213 0.00509191386258952
outer loop
vertex 9729.87010009766 16736.8615112305 2395.38070678711
vertex 9728.37409179687 16721.151940918 2393.13652954102
vertex 9728.39902357408 16720.9546303928 2390.99188637081
endloop
endfacet
facet normal 0.994615899495006 -0.0992470292791415 0.0298201215793231
outer loop
vertex 9728.37409179687 16721.151940918 2393.13652954102
vertex 9729.87010009766 16736.8615112305 2395.38070678711
vertex 9728.37409179687 16721.9001098633 2395.38070678711
endloop
endfacet
facet normal 0.995623502011923 -0.0933162078887213 0.00509191386258952
outer loop
vertex 9729.87010009766 16736.8615112305 2395.38070678711
vertex 9728.39902357408 16720.9546303928 2390.99188637081
vertex 9729.87010009766 16736.8615112305 2393.88486328125
endloop
endfacet
facet normal 0.0 0.0 1.0
outer loop
vertex 9726.87783630371 16714.4190795898 2413.33494873047
vertex 9720.89306152344 16717.4114257812 2413.33494873047
vertex 9720.89306152344 16714.4190795898 2413.33494873047
endloop
endfacet
facet normal 0.0 0.0 1.0
outer loop
vertex 9720.89306152344 16717.4114257812 2413.33494873047
vertex 9726.87783630371 16714.4190795898 2413.33494873047
vertex 9726.87783630371 16717.4114257812 2413.33494873047
endloop
endfacet
facet normal 0.0 0.0 1.0
outer loop
vertex 9726.87783630371 16726.3884643555 2413.33494873047
vertex 9720.89306152344 16729.3808105469 2413.33494873047
vertex 9720.89306152344 16726.3884643555 2413.33494873047
endloop
endfacet
facet normal 0.0 0.0 1.0
outer loop
vertex 9720.89306152344 16729.3808105469 2413.33494873047
vertex 9726.87783630371 16726.3884643555 2413.33494873047
vertex 9726.87783630371 16729.3808105469 2413.33494873047
endloop
endfacet
facet normal 0.0 1.0 0.0
outer loop
vertex 9720.89306152344 16717.4114257812 2413.33494873047
vertex 9723.88532531738 16717.4114257812 2410.34293212891
vertex 9720.89306152344 16717.4114257812 2410.34293212891
endloop
endfacet
facet normal 0.0 1.0 0.0
outer loop
vertex 9723.88532531738 16717.4114257812 2410.34293212891
vertex 9720.89306152344 16717.4114257812 2413.33494873047
vertex 9726.87783630371 16717.4114257812 2410.34293212891
endloop
endfacet
facet normal 0.0 1.0 0.0
outer loop
vertex 9726.87783630371 16717.4114257812 2410.34293212891
vertex 9720.89306152344 16717.4114257812 2413.33494873047
vertex 9726.87783630371 16717.4114257812 2413.33494873047
endloop
endfacet
facet normal 0.0 0.0 -1.0
outer loop
vertex 9726.87783630371 16717.4114257812 2410.34293212891
vertex 9723.88532531738 16714.4190795898 2410.34293212891
vertex 9723.88532531738 16717.4114257812 2410.34293212891
endloop
endfacet
facet normal 0.0 0.0 -1.0
outer loop
vertex 9723.88532531738 16714.4190795898 2410.34293212891
vertex 9726.87783630371 16717.4114257812 2410.34293212891
vertex 9726.87783630371 16714.4190795898 2410.34293212891
endloop
endfacet
facet normal 0.0 1.0 0.0
outer loop
vertex 9720.89306152344 16729.3808105469 2413.33494873047
vertex 9723.88532531738 16729.3808105469 2410.34293212891
vertex 9720.89306152344 16729.3808105469 2410.34293212891
endloop
endfacet
facet normal 0.0 1.0 0.0
outer loop
vertex 9723.88532531738 16729.3808105469 2410.34293212891
vertex 9720.89306152344 16729.3808105469 2413.33494873047
vertex 9726.87783630371 16729.3808105469 2410.34293212891
endloop
endfacet
facet normal 0.0 1.0 0.0
outer loop
vertex 9726.87783630371 16729.3808105469 2410.34293212891
vertex 9720.89306152344 16729.3808105469 2413.33494873047
vertex 9726.87783630371 16729.3808105469 2413.33494873047
endloop
endfacet
facet normal 0.0 0.0 -1.0
outer loop
vertex 9726.87783630371 16729.3808105469 2410.34293212891
vertex 9723.88532531738 16726.3884643555 2410.34293212891
vertex 9723.88532531738 16729.3808105469 2410.34293212891
endloop
endfacet
facet normal 0.0 0.0 -1.0
outer loop
vertex 9723.88532531738 16726.3884643555 2410.34293212891
vertex 9726.87783630371 16729.3808105469 2410.34293212891
vertex 9726.87783630371 16726.3884643555 2410.34293212891
endloop
endfacet
facet normal 0.0 -1.0 0.0
outer loop
vertex 9726.87783630371 16726.3884643555 2413.33494873047
vertex 9723.88532531738 16726.3884643555 2410.34293212891
vertex 9726.87783630371 16726.3884643555 2410.34293212891
endloop
endfacet
facet normal 0.0 -1.0 0.0
outer loop
vertex 9723.88532531738 16726.3884643555 2410.34293212891
vertex 9726.87783630371 16726.3884643555 2413.33494873047
vertex 9720.89306152344 16726.3884643555 2410.34293212891
endloop
endfacet
facet normal 0.0 -1.0 0.0
outer loop
vertex 9720.89306152344 16726.3884643555 2410.34293212891
vertex 9726.87783630371 16726.3884643555 2413.33494873047
vertex 9720.89306152344 16726.3884643555 2413.33494873047
endloop
endfacet
facet normal 0.0 -1.0 0.0
outer loop
vertex 9726.87783630371 16714.4190795898 2413.33494873047
vertex 9723.88532531738 16714.4190795898 2410.34293212891
vertex 9726.87783630371 16714.4190795898 2410.34293212891
endloop
endfacet
facet normal 0.0 -1.0 0.0
outer loop
vertex 9723.88532531738 16714.4190795898 2410.34293212891
vertex 9726.87783630371 16714.4190795898 2413.33494873047
vertex 9720.89306152344 16714.4190795898 2410.34293212891
endloop
endfacet
facet normal 0.0 -1.0 0.0
outer loop
vertex 9720.89306152344 16714.4190795898 2410.34293212891
vertex 9726.87783630371 16714.4190795898 2413.33494873047
vertex 9720.89306152344 16714.4190795898 2413.33494873047
endloop
endfacet
facet normal 1.0 0.0 0.0
outer loop
vertex 9725.38166320801 16647.0911254883 2386.40366821289
vertex 9725.38166320801 16643.2437548584 2387.68622448793
vertex 9725.38166320801 16642.6024414062 2386.40366821289
endloop
endfacet
facet normal 1.0 0.0 0.0
outer loop
vertex 9725.38166320801 16643.2437548584 2387.68622448793
vertex 9725.38166320801 16647.0911254883 2386.40366821289
vertex 9725.38166320801 16644.1049130473 2387.83254160397
endloop
endfacet
facet normal 1.0 0.0 0.0
outer loop
vertex 9725.38166320801 16644.1049130473 2387.83254160397
vertex 9725.38166320801 16647.0911254883 2386.40366821289
vertex 9725.38166320801 16645.5951171875 2387.90000610352
endloop
endfacet
facet normal 1.0 0.0 0.0
outer loop
vertex 9725.38166320801 16645.5951171875 2387.90000610352
vertex 9725.38166320801 16647.0911254883 2386.40366821289
vertex 9725.38166320801 16645.5951171875 2389.39617919922
endloop
endfacet
facet normal -1.0 0.0 0.0
outer loop
vertex 9722.3893170166 16644.0987792969 2389.39617919922
vertex 9722.3893170166 16644.1049130473 2387.83254160397
vertex 9722.3893170166 16643.2437548584 2387.68622448793
endloop
endfacet
facet normal -1.0 0.0 0.0
outer loop
vertex 9722.3893170166 16644.1049130473 2387.83254160397
vertex 9722.3893170166 16644.0987792969 2389.39617919922
vertex 9722.3893170166 16645.5951171875 2389.39617919922
endloop
endfacet
facet normal -1.0 0.0 0.0
outer loop
vertex 9722.3893170166 16644.1049130473 2387.83254160397
vertex 9722.3893170166 16645.5951171875 2389.39617919922
vertex 9722.3893170166 16645.5951171875 2387.90000610352
endloop
endfacet
facet normal 1.0 0.0 0.0
outer loop
vertex 9725.38166320801 16631.7256621383 2386.6390203035
vertex 9725.38166320801 16644.0987792969 2389.39617919922
vertex 9725.38166320801 16631.2471927008 2390.4671447489
endloop
endfacet
facet normal 1.0 0.0 0.0
outer loop
vertex 9725.38166320801 16644.0987792969 2389.39617919922
vertex 9725.38166320801 16631.7256621383 2386.6390203035
vertex 9725.38166320801 16643.2437548584 2387.68622448793
endloop
endfacet
facet normal -0.0314998246740547 -0.998408078252153 -0.0467875018177652
outer loop
vertex 9843.57950256348 17063.0282348633 2227.80915527344
vertex 9833.10637329101 17066.0205810547 2200.87770996094
vertex 9846.57193115234 17064.5245727539 2206.86256713867
endloop
endfacet
facet normal 0.963890213978652 0.142339368816186 0.22506701109047
outer loop
vertex 9852.55662353515 17086.9666748047 2283.16772460938
vertex 9857.04514282226 17049.5628417969 2295.13694458008
vertex 9860.03757141113 17066.0205810547 2269.70200195313
endloop
endfacet
facet normal -0.0314998246740547 -0.998408078252153 -0.0467875018177652
outer loop
vertex 9843.57950256348 17063.0282348633 2227.80915527344
vertex 9833.10637329101 17066.0205810547 2226.31281738281
vertex 9833.10637329101 17066.0205810547 2200.87770996094
endloop
endfacet
facet normal 0.991184827061028 0.131623353270948 0.0150973997003577
outer loop
vertex 9855.54896972656 17092.9513671875 2266.70965576172
vertex 9860.03757141113 17066.0205810547 2269.70200195313
vertex 9858.54131591797 17063.0282348633 2238.28236694336
endloop
endfacet
facet normal 0.991184827061028 0.131623353270948 0.0150973997003577
outer loop
vertex 9855.54896972656 17092.9513671875 2266.70965576172
vertex 9852.55662353515 17086.9666748047 2283.16772460938
vertex 9860.03757141113 17066.0205810547 2269.70200195313
endloop
endfacet
facet normal -5.61314061009621e-017 0.991130364509888 0.132893192250384
outer loop
vertex 9867.51835449219 17080.9819824219 2256.23627929688
vertex 9867.51835449219 17082.4779907227 2229.30516357422
vertex 9864.52609069824 17080.9819824219 2256.23627929688
endloop
endfacet
facet normal 0.932374029013069 0.224216166559972 -0.283559130826512
outer loop
vertex 9851.06045043945 17094.448034668 2247.25924072266
vertex 9855.54896972656 17092.9513671875 2266.70965576172
vertex 9858.54131591797 17063.0282348633 2238.28236694336
endloop
endfacet
facet normal 0.932374029013069 0.224216166559972 -0.283559130826512
outer loop
vertex 9851.06045043945 17094.448034668 2247.25924072266
vertex 9858.54131591797 17063.0282348633 2238.28236694336
vertex 9849.56435974121 17074.9976196289 2224.81680908203
endloop
endfacet
facet normal -0.828709410158245 0.509306783802847 0.232050239145694
outer loop
vertex 9860.03757141113 17066.0205810547 2269.70200195313
vertex 9857.04514282226 17049.5628417969 2295.13694458008
vertex 9864.52609069824 17033.1044433594 2357.97637939453
endloop
endfacet
facet normal 0.989880394306357 0.135823855466216 0.0410936157350991
outer loop
vertex 9860.03757141113 17066.0205810547 2269.70200195313
vertex 9864.52609069824 17055.5472045898 2335.53378295898
vertex 9858.54131591797 17063.0282348633 2238.28236694336
endloop
endfacet
facet normal 0.959443292790996 -0.279427758453449 -0.037265207956653
outer loop
vertex 9864.52609069824 17074.9976196289 2302.61781005859
vertex 9855.54896972656 17055.5472045898 2217.33577880859
vertex 9858.54131591797 17063.0282348633 2238.28236694336
endloop
endfacet
facet normal 0.99696649812493 0.0641203871399783 0.0441177693172805
outer loop
vertex 9867.51835449219 17055.5472045898 2332.5416015625
vertex 9867.51835449219 17028.6160888672 2354.98403320312
vertex 9870.51070068359 17001.6849731445 2343.01481323242
endloop
endfacet
facet normal 0.999999999975944 1.81384001700483e-007 -6.93395171922503e-006
outer loop
vertex 9870.51034081359 16979.9856159709 2346.5657035867
vertex 9870.51070068359 16899.9448730469 2363.96107177734
vertex 9870.51070068359 16899.9448730469 2359.47271728516
endloop
endfacet
facet normal 0.999999999975944 1.81384001700483e-007 -6.93395171922503e-006
outer loop
vertex 9870.51070068359 16899.9448730469 2363.96107177734
vertex 9870.51034081359 16979.9856159709 2346.5657035867
vertex 9870.51070068359 16962.7841430664 2366.95341796875
endloop
endfacet
facet normal 0.999564745628244 0.0154639686397191 0.0251233948950806
outer loop
vertex 9870.51070068359 16962.7841430664 2366.95341796875
vertex 9870.51034081359 16979.9856159709 2346.5657035867
vertex 9870.51070068359 17001.6849731445 2343.01481323242
endloop
endfacet
facet normal 0.480771414273176 0.733283685977145 0.480784653558683
outer loop
vertex 9867.51835449219 17055.5472045898 2332.5416015625
vertex 9864.52609069824 17055.5472045898 2335.53378295898
vertex 9864.52609069824 17033.1044433594 2357.97637939453
endloop
endfacet
facet normal 0.865581578299462 0.320582434777037 0.384701746579139
outer loop
vertex 9867.51835449219 17055.5472045898 2332.5416015625
vertex 9864.52609069824 17033.1044433594 2357.97637939453
vertex 9867.51835449219 17028.6160888672 2354.98403320312
endloop
endfacet
facet normal 0.707116516725325 5.49304227124002e-018 0.707097045513728
outer loop
vertex 9864.52609069824 17033.1044433594 2357.97637939453
vertex 9864.52609069824 17004.6773193359 2357.97637939453
vertex 9867.51835449219 17028.6160888672 2354.98403320312
endloop
endfacet
facet normal -0.935006252685079 0.133571621233523 0.328514732456332
outer loop
vertex 9849.56435974121 17036.0971191406 2302.61781005859
vertex 9860.03757141113 16973.2575195312 2357.97637939453
vertex 9864.52609069824 17004.6773193359 2357.97637939453
endloop
endfacet
facet normal 0.998364817450733 0.0557293439769276 0.0127252307038421
outer loop
vertex 9867.51835449219 17072.0049438477 2302.61781005859
vertex 9870.51070068359 17022.6310668945 2305.61032104492
vertex 9869.01452758789 17043.5774902344 2269.70200195313
endloop
endfacet
facet normal 0.546329508925965 0.642966480911973 0.53676640366214
outer loop
vertex 9864.52609069824 17055.5472045898 2335.53378295898
vertex 9867.51835449219 17055.5472045898 2332.5416015625
vertex 9867.51835449219 17072.0049438477 2302.61781005859
endloop
endfacet
facet normal 0.442523182977159 0.885314532272575 0.142798499553591
outer loop
vertex 9867.51835449219 17076.4936279297 2277.18303222656
vertex 9864.52609069824 17080.9819824219 2256.23627929688
vertex 9864.52609069824 17077.9893066406 2277.18303222656
endloop
endfacet
facet normal -0.598283432217238 0.616635667845867 0.511680943435109
outer loop
vertex 9864.52609069824 17004.6773193359 2357.97637939453
vertex 9857.04514282226 17049.5628417969 2295.13694458008
vertex 9849.56435974121 17036.0971191406 2302.61781005859
endloop
endfacet
facet normal -0.992988157745594 7.16448717162452e-017 0.118213867955545
outer loop
vertex 9857.04514282226 17049.5628417969 2295.13694458008
vertex 9864.52609069824 17004.6773193359 2357.97637939453
vertex 9864.52609069824 17033.1044433594 2357.97637939453
endloop
endfacet
facet normal -0.993490050298645 0.0805525439220611 0.0805531354155725
outer loop
vertex 9860.03757141113 17066.0205810547 2269.70200195313
vertex 9864.52609069824 17033.1044433594 2357.97637939453
vertex 9864.52609069824 17055.5472045898 2335.53378295898
endloop
endfacet
facet normal 0.892571782643129 0.265840499292887 -0.364203846444509
outer loop
vertex 9845.07575805664 17100.4323974609 2235.28985595703
vertex 9851.06045043945 17094.448034668 2247.25924072266
vertex 9849.56435974121 17074.9976196289 2224.81680908203
endloop
endfacet
facet normal -0.990467770702376 0.11858793754062 0.0700749332481102
outer loop
vertex 9864.52609069824 17074.9976196289 2302.61781005859
vertex 9858.54131591797 17063.0282348633 2238.28236694336
vertex 9864.52609069824 17055.5472045898 2335.53378295898
endloop
endfacet
facet normal 0.690950578039699 0.690855458191361 0.212852142563357
outer loop
vertex 9864.52609069824 17074.9976196289 2302.61781005859
vertex 9864.52609069824 17055.5472045898 2335.53378295898
vertex 9867.51835449219 17072.0049438477 2302.61781005859
endloop
endfacet
facet normal -1.11923271948572e-016 0.9778046655451 0.209518581606107
outer loop
vertex 9867.51835449219 17076.4936279297 2277.18303222656
vertex 9867.51835449219 17080.9819824219 2256.23627929688
vertex 9864.52609069824 17080.9819824219 2256.23627929688
endloop
endfacet
facet normal 0.99786140298513 0.0616501332312052 0.0217228337267883
outer loop
vertex 9870.51070068359 17022.6310668945 2305.61032104492
vertex 9867.51835449219 17055.5472045898 2332.5416015625
vertex 9870.51070068359 17001.6849731445 2343.01481323242
endloop
endfacet
facet normal 0.99696649812493 0.0641203871399783 0.0441177693172805
outer loop
vertex 9867.51835449219 17055.5472045898 2332.5416015625
vertex 9870.51070068359 17022.6310668945 2305.61032104492
vertex 9867.51835449219 17072.0049438477 2302.61781005859
endloop
endfacet
facet normal 0.94620669552819 0.138512090163095 -0.292416296085348
outer loop
vertex 9849.56435974121 17145.317590332 2268.20582885742
vertex 9854.0527142334 17116.8904663086 2266.70965576172
vertex 9849.56435974121 17116.8904663086 2254.74043579102
endloop
endfacet
facet normal 0.949340583483226 0.147615402017258 0.27742052851044
outer loop
vertex 9846.57193115234 17145.317590332 2277.18303222656
vertex 9851.06045043945 17116.8904663086 2281.67138671875
vertex 9854.0527142334 17116.8904663086 2266.70965576172
endloop
endfacet
facet normal -0.886272199151088 0.164883732989954 0.432822069223823
outer loop
vertex 9867.51835449219 17028.6160888672 2354.98403320312
vertex 9864.52609069824 17004.6773193359 2357.97637939453
vertex 9867.51835449219 16997.1962890625 2366.95341796875
endloop
endfacet
facet normal -0.654609018641749 -0.00665664475652742 0.755938305547134
outer loop
vertex 9870.51070068359 16962.7841430664 2366.95341796875
vertex 9864.52609069824 17004.6773193359 2357.97637939453
vertex 9860.03757141113 16973.2575195312 2357.97637939453
endloop
endfacet
facet normal 0.924406653660073 0.13486205388808 -0.356769624674066
outer loop
vertex 9846.57193115234 17145.317590332 2257.7326171875
vertex 9849.56435974121 17116.8904663086 2254.74043579102
vertex 9840.58715637207 17124.371496582 2244.26705932617
endloop
endfacet
facet normal 0.527428874459212 0.369895621309334 -0.764850319816152
outer loop
vertex 9840.58715637207 17124.371496582 2244.26705932617
vertex 9833.10637329101 17128.8601806641 2241.27487792969
vertex 9837.59497497559 17145.317590332 2251.74792480469
endloop
endfacet
facet normal 0.94620669552819 0.138512090163095 -0.292416296085348
outer loop
vertex 9849.56435974121 17145.317590332 2268.20582885742
vertex 9849.56435974121 17116.8904663086 2254.74043579102
vertex 9846.57193115234 17145.317590332 2257.7326171875
endloop
endfacet
facet normal 0.51914509533914 0.352275934941236 -0.778710495400308
outer loop
vertex 9846.57193115234 17145.317590332 2257.7326171875
vertex 9840.58715637207 17124.371496582 2244.26705932617
vertex 9837.59497497559 17145.317590332 2251.74792480469
endloop
endfacet
facet normal 0.949340583483226 0.147615402017258 0.27742052851044
outer loop
vertex 9846.57193115234 17145.317590332 2277.18303222656
vertex 9854.0527142334 17116.8904663086 2266.70965576172
vertex 9849.56435974121 17145.317590332 2268.20582885742
endloop
endfacet
facet normal 0.56079711173932 0.125664079726761 0.818361251851078
outer loop
vertex 9851.06045043945 17116.8904663086 2281.67138671875
vertex 9846.57193115234 17145.317590332 2277.18303222656
vertex 9837.59497497559 17145.317590332 2284.66373291016
endloop
endfacet
facet normal 0.56079711173932 0.125664079726761 0.818361251851078
outer loop
vertex 9851.06045043945 17116.8904663086 2281.67138671875
vertex 9837.59497497559 17145.317590332 2284.66373291016
vertex 9842.08324707031 17116.8904663086 2287.65607910156
endloop
endfacet
facet normal -0.789365505820054 -0.0629131095127193 0.610691443261563
outer loop
vertex 9833.10637329101 17006.1736572266 2326.55674438477
vertex 9870.51070068359 16899.9448730469 2363.96107177734
vertex 9860.03757141113 16973.2575195312 2357.97637939453
endloop
endfacet
facet normal -0.0437805712350312 0.893549903622459 0.446824161520647
outer loop
vertex 9833.10637329101 17072.0049438477 2227.80915527344
vertex 9855.54896972656 17076.4936279297 2221.82446289063
vertex 9833.10637329101 17074.9976196289 2221.82446289063
endloop
endfacet
facet normal 0.998553880683884 0.0534497642995069 0.00576802110623092
outer loop
vertex 9869.01452758789 17043.5774902344 2269.70200195313
vertex 9869.03732734109 17086.2537942596 2198.45351759659
vertex 9869.01452758789 17089.9593505859 2200.87770996094
endloop
endfacet
facet normal 0.99999873393193 0.00130331838817387 0.000912959865724898
outer loop
vertex 9869.03732734109 17086.2537942596 2198.45351759659
vertex 9869.01452758789 17043.5774902344 2269.70200195313
vertex 9869.01452758789 17085.4706665039 2197.88552856445
endloop
endfacet
facet normal 0.999588647134516 0.0237700244889211 0.0160475062107467
outer loop
vertex 9869.01452758789 17089.9593505859 2200.87770996094
vertex 9867.51835449219 17082.4779907227 2229.30516357422
vertex 9869.01452758789 17043.5774902344 2269.70200195313
endloop
endfacet
facet normal 0.0587133242754397 0.450381532620885 0.890903597830085
outer loop
vertex 9855.54896972656 17076.4936279297 2221.82446289063
vertex 9833.10637329101 17072.0049438477 2227.80915527344
vertex 9845.07575805664 17066.0205810547 2227.80915527344
endloop
endfacet
facet normal -0.224399143727555 0.445936499985916 0.866478887379635
outer loop
vertex 9833.10637329101 17036.0971191406 2307.10649414062
vertex 9821.13690612793 17082.4779907227 2287.65607910156
vertex 9815.15229614258 17039.0897949219 2301.12180175781
endloop
endfacet
facet normal -0.0524023341801643 0.0997853616521554 0.993628138174649
outer loop
vertex 9833.10637329101 17116.8904663086 2289.15225219727
vertex 9827.1216809082 17145.317590332 2284.66373291016
vertex 9822.63316162109 17118.3864746094 2286.16007080078
endloop
endfacet
facet normal -0.249530351711288 0.454214009907571 -0.855233439932353
outer loop
vertex 9833.10637329101 17128.8601806641 2241.27487792969
vertex 9819.64065063476 17101.9287353516 2232.29750976562
vertex 9824.1293347168 17125.8675048828 2242.77072143555
endloop
endfacet
facet normal -0.304612617470359 0.554247125959566 -0.774610403134
outer loop
vertex 9833.10637329101 17103.4247436523 2227.80915527344
vertex 9819.64065063476 17101.9287353516 2232.29750976562
vertex 9833.10637329101 17128.8601806641 2241.27487792969
endloop
endfacet
facet normal 0.981691750088886 0.189028961217174 0.0234384220581444
outer loop
vertex 9803.18282897949 17073.5012817383 2302.61781005859
vertex 9807.67126586914 17058.5395507813 2235.28985595703
vertex 9807.11028226205 17060.8378694367 2240.25026629231
endloop
endfacet
facet normal 0.0297055104382204 0.151316589792727 0.988038902221519
outer loop
vertex 9837.59497497559 17145.317590332 2284.66373291016
vertex 9827.1216809082 17145.317590332 2284.66373291016
vertex 9833.10637329101 17116.8904663086 2289.15225219727
endloop
endfacet
facet normal 0.993871218362682 0.0589507111173937 0.0935137154059847
outer loop
vertex 9870.51070068359 17001.6849731445 2343.01481323242
vertex 9867.51835449219 16997.1962890625 2366.95341796875
vertex 9870.51070068359 16962.7841430664 2366.95341796875
endloop
endfacet
facet normal -0.999148963000105 0.0411221588332715 0.00321213148940489
outer loop
vertex 9801.68657348633 17080.9819824219 2256.23627929688
vertex 9800.19040039062 17043.5774902344 2269.70200195313
vertex 9801.68657348633 17076.4936279297 2277.18303222656
endloop
endfacet
facet normal 0.719349537793257 0.670006630677049 0.18337763583768
outer loop
vertex 9800.19040039062 17089.9593505859 2200.87770996094
vertex 9801.68657348633 17080.9819824219 2227.80915527344
vertex 9809.1675213623 17074.9976196289 2220.328125
endloop
endfacet
facet normal -0.999018208268753 0.0434829945696011 0.00847636306151217
outer loop
vertex 9801.68657348633 17076.4936279297 2277.18303222656
vertex 9800.19040039062 17043.5774902344 2269.70200195313
vertex 9801.68657348633 17072.0049438477 2302.61781005859
endloop
endfacet
facet normal -0.0171211599665186 0.814110175511154 0.58045799848964
outer loop
vertex 9809.1675213623 17074.9976196289 2220.328125
vertex 9833.10637329101 17089.9593505859 2200.87770996094
vertex 9800.19040039062 17089.9593505859 2200.87770996094
endloop
endfacet
facet normal -0.682410198638828 0.682481268636227 0.261793122053275
outer loop
vertex 9801.68657348633 17072.0049438477 2302.61781005859
vertex 9803.18282897949 17077.9893066406 2277.18303222656
vertex 9801.68657348633 17076.4936279297 2277.18303222656
endloop
endfacet
facet normal -0.704504179354126 0.704705165003243 0.0840505305772809
outer loop
vertex 9803.18282897949 17077.9893066406 2277.18303222656
vertex 9801.68657348633 17072.0049438477 2302.61781005859
vertex 9803.18282897949 17073.5012817383 2302.61781005859
endloop
endfacet
facet normal -0.395287465788117 0.208191334705064 0.894653110174291
outer loop
vertex 9833.10637329101 17079.4863037109 2293.64077148437
vertex 9821.13690612793 17082.4779907227 2287.65607910156
vertex 9833.10637329101 17036.0971191406 2307.10649414062
endloop
endfacet
facet normal -0.224399143727555 0.445936499985916 0.866478887379635
outer loop
vertex 9833.10637329101 17036.0971191406 2307.10649414062
vertex 9815.15229614258 17039.0897949219 2301.12180175781
vertex 9833.10637329101 17006.1736572266 2326.55674438477
endloop
endfacet
facet normal 0.0 0.474102492148891 -0.880469662701794
outer loop
vertex 9493.47417419433 16967.2728271484 2322.06822509766
vertex 9490.48191040039 16947.8224121094 2311.59484863281
vertex 9490.48191040039 16967.2728271484 2322.06822509766
endloop
endfacet
facet normal 0.0 0.474102492148891 -0.880469662701794
outer loop
vertex 9490.48191040039 16947.8224121094 2311.59484863281
vertex 9493.47417419433 16967.2728271484 2322.06822509766
vertex 9493.47417419433 16947.8224121094 2311.59484863281
endloop
endfacet
facet normal 0.701999661353974 -0.0651587411720225 -0.709190252265062
outer loop
vertex 9493.47417419433 16935.8533569336 2348.99934082031
vertex 9483.00104492187 16919.3952880859 2341.5184753418
vertex 9481.50478942871 16920.8916259766 2338.52596435547
endloop
endfacet
facet normal 0.0432314210479781 -0.427422605947776 0.903017696481627
outer loop
vertex 9496.4666027832 16916.4026123047 2340.02230224609
vertex 9483.00104492187 16919.3952880859 2341.5184753418
vertex 9480.00861633301 16917.8989501953 2341.5184753418
endloop
endfacet
facet normal -2.48762066186e-018 0.707126251325801 -0.70708731051117
outer loop
vertex 9465.04688537598 16947.8224121094 2305.61032104492
vertex 9474.02400634766 16944.830065918 2302.61781005859
vertex 9465.04688537598 16944.830065918 2302.61781005859
endloop
endfacet
facet normal -2.48762066186e-018 0.707126251325801 -0.70708731051117
outer loop
vertex 9474.02400634766 16944.830065918 2302.61781005859
vertex 9465.04688537598 16947.8224121094 2305.61032104492
vertex 9485.99339111328 16944.830065918 2302.61781005859
endloop
endfacet
facet normal -2.48762066186e-018 0.707126251325801 -0.70708731051117
outer loop
vertex 9485.99339111328 16944.830065918 2302.61781005859
vertex 9465.04688537598 16947.8224121094 2305.61032104492
vertex 9496.4666027832 16944.830065918 2302.61781005859
endloop
endfacet
facet normal -2.48762066186e-018 0.707126251325801 -0.70708731051117
outer loop
vertex 9496.4666027832 16944.830065918 2302.61781005859
vertex 9465.04688537598 16947.8224121094 2305.61032104492
vertex 9496.4666027832 16947.8224121094 2305.61032104492
endloop
endfacet
facet normal 0.701999661353974 -0.0651587411720225 -0.709190252265062
outer loop
vertex 9493.47417419433 16935.8533569336 2348.99934082031
vertex 9481.50478942871 16920.8916259766 2338.52596435547
vertex 9491.97808349609 16937.3490356445 2347.50333251953
endloop
endfacet
facet normal -0.859452152078018 0.50555353875194 0.07587896773055
outer loop
vertex 9491.97808349609 16937.3490356445 2347.50333251953
vertex 9481.50478942871 16920.8916259766 2338.52596435547
vertex 9480.00861633301 16917.8989501953 2341.5184753418
endloop
endfacet
facet normal -0.73685353152211 0.566827698090497 -0.368447056930603
outer loop
vertex 9491.97808349609 16937.3490356445 2347.50333251953
vertex 9480.00861633301 16917.8989501953 2341.5184753418
vertex 9490.48191040039 16937.3490356445 2350.49551391602
endloop
endfacet
facet normal 0.181641802648051 -0.499285196396712 0.847183892782354
outer loop
vertex 9490.48191040039 16937.3490356445 2350.49551391602
vertex 9480.00861633301 16917.8989501953 2341.5184753418
vertex 9483.00104492187 16919.3952880859 2341.5184753418
endloop
endfacet
facet normal 0.175775124085343 -0.497873603437918 0.849249657493322
outer loop
vertex 9493.47417419433 16935.8533569336 2348.99934082031
vertex 9490.48191040039 16937.3490356445 2350.49551391602
vertex 9483.00104492187 16919.3952880859 2341.5184753418
endloop
endfacet
facet normal 0.294168609033923 0.916373342368314 0.271522976662696
outer loop
vertex 9483.00104492187 16919.3952880859 2341.5184753418
vertex 9496.4666027832 16916.4026123047 2340.02230224609
vertex 9496.4666027832 16916.4026123047 2337.02995605469
endloop
endfacet
facet normal 0.294168609033923 0.916373342368314 0.271522976662696
outer loop
vertex 9483.00104492187 16919.3952880859 2341.5184753418
vertex 9496.4666027832 16916.4026123047 2337.02995605469
vertex 9481.50478942871 16920.8916259766 2338.52596435547
endloop
endfacet
facet normal -0.233810704433535 -0.467613683163112 -0.852449410704778
outer loop
vertex 9496.4666027832 16913.4105957031 2338.52596435547
vertex 9481.50478942871 16920.8916259766 2338.52596435547
vertex 9496.4666027832 16916.4026123047 2337.02995605469
endloop
endfacet
facet normal -0.233810704433535 -0.467613683163112 -0.852449410704778
outer loop
vertex 9496.4666027832 16913.4105957031 2338.52596435547
vertex 9480.00861633301 16917.8989501953 2341.5184753418
vertex 9481.50478942871 16920.8916259766 2338.52596435547
endloop
endfacet
facet normal 0.0432314210479781 -0.427422605947776 0.903017696481627
outer loop
vertex 9496.4666027832 16916.4026123047 2340.02230224609
vertex 9480.00861633301 16917.8989501953 2341.5184753418
vertex 9496.4666027832 16913.4105957031 2338.52596435547
endloop
endfacet
facet normal 0.0 -0.51532337839698 0.856995808436379
outer loop
vertex 9870.51070068359 16881.9907958984 2328.05291748047
vertex 9795.70196350097 16904.4335571289 2337.02995605469
vertex 9795.70196350097 16881.9907958984 2328.05291748047
endloop
endfacet
facet normal 0.0 -0.246247551832555 0.96920696614112
outer loop
vertex 9795.70196350097 16904.4335571289 2337.02995605469
vertex 9870.51070068359 16881.9907958984 2328.05291748047
vertex 9870.51070068359 16904.4335571289 2337.02995605469
endloop
endfacet
facet normal 0.142869787500711 -0.98974149343124 0.0
outer loop
vertex 9749.32051513672 16624.6483642578 2444.75491333008
vertex 9729.87010009766 16624.6483642578 2378.92313232422
vertex 9749.32051513672 16624.6483642578 2378.92313232422
endloop
endfacet
facet normal 0.0 -1.0 0.0
outer loop
vertex 9729.87010009766 16624.6483642578 2378.92313232422
vertex 9749.32051513672 16624.6483642578 2444.75491333008
vertex 9729.87010009766 16624.6483642578 2399.86922607422
endloop
endfacet
facet normal 0.0 -1.0 0.0
outer loop
vertex 9729.87010009766 16624.6483642578 2399.86922607422
vertex 9749.32051513672 16624.6483642578 2444.75491333008
vertex 9717.90079772949 16624.6483642578 2399.86922607422
endloop
endfacet
facet normal 0.0 -1.0 0.0
outer loop
vertex 9717.90079772949 16624.6483642578 2399.86922607422
vertex 9698.45046508789 16624.6483642578 2378.92313232422
vertex 9717.90079772949 16624.6483642578 2378.92313232422
endloop
endfacet
facet normal -0.160195832873333 -0.987085252209767 -1.05487261410258e-019
outer loop
vertex 9698.45046508789 16624.6483642578 2378.92313232422
vertex 9717.90079772949 16624.6483642578 2399.86922607422
vertex 9698.45046508789 16624.6483642578 2444.75491333008
endloop
endfacet
facet normal -0.142867662131004 -0.989741800227323 -9.40768442722357e-020
outer loop
vertex 9698.45046508789 16624.6483642578 2444.75491333008
vertex 9717.90079772949 16624.6483642578 2399.86922607422
vertex 9749.32051513672 16624.6483642578 2444.75491333008
endloop
endfacet
facet normal -1.0 0.0 0.0
outer loop
vertex 9729.87010009766 16626.1447021484 2399.86922607422
vertex 9729.87010009766 16624.6483642578 2378.92313232422
vertex 9729.87010009766 16624.6483642578 2399.86922607422
endloop
endfacet
facet normal -1.0 0.0 0.0
outer loop
vertex 9729.87010009766 16624.6483642578 2378.92313232422
vertex 9729.87010009766 16626.1447021484 2399.86922607422
vertex 9729.87010009766 16626.1447021484 2378.92313232422
endloop
endfacet
facet normal -0.142867662131053 1.12164582338942e-019 0.989741800227315
outer loop
vertex 9698.45046508789 16624.6483642578 2444.75491333008
vertex 9693.96186340332 16677.0142578125 2443.25857543945
vertex 9693.96186340332 16626.1447021484 2443.25857543945
endloop
endfacet
facet normal -0.464118875238719 1.55723039393694e-018 0.885772922168626
outer loop
vertex 9693.96186340332 16677.0142578125 2443.25857543945
vertex 9698.45046508789 16624.6483642578 2444.75491333008
vertex 9698.45046508789 16677.0142578125 2444.75491333008
endloop
endfacet
facet normal -1.54123501216655e-026 0.813723089413438 0.581252727955277
outer loop
vertex 9683.4886517334 16677.0142578125 2404.35791015625
vertex 9684.98490722656 16684.4952880859 2393.88486328125
vertex 9683.4886517334 16684.4952880859 2393.88486328125
endloop
endfacet
facet normal -1.54123501216655e-026 0.813723089413438 0.581252727955277
outer loop
vertex 9684.98490722656 16684.4952880859 2393.88486328125
vertex 9683.4886517334 16677.0142578125 2404.35791015625
vertex 9684.98490722656 16677.0142578125 2404.35791015625
endloop
endfacet
facet normal -0.363328059189404 0.00151307084057998 -0.931660041014045
outer loop
vertex 9755.30504272461 16630.6330566406 2440.2658996582
vertex 9747.82425964355 16677.0142578125 2443.25857543945
vertex 9753.80903442383 16677.0142578125 2441.76240234375
endloop
endfacet
facet normal -0.99286966126408 -0.00476493552606498 -0.119109744063127
outer loop
vertex 9762.78599060059 16677.0142578125 2426.8005065918
vertex 9762.78599060059 16639.6100952148 2378.92313232422
vertex 9762.78599060059 16639.6100952148 2428.29684448242
endloop
endfacet
facet normal -1.0 0.0 0.0
outer loop
vertex 9762.78599060059 16639.6100952148 2378.92313232422
vertex 9762.78599060059 16677.0142578125 2426.8005065918
vertex 9762.78599060059 16677.0142578125 2404.35791015625
endloop
endfacet
facet normal -1.0 0.0 0.0
outer loop
vertex 9762.78599060059 16639.6100952148 2378.92313232422
vertex 9762.78599060059 16677.0142578125 2404.35791015625
vertex 9762.78599060059 16684.4952880859 2378.92313232422
endloop
endfacet
facet normal -1.0 0.0 0.0
outer loop
vertex 9762.78599060059 16684.4952880859 2378.92313232422
vertex 9762.78599060059 16677.0142578125 2404.35791015625
vertex 9762.78599060059 16684.4952880859 2393.88486328125
endloop
endfacet
facet normal -1.54123501216655e-026 0.813723089413438 0.581252727955277
outer loop
vertex 9762.78599060059 16677.0142578125 2404.35791015625
vertex 9764.28224609375 16684.4952880859 2393.88486328125
vertex 9762.78599060059 16684.4952880859 2393.88486328125
endloop
endfacet
facet normal -1.54123501216655e-026 0.813723089413438 0.581252727955277
outer loop
vertex 9764.28224609375 16684.4952880859 2393.88486328125
vertex 9762.78599060059 16677.0142578125 2404.35791015625
vertex 9764.28224609375 16677.0142578125 2404.35791015625
endloop
endfacet
facet normal -0.779840010901689 0.0163982653786138 -0.625764056405788
outer loop
vertex 9758.29755371094 16677.0142578125 2437.27388305664
vertex 9755.30504272461 16630.6330566406 2440.2658996582
vertex 9753.80903442383 16677.0142578125 2441.76240234375
endloop
endfacet
facet normal -0.779840010901689 0.0163982653786138 -0.625764056405788
outer loop
vertex 9758.29755371094 16677.0142578125 2437.27388305664
vertex 9762.78599060059 16639.6100952148 2428.29684448242
vertex 9755.30504272461 16630.6330566406 2440.2658996582
endloop
endfacet
facet normal 0.0 -0.72337364629976 0.690456782021142
outer loop
vertex 9870.51070068359 16862.5407104492 2311.59484863281
vertex 9795.70196350097 16881.9907958984 2328.05291748047
vertex 9795.70196350097 16862.5407104492 2311.59484863281
endloop
endfacet
facet normal 0.0 -0.51532337839698 0.856995808436379
outer loop
vertex 9795.70196350097 16881.9907958984 2328.05291748047
vertex 9870.51070068359 16862.5407104492 2311.59484863281
vertex 9870.51070068359 16881.9907958984 2328.05291748047
endloop
endfacet
facet normal -0.908857114951489 0.0136719566816026 -0.416883463575316
outer loop
vertex 9761.28989990234 16677.0142578125 2432.78519897461
vertex 9762.78599060059 16639.6100952148 2428.29684448242
vertex 9758.29755371094 16677.0142578125 2437.27388305664
endloop
endfacet
facet normal 1.0 0.0 0.0
outer loop
vertex 9684.98490722656 16684.4952880859 2378.92313232422
vertex 9684.98490722656 16639.6100952148 2428.29684448242
vertex 9684.98490722656 16639.6100952148 2378.92313232422
endloop
endfacet
facet normal 0.952541583134072 0.0122377697300633 -0.30416240627742
outer loop
vertex 9684.98490722656 16639.6100952148 2428.29684448242
vertex 9684.98490722656 16684.4952880859 2378.92313232422
vertex 9684.98490722656 16677.0142578125 2404.35791015625
endloop
endfacet
facet normal 1.0 0.0 0.0
outer loop
vertex 9684.98490722656 16677.0142578125 2404.35791015625
vertex 9684.98490722656 16684.4952880859 2378.92313232422
vertex 9684.98490722656 16684.4952880859 2393.88486328125
endloop
endfacet
facet normal 0.992868907421977 -0.00476518650021881 -0.119116017698325
outer loop
vertex 9684.98490722656 16677.0142578125 2426.8005065918
vertex 9684.98490722656 16639.6100952148 2428.29684448242
vertex 9684.98490722656 16677.0142578125 2404.35791015625
endloop
endfacet
facet normal -0.99286966126408 -0.00476493552606498 -0.119109744063127
outer loop
vertex 9762.78599060059 16677.0142578125 2426.8005065918
vertex 9762.78599060059 16639.6100952148 2428.29684448242
vertex 9761.28989990234 16677.0142578125 2432.78519897461
endloop
endfacet
facet normal 0.707113271526825 3.34979013104461e-006 -0.707100290778762
outer loop
vertex 9693.96186340332 16677.0142578125 2441.76240234375
vertex 9692.46560791016 16630.6330566406 2440.2658996582
vertex 9689.47342651367 16677.0142578125 2437.27388305664
endloop
endfacet
facet normal 0.933095310857109 -0.254300510440255 0.254291940977887
outer loop
vertex 9762.78599060059 16635.1214111328 2434.28153686523
vertex 9759.79372680664 16677.0142578125 2438.77005615234
vertex 9759.79372680664 16630.6330566406 2438.77005615234
endloop
endfacet
facet normal 0.726458088644706 2.12366451089256e-018 0.687210772210885
outer loop
vertex 9759.79372680664 16677.0142578125 2438.77005615234
vertex 9762.78599060059 16635.1214111328 2434.28153686523
vertex 9762.78599060059 16677.0142578125 2434.28153686523
endloop
endfacet
facet normal 0.421788341223567 -0.906694322915872 1.24411802361143e-018
outer loop
vertex 9753.80903442383 16626.1447021484 2443.25857543945
vertex 9749.32051513672 16624.6483642578 2378.92313232422
vertex 9753.80903442383 16626.1447021484 2378.92313232422
endloop
endfacet
facet normal 0.160198551112387 -0.987084811058043 0.0
outer loop
vertex 9749.32051513672 16624.6483642578 2378.92313232422
vertex 9753.80903442383 16626.1447021484 2443.25857543945
vertex 9749.32051513672 16624.6483642578 2444.75491333008
endloop
endfacet
facet normal -0.726458088644703 2.84044573508749e-018 0.687210772210888
outer loop
vertex 9687.97717102051 16677.0142578125 2438.77005615234
vertex 9684.98490722656 16635.1214111328 2434.28153686523
vertex 9687.97717102051 16630.6330566406 2438.77005615234
endloop
endfacet
facet normal -0.933095310857109 -0.254300510440254 0.254291940977887
outer loop
vertex 9684.98490722656 16635.1214111328 2434.28153686523
vertex 9687.97717102051 16677.0142578125 2438.77005615234
vertex 9684.98490722656 16677.0142578125 2434.28153686523
endloop
endfacet
facet normal -0.991482366145835 -0.0920942930421204 0.0920942930421204
outer loop
vertex 9683.4886517334 16641.1061035156 2428.29684448242
vertex 9684.98490722656 16635.1214111328 2378.92313232422
vertex 9684.98490722656 16635.1214111328 2434.28153686523
endloop
endfacet
facet normal -0.914510817580624 -0.404561447159784 1.03433165608861e-018
outer loop
vertex 9684.98490722656 16635.1214111328 2378.92313232422
vertex 9683.4886517334 16641.1061035156 2428.29684448242
vertex 9683.4886517334 16641.1061035156 2378.92313232422
endloop
endfacet
facet normal -1.0 0.0 0.0
outer loop
vertex 9490.48191040039 16937.3490356445 2346.00715942383
vertex 9490.48191040039 16947.8224121094 2311.59484863281
vertex 9490.48191040039 16929.8683349609 2341.5184753418
endloop
endfacet
facet normal -1.0 0.0 0.0
outer loop
vertex 9490.48191040039 16947.8224121094 2311.59484863281
vertex 9490.48191040039 16937.3490356445 2346.00715942383
vertex 9490.48191040039 16949.31875 2353.48802490234
endloop
endfacet
facet normal -1.0 0.0 0.0
outer loop
vertex 9490.48191040039 16947.8224121094 2311.59484863281
vertex 9490.48191040039 16949.31875 2353.48802490234
vertex 9490.48191040039 16967.2728271484 2322.06822509766
endloop
endfacet
facet normal -4.96737574965367e-030 0.246251002704292 0.969206089367546
outer loop
vertex 9652.06893432617 16955.3037719727 2337.02995605469
vertex 9577.26011474609 16977.7458740234 2328.05291748047
vertex 9577.26011474609 16955.3037719727 2337.02995605469
endloop
endfacet
facet normal -4.9887712350113e-030 0.515324137931266 0.856995351717498
outer loop
vertex 9577.26011474609 16977.7458740234 2328.05291748047
vertex 9652.06893432617 16955.3037719727 2337.02995605469
vertex 9652.06893432617 16977.7458740234 2328.05291748047
endloop
endfacet
facet normal -0.00553807185390183 -0.524193393265594 0.851581244636614
outer loop
vertex 9491.54952366962 16936.9025787796 2345.84146117695
vertex 9490.48191040039 16937.3490356445 2346.00715942383
vertex 9490.48191040039 16929.8683349609 2341.5184753418
endloop
endfacet
facet normal -0.0103748941916735 -0.524318683306498 0.851458912635396
outer loop
vertex 9490.48191040039 16937.3490356445 2346.00715942383
vertex 9491.54952366962 16936.9025787796 2345.84146117695
vertex 9490.48191040039 16949.31875 2353.48802490234
endloop
endfacet
facet normal -0.0103748941916735 -0.524318683306498 0.851458912635396
outer loop
vertex 9490.48191040039 16949.31875 2353.48802490234
vertex 9491.54952366962 16936.9025787796 2345.84146117695
vertex 9493.47417419433 16949.31875 2353.48802490234
endloop
endfacet
facet normal 1.0 0.0 0.0
outer loop
vertex 9493.47417419433 16947.8224121094 2311.59484863281
vertex 9493.47417419433 16949.31875 2353.48802490234
vertex 9493.47417419433 16929.8683349609 2341.5184753418
endloop
endfacet
facet normal 1.0 0.0 0.0
outer loop
vertex 9493.47417419433 16949.31875 2353.48802490234
vertex 9493.47417419433 16947.8224121094 2311.59484863281
vertex 9493.47417419433 16967.2728271484 2322.06822509766
endloop
endfacet
facet normal 0.0 0.868244263079263 0.496136976680783
outer loop
vertex 9490.48191040039 16949.31875 2353.48802490234
vertex 9493.47417419433 16967.2728271484 2322.06822509766
vertex 9490.48191040039 16967.2728271484 2322.06822509766
endloop
endfacet
facet normal 0.0 0.868244263079263 0.496136976680783
outer loop
vertex 9493.47417419433 16967.2728271484 2322.06822509766
vertex 9490.48191040039 16949.31875 2353.48802490234
vertex 9493.47417419433 16949.31875 2353.48802490234
endloop
endfacet
facet normal 0.0 -0.72337364629976 0.690456782021142
outer loop
vertex 9870.51070068359 16862.5407104492 2311.59484863281
vertex 9795.70196350097 16847.5786499023 2292.14476318359
vertex 9870.51070068359 16847.5786499023 2292.14476318359
endloop
endfacet
facet normal 0.0 -0.792615001603 0.609722444423588
outer loop
vertex 9795.70196350097 16847.5786499023 2292.14476318359
vertex 9870.51070068359 16862.5407104492 2311.59484863281
vertex 9795.70196350097 16862.5407104492 2311.59484863281
endloop
endfacet
facet normal 5.87511169298362e-018 -0.894427190999901 -0.447213595499987
outer loop
vertex 9497.96285827637 16901.4412109375 2320.57205200195
vertex 9465.04688537598 16904.4335571289 2314.58735961914
vertex 9496.4666027832 16904.4335571289 2314.58735961914
endloop
endfacet
facet normal 2.93972047784454e-018 -0.876609707230753 -0.481202058587465
outer loop
vertex 9465.04688537598 16904.4335571289 2314.58735961914
vertex 9497.96285827637 16901.4412109375 2320.57205200195
vertex 9465.04688537598 16901.4412109375 2320.57205200195
endloop
endfacet
facet normal 0.0 0.84365887890051 0.536879591763679
outer loop
vertex 9465.04688537598 16928.3719970703 2343.01481323242
vertex 9496.4666027832 16949.31875 2310.09884033203
vertex 9465.04688537598 16949.31875 2310.09884033203
endloop
endfacet
facet normal 0.0 0.84365887890051 0.536879591763679
outer loop
vertex 9496.4666027832 16949.31875 2310.09884033203
vertex 9465.04688537598 16928.3719970703 2343.01481323242
vertex 9496.4666027832 16928.3719970703 2343.01481323242
endloop
endfacet
facet normal -2.15286854597913e-011 -0.447223447158915 0.894422265102618
outer loop
vertex 9496.4666027832 16904.4335571289 2331.04526367188
vertex 9465.04688537598 16928.3719970703 2343.01481323242
vertex 9465.04688537598 16904.4335571289 2331.04526367188
endloop
endfacet
facet normal -2.15286854597913e-011 -0.447223447158915 0.894422265102618
outer loop
vertex 9465.04688537598 16928.3719970703 2343.01481323242
vertex 9496.4666027832 16904.4335571289 2331.04526367188
vertex 9496.4666027832 16928.3719970703 2343.01481323242
endloop
endfacet
facet normal -2.15286854597913e-011 -0.447223447158915 0.894422265102618
outer loop
vertex 9496.4666027832 16928.3719970703 2343.01481323242
vertex 9496.4666027832 16904.4335571289 2331.04526367188
vertex 9496.4666027832 16916.4026123047 2337.02995605469
endloop
endfacet
facet normal 0.0 -0.393926280405978 -0.91914203777518
outer loop
vertex 9496.4666027832 16919.3952880859 2302.61781005859
vertex 9465.04688537598 16908.9219116211 2307.10649414062
vertex 9465.04688537598 16919.3952880859 2302.61781005859
endloop
endfacet
facet normal 0.0 -0.393926280405978 -0.91914203777518
outer loop
vertex 9465.04688537598 16908.9219116211 2307.10649414062
vertex 9496.4666027832 16919.3952880859 2302.61781005859
vertex 9496.4666027832 16908.9219116211 2307.10649414062
endloop
endfacet
facet normal -0.447201280951688 3.93450605339827e-018 0.894433348168084
outer loop
vertex 9855.54896972656 17012.1580200195 2211.35108642578
vertex 9843.57950256348 17031.6084350586 2205.36655883789
vertex 9843.57950256348 17007.6699951172 2205.36655883789
endloop
endfacet
facet normal -0.447201280951688 3.93450605339827e-018 0.894433348168084
outer loop
vertex 9843.57950256348 17031.6084350586 2205.36655883789
vertex 9855.54896972656 17012.1580200195 2211.35108642578
vertex 9855.54896972656 17031.6084350586 2211.35108642578
endloop
endfacet
facet normal 0.447203743813869 7.86910961436077e-018 0.894432116775141
outer loop
vertex 9822.63316162109 17007.6699951172 2205.36655883789
vertex 9810.66377685547 17031.6084350586 2211.35108642578
vertex 9810.66377685547 17012.1580200195 2211.35108642578
endloop
endfacet
facet normal 0.447203743813869 7.86910961436077e-018 0.894432116775141
outer loop
vertex 9810.66377685547 17031.6084350586 2211.35108642578
vertex 9822.63316162109 17007.6699951172 2205.36655883789
vertex 9822.63316162109 17031.6084350586 2205.36655883789
endloop
endfacet
facet normal 0.0 0.0 1.0
outer loop
vertex 9843.57950256348 17007.6699951172 2205.36655883789
vertex 9822.63316162109 17031.6084350586 2205.36655883789
vertex 9822.63316162109 17007.6699951172 2205.36655883789
endloop
endfacet
facet normal 0.0 0.0 1.0
outer loop
vertex 9822.63316162109 17031.6084350586 2205.36655883789
vertex 9843.57950256348 17007.6699951172 2205.36655883789
vertex 9843.57950256348 17031.6084350586 2205.36655883789
endloop
endfacet
facet normal 0.910366321374984 0.0 0.413803287693778
outer loop
vertex 9810.66377685547 17031.6084350586 2211.35108642578
vertex 9803.18282897949 17018.1430419922 2227.80915527344
vertex 9810.66377685547 17012.1580200195 2211.35108642578
endloop
endfacet
facet normal 0.910366321374984 0.0 0.413803287693778
outer loop
vertex 9803.18282897949 17018.1430419922 2227.80915527344
vertex 9810.66377685547 17031.6084350586 2211.35108642578
vertex 9803.18282897949 17031.6084350586 2227.80915527344
endloop
endfacet
facet normal -6.62663471686508e-031 0.999993438024601 -0.00362269343690999
outer loop
vertex 9577.26011474609 17025.6234130859 2244.26705932617
vertex 9652.06893432617 17022.6310668945 2220.328125
vertex 9577.26011474609 17022.6310668945 2220.328125
endloop
endfacet
facet normal -6.64722164665401e-031 0.964201894112823 -0.265169205205365
outer loop
vertex 9652.06893432617 17022.6310668945 2220.328125
vertex 9577.26011474609 17025.6234130859 2244.26705932617
vertex 9652.06893432617 17025.6234130859 2244.26705932617
endloop
endfacet
facet normal 0.0 1.0 0.0
outer loop
vertex 9803.18282897949 17031.6084350586 2204.2783752039
vertex 9810.66377685547 17031.6084350586 2211.35108642578
vertex 9822.63316162109 17031.6084350586 2205.36655883789
endloop
endfacet
facet normal 0.0 1.0 0.0
outer loop
vertex 9810.66377685547 17031.6084350586 2211.35108642578
vertex 9803.18282897949 17031.6084350586 2204.2783752039
vertex 9803.18282897949 17031.6084350586 2227.80915527344
endloop
endfacet
facet normal 0.0 1.0 0.0
outer loop
vertex 9803.18282897949 17031.6084350586 2204.2783752039
vertex 9863.02991760254 17031.6084350586 2197.88552856445
vertex 9803.18282897949 17031.6084350586 2197.88552856445
endloop
endfacet
facet normal 0.0 1.0 0.0
outer loop
vertex 9863.02991760254 17031.6084350586 2197.88552856445
vertex 9803.18282897949 17031.6084350586 2204.2783752039
vertex 9843.57950256348 17031.6084350586 2205.36655883789
endloop
endfacet
facet normal 0.0 1.0 0.0
outer loop
vertex 9863.02991760254 17031.6084350586 2197.88552856445
vertex 9843.57950256348 17031.6084350586 2205.36655883789
vertex 9855.54896972656 17031.6084350586 2211.35108642578
endloop
endfacet
facet normal 0.0 1.0 0.0
outer loop
vertex 9863.02991760254 17031.6084350586 2197.88552856445
vertex 9855.54896972656 17031.6084350586 2211.35108642578
vertex 9863.02991760254 17031.6084350586 2227.80915527344
endloop
endfacet
facet normal 0.0 1.0 0.0
outer loop
vertex 9843.57950256348 17031.6084350586 2205.36655883789
vertex 9803.18282897949 17031.6084350586 2204.2783752039
vertex 9822.63316162109 17031.6084350586 2205.36655883789
endloop
endfacet
facet normal -0.496122754472 4.98843627106394e-018 0.868252389858568
outer loop
vertex 9637.1072857666 17012.1580200195 2211.35108642578
vertex 9626.63390930176 17031.6084350586 2205.36655883789
vertex 9626.63390930176 17007.6699951172 2205.36655883789
endloop
endfacet
facet normal -0.496122754472 4.98843627106394e-018 0.868252389858568
outer loop
vertex 9626.63390930176 17031.6084350586 2205.36655883789
vertex 9637.1072857666 17012.1580200195 2211.35108642578
vertex 9637.1072857666 17031.6084350586 2211.35108642578
endloop
endfacet
facet normal 0.496128639418805 4.98857393674761e-018 0.868249027150878
outer loop
vertex 9604.19123046875 17007.6699951172 2205.36655883789
vertex 9593.71801879883 17031.6084350586 2211.35108642578
vertex 9593.71801879883 17012.1580200195 2211.35108642578
endloop
endfacet
facet normal 0.496128639418805 4.98857393674761e-018 0.868249027150878
outer loop
vertex 9593.71801879883 17031.6084350586 2211.35108642578
vertex 9604.19123046875 17007.6699951172 2205.36655883789
vertex 9604.19123046875 17031.6084350586 2205.36655883789
endloop
endfacet
facet normal 0.0 0.0 1.0
outer loop
vertex 9626.63390930176 17007.6699951172 2205.36655883789
vertex 9604.19123046875 17031.6084350586 2205.36655883789
vertex 9604.19123046875 17007.6699951172 2205.36655883789
endloop
endfacet
facet normal 0.0 0.0 1.0
outer loop
vertex 9604.19123046875 17031.6084350586 2205.36655883789
vertex 9626.63390930176 17007.6699951172 2205.36655883789
vertex 9626.63390930176 17031.6084350586 2205.36655883789
endloop
endfacet
facet normal 0.0 1.0 0.0
outer loop
vertex 9586.23723571777 17031.6084350586 2204.2783752039
vertex 9593.71801879883 17031.6084350586 2211.35108642578
vertex 9604.19123046875 17031.6084350586 2205.36655883789
endloop
endfacet
facet normal 0.0 1.0 0.0
outer loop
vertex 9593.71801879883 17031.6084350586 2211.35108642578
vertex 9586.23723571777 17031.6084350586 2204.2783752039
vertex 9586.23723571777 17031.6084350586 2227.80915527344
endloop
endfacet
facet normal 0.0 1.0 0.0
outer loop
vertex 9586.23723571777 17031.6084350586 2204.2783752039
vertex 9646.08424194336 17031.6084350586 2197.88552856445
vertex 9586.23723571777 17031.6084350586 2197.88552856445
endloop
endfacet
facet normal 0.0 1.0 0.0
outer loop
vertex 9646.08424194336 17031.6084350586 2197.88552856445
vertex 9586.23723571777 17031.6084350586 2204.2783752039
vertex 9626.63390930176 17031.6084350586 2205.36655883789
endloop
endfacet
facet normal 0.0 1.0 0.0
outer loop
vertex 9646.08424194336 17031.6084350586 2197.88552856445
vertex 9626.63390930176 17031.6084350586 2205.36655883789
vertex 9637.1072857666 17031.6084350586 2211.35108642578
endloop
endfacet
facet normal 0.0 1.0 0.0
outer loop
vertex 9646.08424194336 17031.6084350586 2197.88552856445
vertex 9637.1072857666 17031.6084350586 2211.35108642578
vertex 9646.08424194336 17031.6084350586 2227.80915527344
endloop
endfacet
facet normal 0.0 1.0 0.0
outer loop
vertex 9626.63390930176 17031.6084350586 2205.36655883789
vertex 9586.23723571777 17031.6084350586 2204.2783752039
vertex 9604.19123046875 17031.6084350586 2205.36655883789
endloop
endfacet
facet normal 0.910369755285128 1.44030691713869e-017 0.413795733015817
outer loop
vertex 9593.71801879883 17031.6084350586 2211.35108642578
vertex 9586.23723571777 17018.1430419922 2227.80915527344
vertex 9593.71801879883 17012.1580200195 2211.35108642578
endloop
endfacet
facet normal 0.910369755285128 1.44030691713869e-017 0.413795733015817
outer loop
vertex 9586.23723571777 17018.1430419922 2227.80915527344
vertex 9593.71801879883 17031.6084350586 2211.35108642578
vertex 9586.23723571777 17031.6084350586 2227.80915527344
endloop
endfacet
facet normal 7.67312823819384e-030 -0.72337364629976 0.690456782021142
outer loop
vertex 9652.06893432617 16862.5407104492 2311.59484863281
vertex 9577.26011474609 16881.9907958984 2328.05291748047
vertex 9577.26011474609 16862.5407104492 2311.59484863281
endloop
endfacet
facet normal 6.4640407123722e-030 -0.51532337839698 0.856995808436379
outer loop
vertex 9577.26011474609 16881.9907958984 2328.05291748047
vertex 9652.06893432617 16862.5407104492 2311.59484863281
vertex 9652.06893432617 16881.9907958984 2328.05291748047
endloop
endfacet
facet normal -0.910366321374986 0.0 0.413803287693773
outer loop
vertex 9863.02991760254 17018.1430419922 2227.80915527344
vertex 9855.54896972656 17031.6084350586 2211.35108642578
vertex 9855.54896972656 17012.1580200195 2211.35108642578
endloop
endfacet
facet normal -0.910366321374986 0.0 0.413803287693773
outer loop
vertex 9855.54896972656 17031.6084350586 2211.35108642578
vertex 9863.02991760254 17018.1430419922 2227.80915527344
vertex 9863.02991760254 17031.6084350586 2227.80915527344
endloop
endfacet
facet normal 9.77340986613491e-031 0.860752516244997 -0.509023678995297
outer loop
vertex 9577.26011474609 17012.1580200195 2196.38935546875
vertex 9652.06893432617 16997.1962890625 2176.93910522461
vertex 9577.26011474609 16997.1962890625 2176.93910522461
endloop
endfacet
facet normal 3.09807264552305e-030 0.70710533353899 -0.707108228831142
outer loop
vertex 9652.06893432617 16997.1962890625 2176.93910522461
vertex 9577.26011474609 17012.1580200195 2196.38935546875
vertex 9652.06893432617 17012.1580200195 2196.38935546875
endloop
endfacet
facet normal -2.27174711165218e-030 0.96191749083339 0.273339972980161
outer loop
vertex 9577.26011474609 17022.6310668945 2269.70200195313
vertex 9652.06893432617 17025.6234130859 2244.26705932617
vertex 9577.26011474609 17025.6234130859 2244.26705932617
endloop
endfacet
facet normal -6.62663471686508e-031 0.999993438024601 -0.00362269343690999
outer loop
vertex 9652.06893432617 17025.6234130859 2244.26705932617
vertex 9577.26011474609 17022.6310668945 2269.70200195313
vertex 9652.06893432617 17022.6310668945 2269.70200195313
endloop
endfacet
facet normal -4.22775189478694e-030 0.723374436894699 0.690455953734398
outer loop
vertex 9577.26011474609 16997.1962890625 2311.59484863281
vertex 9652.06893432617 17012.1580200195 2292.14476318359
vertex 9577.26011474609 17012.1580200195 2292.14476318359
endloop
endfacet
facet normal -6.48552558911902e-030 0.854525860404534 0.519408850425068
outer loop
vertex 9652.06893432617 17012.1580200195 2292.14476318359
vertex 9577.26011474609 16997.1962890625 2311.59484863281
vertex 9652.06893432617 16997.1962890625 2311.59484863281
endloop
endfacet
facet normal -4.9887712350113e-030 0.515324137931266 0.856995351717498
outer loop
vertex 9652.06893432617 16977.7458740234 2328.05291748047
vertex 9577.26011474609 16997.1962890625 2311.59484863281
vertex 9577.26011474609 16977.7458740234 2328.05291748047
endloop
endfacet
facet normal -4.22775189478694e-030 0.723374436894699 0.690455953734398
outer loop
vertex 9577.26011474609 16997.1962890625 2311.59484863281
vertex 9652.06893432617 16977.7458740234 2328.05291748047
vertex 9652.06893432617 16997.1962890625 2311.59484863281
endloop
endfacet
facet normal 6.86062080520484e-019 -1.50365708323167e-006 0.99999999999887
outer loop
vertex 9652.06893432617 16929.8683349609 2340.02230224609
vertex 9577.26011474609 16955.3037719727 2337.02995605469
vertex 9577.26011474609 16929.8683349609 2340.02230224609
endloop
endfacet
facet normal -4.96737574965367e-030 0.246251002704292 0.969206089367546
outer loop
vertex 9577.26011474609 16955.3037719727 2337.02995605469
vertex 9652.06893432617 16929.8683349609 2340.02230224609
vertex 9652.06893432617 16955.3037719727 2337.02995605469
endloop
endfacet
facet normal 0.0 1.0 0.0
outer loop
vertex 9699.94672058105 16626.1447021484 2443.25857543945
vertex 9717.90079772949 16626.1447021484 2378.92313232422
vertex 9699.94672058105 16626.1447021484 2378.92313232422
endloop
endfacet
facet normal 0.0 1.0 0.0
outer loop
vertex 9717.90079772949 16626.1447021484 2378.92313232422
vertex 9699.94672058105 16626.1447021484 2443.25857543945
vertex 9717.90079772949 16626.1447021484 2399.86922607422
endloop
endfacet
facet normal 0.0 1.0 0.0
outer loop
vertex 9717.90079772949 16626.1447021484 2399.86922607422
vertex 9699.94672058105 16626.1447021484 2443.25857543945
vertex 9729.87010009766 16626.1447021484 2399.86922607422
endloop
endfacet
facet normal 0.0 1.0 0.0
outer loop
vertex 9729.87010009766 16626.1447021484 2399.86922607422
vertex 9747.82425964355 16626.1447021484 2378.92313232422
vertex 9729.87010009766 16626.1447021484 2378.92313232422
endloop
endfacet
facet normal 0.0 1.0 0.0
outer loop
vertex 9747.82425964355 16626.1447021484 2378.92313232422
vertex 9729.87010009766 16626.1447021484 2399.86922607422
vertex 9747.82425964355 16626.1447021484 2443.25857543945
endloop
endfacet
facet normal 0.0 1.0 0.0
outer loop
vertex 9747.82425964355 16626.1447021484 2443.25857543945
vertex 9729.87010009766 16626.1447021484 2399.86922607422
vertex 9699.94672058105 16626.1447021484 2443.25857543945
endloop
endfacet
facet normal 0.0 -0.894432116639489 0.447203744085181
outer loop
vertex 9496.4666027832 16904.4335571289 2331.04526367188
vertex 9465.04688537598 16901.4412109375 2325.06040649414
vertex 9496.4666027832 16901.4412109375 2325.06040649414
endloop
endfacet
facet normal 0.0 -0.894432116639489 0.447203744085181
outer loop
vertex 9465.04688537598 16901.4412109375 2325.06040649414
vertex 9496.4666027832 16904.4335571289 2331.04526367188
vertex 9465.04688537598 16904.4335571289 2331.04526367188
endloop
endfacet
facet normal 6.87314864805669e-019 -0.246247551832555 0.96920696614112
outer loop
vertex 9652.06893432617 16904.4335571289 2337.02995605469
vertex 9577.26011474609 16929.8683349609 2340.02230224609
vertex 9577.26011474609 16904.4335571289 2337.02995605469
endloop
endfacet
facet normal 6.86062080520484e-019 -1.50365708323167e-006 0.99999999999887
outer loop
vertex 9577.26011474609 16929.8683349609 2340.02230224609
vertex 9652.06893432617 16904.4335571289 2337.02995605469
vertex 9652.06893432617 16929.8683349609 2340.02230224609
endloop
endfacet
facet normal 0.0 0.999993438024601 -0.00362269343690998
outer loop
vertex 9795.70196350097 17025.6234130859 2244.26705932617
vertex 9870.51070068359 17022.6310668945 2220.328125
vertex 9795.70196350097 17022.6310668945 2220.328125
endloop
endfacet
facet normal 0.0 0.964201894112823 -0.265169205205365
outer loop
vertex 9870.51070068359 17022.6310668945 2220.328125
vertex 9795.70196350097 17025.6234130859 2244.26705932617
vertex 9870.51070068359 17025.6234130859 2244.26705932617
endloop
endfacet
facet normal 0.0 0.96191749083339 0.273339972980161
outer loop
vertex 9795.70196350097 17022.6310668945 2269.70200195313
vertex 9870.51070068359 17025.6234130859 2244.26705932617
vertex 9795.70196350097 17025.6234130859 2244.26705932617
endloop
endfacet
facet normal 0.0 0.999993438024601 -0.00362269343690998
outer loop
vertex 9870.51070068359 17025.6234130859 2244.26705932617
vertex 9795.70196350097 17022.6310668945 2269.70200195313
vertex 9870.51070068359 17022.6310668945 2269.70200195313
endloop
endfacet
facet normal 0.0 -0.246247551832555 0.96920696614112
outer loop
vertex 9870.51070068359 16904.4335571289 2337.02995605469
vertex 9795.70196350097 16929.8683349609 2340.02230224609
vertex 9795.70196350097 16904.4335571289 2337.02995605469
endloop
endfacet
facet normal 0.0 -1.50365708323167e-006 0.99999999999887
outer loop
vertex 9795.70196350097 16929.8683349609 2340.02230224609
vertex 9870.51070068359 16904.4335571289 2337.02995605469
vertex 9870.51070068359 16929.8683349609 2340.02230224609
endloop
endfacet
facet normal 0.0 0.246251002704292 0.969206089367546
outer loop
vertex 9870.51070068359 16955.3037719727 2337.02995605469
vertex 9795.70196350097 16977.7458740234 2328.05291748047
vertex 9795.70196350097 16955.3037719727 2337.02995605469
endloop
endfacet
facet normal 0.0 0.515324137931266 0.856995351717498
outer loop
vertex 9795.70196350097 16977.7458740234 2328.05291748047
vertex 9870.51070068359 16955.3037719727 2337.02995605469
vertex 9870.51070068359 16977.7458740234 2328.05291748047
endloop
endfacet
facet normal 0.0 -1.50365708323167e-006 0.99999999999887
outer loop
vertex 9870.51070068359 16929.8683349609 2340.02230224609
vertex 9795.70196350097 16955.3037719727 2337.02995605469
vertex 9795.70196350097 16929.8683349609 2340.02230224609
endloop
endfacet
facet normal 0.0 0.246251002704292 0.969206089367546
outer loop
vertex 9795.70196350097 16955.3037719727 2337.02995605469
vertex 9870.51070068359 16929.8683349609 2340.02230224609
vertex 9870.51070068359 16955.3037719727 2337.02995605469
endloop
endfacet
facet normal 0.0 0.854525860404534 0.519408850425068
outer loop
vertex 9795.70196350097 17012.1580200195 2292.14476318359
vertex 9870.51070068359 17022.6310668945 2269.70200195313
vertex 9795.70196350097 17022.6310668945 2269.70200195313
endloop
endfacet
facet normal 0.0 0.96191749083339 0.273339972980161
outer loop
vertex 9870.51070068359 17022.6310668945 2269.70200195313
vertex 9795.70196350097 17012.1580200195 2292.14476318359
vertex 9870.51070068359 17012.1580200195 2292.14476318359
endloop
endfacet
facet normal 0.0 0.723374436894699 0.690455953734398
outer loop
vertex 9795.70196350097 16997.1962890625 2311.59484863281
vertex 9870.51070068359 17012.1580200195 2292.14476318359
vertex 9795.70196350097 17012.1580200195 2292.14476318359
endloop
endfacet
facet normal 0.0 0.854525860404534 0.519408850425068
outer loop
vertex 9870.51070068359 17012.1580200195 2292.14476318359
vertex 9795.70196350097 16997.1962890625 2311.59484863281
vertex 9870.51070068359 16997.1962890625 2311.59484863281
endloop
endfacet
facet normal 0.0 0.515324137931266 0.856995351717498
outer loop
vertex 9870.51070068359 16977.7458740234 2328.05291748047
vertex 9795.70196350097 16997.1962890625 2311.59484863281
vertex 9795.70196350097 16977.7458740234 2328.05291748047
endloop
endfacet
facet normal 0.0 0.723374436894699 0.690455953734398
outer loop
vertex 9795.70196350097 16997.1962890625 2311.59484863281
vertex 9870.51070068359 16977.7458740234 2328.05291748047
vertex 9870.51070068359 16997.1962890625 2311.59484863281
endloop
endfacet
facet normal 0.14286978750076 0.0 0.989741493431233
outer loop
vertex 9749.32051513672 16624.6483642578 2444.75491333008
vertex 9698.45046508789 16677.0142578125 2444.75491333008
vertex 9698.45046508789 16624.6483642578 2444.75491333008
endloop
endfacet
facet normal -0.160195832873382 1.2576882982938e-019 0.987085252209759
outer loop
vertex 9698.45046508789 16677.0142578125 2444.75491333008
vertex 9749.32051513672 16624.6483642578 2444.75491333008
vertex 9713.41219604492 16671.0298950195 2444.75491333008
endloop
endfacet
facet normal -0.160195832873382 1.2576882982938e-019 0.987085252209759
outer loop
vertex 9698.45046508789 16677.0142578125 2444.75491333008
vertex 9713.41219604492 16671.0298950195 2444.75491333008
vertex 9708.92367675781 16677.0142578125 2444.75491333008
endloop
endfacet
facet normal 0.0 0.0 1.0
outer loop
vertex 9713.41219604492 16671.0298950195 2444.75491333008
vertex 9749.32051513672 16624.6483642578 2444.75491333008
vertex 9734.35870178222 16671.0298950195 2444.75491333008
endloop
endfacet
facet normal 0.0 0.0 1.0
outer loop
vertex 9734.35870178222 16671.0298950195 2444.75491333008
vertex 9749.32051513672 16624.6483642578 2444.75491333008
vertex 9738.84738586426 16677.0142578125 2444.75491333008
endloop
endfacet
facet normal 0.0 0.0 1.0
outer loop
vertex 9738.84738586426 16677.0142578125 2444.75491333008
vertex 9749.32051513672 16624.6483642578 2444.75491333008
vertex 9749.32051513672 16677.0142578125 2444.75491333008
endloop
endfacet
facet normal -0.914514245301155 1.06896509374939e-018 0.404553698711628
outer loop
vertex 9684.98490722656 16677.0142578125 2434.28153686523
vertex 9683.4886517334 16641.1061035156 2428.29684448242
vertex 9684.98490722656 16635.1214111328 2434.28153686523
endloop
endfacet
facet normal -0.991482366145835 -0.0920942930421204 0.0920942930421204
outer loop
vertex 9683.4886517334 16641.1061035156 2428.29684448242
vertex 9684.98490722656 16677.0142578125 2434.28153686523
vertex 9683.4886517334 16677.0142578125 2428.29684448242
endloop
endfacet
facet normal 0.0 0.0 -1.0
outer loop
vertex 9729.87010009766 16626.1447021484 2399.86922607422
vertex 9717.90079772949 16624.6483642578 2399.86922607422
vertex 9717.90079772949 16626.1447021484 2399.86922607422
endloop
endfacet
facet normal 0.0 0.0 -1.0
outer loop
vertex 9717.90079772949 16624.6483642578 2399.86922607422
vertex 9729.87010009766 16626.1447021484 2399.86922607422
vertex 9729.87010009766 16624.6483642578 2399.86922607422
endloop
endfacet
facet normal 1.0 0.0 0.0
outer loop
vertex 9717.90079772949 16626.1447021484 2378.92313232422
vertex 9717.90079772949 16624.6483642578 2399.86922607422
vertex 9717.90079772949 16624.6483642578 2378.92313232422
endloop
endfacet
facet normal 1.0 0.0 0.0
outer loop
vertex 9717.90079772949 16624.6483642578 2399.86922607422
vertex 9717.90079772949 16626.1447021484 2378.92313232422
vertex 9717.90079772949 16626.1447021484 2399.86922607422
endloop
endfacet
facet normal 0.0 0.0 -1.0
outer loop
vertex 9708.92367675781 16677.0142578125 2443.25857543945
vertex 9699.94672058105 16626.1447021484 2443.25857543945
vertex 9699.94672058105 16677.0142578125 2443.25857543945
endloop
endfacet
facet normal 0.0 0.0 -1.0
outer loop
vertex 9699.94672058105 16626.1447021484 2443.25857543945
vertex 9708.92367675781 16677.0142578125 2443.25857543945
vertex 9713.41219604492 16671.0298950195 2443.25857543945
endloop
endfacet
facet normal 0.0 0.0 -1.0
outer loop
vertex 9699.94672058105 16626.1447021484 2443.25857543945
vertex 9713.41219604492 16671.0298950195 2443.25857543945
vertex 9747.82425964355 16626.1447021484 2443.25857543945
endloop
endfacet
facet normal 0.0 0.0 -1.0
outer loop
vertex 9747.82425964355 16626.1447021484 2443.25857543945
vertex 9713.41219604492 16671.0298950195 2443.25857543945
vertex 9734.35870178222 16671.0298950195 2443.25857543945
endloop
endfacet
facet normal 0.0 0.0 -1.0
outer loop
vertex 9747.82425964355 16626.1447021484 2443.25857543945
vertex 9734.35870178222 16671.0298950195 2443.25857543945
vertex 9738.84738586426 16677.0142578125 2443.25857543945
endloop
endfacet
facet normal 0.0 0.0 -1.0
outer loop
vertex 9747.82425964355 16626.1447021484 2443.25857543945
vertex 9738.84738586426 16677.0142578125 2443.25857543945
vertex 9747.82425964355 16677.0142578125 2443.25857543945
endloop
endfacet
facet normal 0.914510817580624 -0.404561447159784 9.40723424091961e-019
outer loop
vertex 9762.78599060059 16635.1214111328 2378.92313232422
vertex 9759.79372680664 16630.6330566406 2438.77005615234
vertex 9759.79372680664 16630.6330566406 2378.92313232422
endloop
endfacet
facet normal 0.676121890328835 -0.736789786450764 2.75730702554692e-018
outer loop
vertex 9759.79372680664 16630.6330566406 2438.77005615234
vertex 9762.78599060059 16635.1214111328 2378.92313232422
vertex 9762.78599060059 16635.1214111328 2434.28153686523
endloop
endfacet
facet normal 0.37141536013898 0.0 -0.928466816990695
outer loop
vertex 9699.94672058105 16626.1447021484 2443.25857543945
vertex 9692.46560791016 16630.6330566406 2440.2658996582
vertex 9699.94672058105 16677.0142578125 2443.25857543945
endloop
endfacet
facet normal -0.768217811766245 0.640188561038919 -1.84351965163627e-018
outer loop
vertex 9762.78599060059 16639.6100952148 2428.29684448242
vertex 9755.30504272461 16630.6330566406 2378.92313232422
vertex 9755.30504272461 16630.6330566406 2440.2658996582
endloop
endfacet
facet normal -0.650490752186997 0.759514174534745 -1.96669587560381e-018
outer loop
vertex 9755.30504272461 16630.6330566406 2378.92313232422
vertex 9762.78599060059 16639.6100952148 2428.29684448242
vertex 9762.78599060059 16639.6100952148 2378.92313232422
endloop
endfacet
facet normal -0.992506765030006 -3.35919036122193e-019 0.122189694204019
outer loop
vertex 9683.4886517334 16677.0142578125 2428.29684448242
vertex 9683.4886517334 16641.1061035156 2378.92313232422
vertex 9683.4886517334 16641.1061035156 2428.29684448242
endloop
endfacet
facet normal -0.992506765030006 -0.122189694204019 5.57587334165396e-019
outer loop
vertex 9683.4886517334 16641.1061035156 2378.92313232422
vertex 9683.4886517334 16677.0142578125 2428.29684448242
vertex 9683.4886517334 16677.0142578125 2404.35791015625
endloop
endfacet
facet normal -0.992506765030006 -0.122189694204019 5.57587334165396e-019
outer loop
vertex 9683.4886517334 16641.1061035156 2378.92313232422
vertex 9683.4886517334 16677.0142578125 2404.35791015625
vertex 9683.4886517334 16684.4952880859 2378.92313232422
endloop
endfacet
facet normal -1.0 0.0 0.0
outer loop
vertex 9683.4886517334 16684.4952880859 2378.92313232422
vertex 9683.4886517334 16677.0142578125 2404.35791015625
vertex 9683.4886517334 16684.4952880859 2393.88486328125
endloop
endfacet
facet normal 0.0 1.0 0.0
outer loop
vertex 9713.41219604492 16671.0298950195 2444.75491333008
vertex 9734.35870178222 16671.0298950195 2443.25857543945
vertex 9713.41219604492 16671.0298950195 2443.25857543945
endloop
endfacet
facet normal 0.0 1.0 0.0
outer loop
vertex 9734.35870178222 16671.0298950195 2443.25857543945
vertex 9713.41219604492 16671.0298950195 2444.75491333008
vertex 9734.35870178222 16671.0298950195 2444.75491333008
endloop
endfacet
facet normal 0.799984138383796 0.600021148239239 0.0
outer loop
vertex 9708.92367675781 16677.0142578125 2443.25857543945
vertex 9713.41219604492 16671.0298950195 2444.75491333008
vertex 9713.41219604492 16671.0298950195 2443.25857543945
endloop
endfacet
facet normal 0.799984138383796 0.600021148239239 0.0
outer loop
vertex 9713.41219604492 16671.0298950195 2444.75491333008
vertex 9708.92367675781 16677.0142578125 2443.25857543945
vertex 9708.92367675781 16677.0142578125 2444.75491333008
endloop
endfacet
facet normal 6.4640407123722e-030 -0.51532337839698 0.856995808436379
outer loop
vertex 9652.06893432617 16881.9907958984 2328.05291748047
vertex 9577.26011474609 16904.4335571289 2337.02995605469
vertex 9577.26011474609 16881.9907958984 2328.05291748047
endloop
endfacet
facet normal 6.87314864805669e-019 -0.246247551832555 0.96920696614112
outer loop
vertex 9577.26011474609 16904.4335571289 2337.02995605469
vertex 9652.06893432617 16881.9907958984 2328.05291748047
vertex 9652.06893432617 16904.4335571289 2337.02995605469
endloop
endfacet
facet normal -0.799973564011853 0.600035246366556 0.0
outer loop
vertex 9738.84738586426 16677.0142578125 2444.75491333008
vertex 9734.35870178222 16671.0298950195 2443.25857543945
vertex 9734.35870178222 16671.0298950195 2444.75491333008
endloop
endfacet
facet normal -0.799973564011853 0.600035246366556 0.0
outer loop
vertex 9734.35870178222 16671.0298950195 2443.25857543945
vertex 9738.84738586426 16677.0142578125 2444.75491333008
vertex 9738.84738586426 16677.0142578125 2443.25857543945
endloop
endfacet
facet normal 0.779843383498699 0.0163949084620745 -0.625759941343181
outer loop
vertex 9689.47342651367 16677.0142578125 2437.27388305664
vertex 9692.46560791016 16630.6330566406 2440.2658996582
vertex 9684.98490722656 16639.6100952148 2428.29684448242
endloop
endfacet
facet normal 0.0 1.0 0.0
outer loop
vertex 9762.78599060059 16684.4952880859 2393.88486328125
vertex 9764.28224609375 16684.4952880859 2378.92313232422
vertex 9762.78599060059 16684.4952880859 2378.92313232422
endloop
endfacet
facet normal 0.0 1.0 0.0
outer loop
vertex 9764.28224609375 16684.4952880859 2378.92313232422
vertex 9762.78599060059 16684.4952880859 2393.88486328125
vertex 9764.28224609375 16684.4952880859 2393.88486328125
endloop
endfacet
facet normal 0.0 1.0 0.0
outer loop
vertex 9683.4886517334 16677.0142578125 2428.29684448242
vertex 9684.98490722656 16677.0142578125 2404.35791015625
vertex 9683.4886517334 16677.0142578125 2404.35791015625
endloop
endfacet
facet normal 0.0 1.0 0.0
outer loop
vertex 9684.98490722656 16677.0142578125 2404.35791015625
vertex 9683.4886517334 16677.0142578125 2428.29684448242
vertex 9684.98490722656 16677.0142578125 2426.8005065918
endloop
endfacet
facet normal 0.0 1.0 0.0
outer loop
vertex 9684.98490722656 16677.0142578125 2426.8005065918
vertex 9683.4886517334 16677.0142578125 2428.29684448242
vertex 9686.48108032226 16677.0142578125 2432.78519897461
endloop
endfacet
facet normal 0.0 1.0 0.0
outer loop
vertex 9686.48108032226 16677.0142578125 2432.78519897461
vertex 9683.4886517334 16677.0142578125 2428.29684448242
vertex 9684.98490722656 16677.0142578125 2434.28153686523
endloop
endfacet
facet normal 0.0 1.0 0.0
outer loop
vertex 9686.48108032226 16677.0142578125 2432.78519897461
vertex 9684.98490722656 16677.0142578125 2434.28153686523
vertex 9689.47342651367 16677.0142578125 2437.27388305664
endloop
endfacet
facet normal 0.0 1.0 0.0
outer loop
vertex 9689.47342651367 16677.0142578125 2437.27388305664
vertex 9684.98490722656 16677.0142578125 2434.28153686523
vertex 9687.97717102051 16677.0142578125 2438.77005615234
endloop
endfacet
facet normal 0.0 1.0 0.0
outer loop
vertex 9689.47342651367 16677.0142578125 2437.27388305664
vertex 9687.97717102051 16677.0142578125 2438.77005615234
vertex 9693.96186340332 16677.0142578125 2441.76240234375
endloop
endfacet
facet normal 0.0 1.0 0.0
outer loop
vertex 9693.96186340332 16677.0142578125 2441.76240234375
vertex 9687.97717102051 16677.0142578125 2438.77005615234
vertex 9693.96186340332 16677.0142578125 2443.25857543945
endloop
endfacet
facet normal 0.0 1.0 0.0
outer loop
vertex 9693.96186340332 16677.0142578125 2441.76240234375
vertex 9693.96186340332 16677.0142578125 2443.25857543945
vertex 9699.94672058105 16677.0142578125 2443.25857543945
endloop
endfacet
facet normal 0.0 1.0 0.0
outer loop
vertex 9699.94672058105 16677.0142578125 2443.25857543945
vertex 9693.96186340332 16677.0142578125 2443.25857543945
vertex 9698.45046508789 16677.0142578125 2444.75491333008
endloop
endfacet
facet normal 0.0 1.0 0.0
outer loop
vertex 9699.94672058105 16677.0142578125 2443.25857543945
vertex 9698.45046508789 16677.0142578125 2444.75491333008
vertex 9708.92367675781 16677.0142578125 2443.25857543945
endloop
endfacet
facet normal 0.0 1.0 0.0
outer loop
vertex 9708.92367675781 16677.0142578125 2443.25857543945
vertex 9698.45046508789 16677.0142578125 2444.75491333008
vertex 9708.92367675781 16677.0142578125 2444.75491333008
endloop
endfacet
facet normal 0.0 1.0 0.0
outer loop
vertex 9738.84738586426 16677.0142578125 2444.75491333008
vertex 9747.82425964355 16677.0142578125 2443.25857543945
vertex 9738.84738586426 16677.0142578125 2443.25857543945
endloop
endfacet
facet normal 0.0 1.0 0.0
outer loop
vertex 9747.82425964355 16677.0142578125 2443.25857543945
vertex 9738.84738586426 16677.0142578125 2444.75491333008
vertex 9753.80903442383 16677.0142578125 2443.25857543945
endloop
endfacet
facet normal 0.0 1.0 0.0
outer loop
vertex 9753.80903442383 16677.0142578125 2443.25857543945
vertex 9738.84738586426 16677.0142578125 2444.75491333008
vertex 9749.32051513672 16677.0142578125 2444.75491333008
endloop
endfacet
facet normal 0.0 1.0 0.0
outer loop
vertex 9762.78599060059 16677.0142578125 2426.8005065918
vertex 9764.28224609375 16677.0142578125 2404.35791015625
vertex 9762.78599060059 16677.0142578125 2404.35791015625
endloop
endfacet
facet normal 0.0 1.0 0.0
outer loop
vertex 9764.28224609375 16677.0142578125 2404.35791015625
vertex 9762.78599060059 16677.0142578125 2426.8005065918
vertex 9764.28224609375 16677.0142578125 2428.29684448242
endloop
endfacet
facet normal 0.0 1.0 0.0
outer loop
vertex 9764.28224609375 16677.0142578125 2428.29684448242
vertex 9762.78599060059 16677.0142578125 2426.8005065918
vertex 9761.28989990234 16677.0142578125 2432.78519897461
endloop
endfacet
facet normal 0.0 1.0 0.0
outer loop
vertex 9764.28224609375 16677.0142578125 2428.29684448242
vertex 9761.28989990234 16677.0142578125 2432.78519897461
vertex 9762.78599060059 16677.0142578125 2434.28153686523
endloop
endfacet
facet normal 0.0 1.0 0.0
outer loop
vertex 9762.78599060059 16677.0142578125 2434.28153686523
vertex 9761.28989990234 16677.0142578125 2432.78519897461
vertex 9758.29755371094 16677.0142578125 2437.27388305664
endloop
endfacet
facet normal 0.0 1.0 0.0
outer loop
vertex 9762.78599060059 16677.0142578125 2434.28153686523
vertex 9758.29755371094 16677.0142578125 2437.27388305664
vertex 9759.79372680664 16677.0142578125 2438.77005615234
endloop
endfacet
facet normal 0.0 1.0 0.0
outer loop
vertex 9759.79372680664 16677.0142578125 2438.77005615234
vertex 9758.29755371094 16677.0142578125 2437.27388305664
vertex 9753.80903442383 16677.0142578125 2441.76240234375
endloop
endfacet
facet normal 0.0 1.0 0.0
outer loop
vertex 9759.79372680664 16677.0142578125 2438.77005615234
vertex 9753.80903442383 16677.0142578125 2441.76240234375
vertex 9753.80903442383 16677.0142578125 2443.25857543945
endloop
endfacet
facet normal 0.0 1.0 0.0
outer loop
vertex 9753.80903442383 16677.0142578125 2443.25857543945
vertex 9753.80903442383 16677.0142578125 2441.76240234375
vertex 9747.82425964355 16677.0142578125 2443.25857543945
endloop
endfacet
facet normal 0.0 1.0 0.0
outer loop
vertex 9683.4886517334 16684.4952880859 2393.88486328125
vertex 9684.98490722656 16684.4952880859 2378.92313232422
vertex 9683.4886517334 16684.4952880859 2378.92313232422
endloop
endfacet
facet normal 0.0 1.0 0.0
outer loop
vertex 9684.98490722656 16684.4952880859 2378.92313232422
vertex 9683.4886517334 16684.4952880859 2393.88486328125
vertex 9684.98490722656 16684.4952880859 2393.88486328125
endloop
endfacet
facet normal 0.421795384109812 5.0673307790555e-019 0.90669104657742
outer loop
vertex 9753.80903442383 16626.1447021484 2443.25857543945
vertex 9749.32051513672 16677.0142578125 2444.75491333008
vertex 9749.32051513672 16624.6483642578 2444.75491333008
endloop
endfacet
facet normal 0.160198551112435 0.0 0.987084811058035
outer loop
vertex 9749.32051513672 16677.0142578125 2444.75491333008
vertex 9753.80903442383 16626.1447021484 2443.25857543945
vertex 9753.80903442383 16677.0142578125 2443.25857543945
endloop
endfacet
facet normal 0.676121890328835 -0.736789786450764 2.75730702554692e-018
outer loop
vertex 9759.79372680664 16630.6330566406 2438.77005615234
vertex 9753.80903442383 16626.1447021484 2378.92313232422
vertex 9759.79372680664 16630.6330566406 2378.92313232422
endloop
endfacet
facet normal 0.464113509346034 -0.885775733717349 1.75726788606424e-018
outer loop
vertex 9753.80903442383 16626.1447021484 2378.92313232422
vertex 9759.79372680664 16630.6330566406 2438.77005615234
vertex 9753.80903442383 16626.1447021484 2443.25857543945
endloop
endfacet
facet normal 0.676137088546678 1.83399361013203e-018 0.736775839378315
outer loop
vertex 9759.79372680664 16630.6330566406 2438.77005615234
vertex 9753.80903442383 16677.0142578125 2443.25857543945
vertex 9753.80903442383 16626.1447021484 2443.25857543945
endloop
endfacet
facet normal 0.464121314482289 7.15730743227925e-019 0.885771644072688
outer loop
vertex 9753.80903442383 16677.0142578125 2443.25857543945
vertex 9759.79372680664 16630.6330566406 2438.77005615234
vertex 9759.79372680664 16677.0142578125 2438.77005615234
endloop
endfacet
facet normal 0.768228215285946 0.640176076746523 0.0
outer loop
vertex 9684.98490722656 16639.6100952148 2378.92313232422
vertex 9692.46560791016 16630.6330566406 2440.2658996582
vertex 9692.46560791016 16630.6330566406 2378.92313232422
endloop
endfacet
facet normal 0.594708844246551 0.803941161139876 -1.04503725211087e-018
outer loop
vertex 9692.46560791016 16630.6330566406 2440.2658996582
vertex 9684.98490722656 16639.6100952148 2378.92313232422
vertex 9684.98490722656 16639.6100952148 2428.29684448242
endloop
endfacet
facet normal -0.363328059189404 0.00151307084057998 -0.931660041014045
outer loop
vertex 9755.30504272461 16630.6330566406 2440.2658996582
vertex 9747.82425964355 16626.1447021484 2443.25857543945
vertex 9747.82425964355 16677.0142578125 2443.25857543945
endloop
endfacet
facet normal 0.991482366145835 -0.0920942930421203 0.0920942930421203
outer loop
vertex 9764.28224609375 16641.1061035156 2428.29684448242
vertex 9762.78599060059 16677.0142578125 2434.28153686523
vertex 9762.78599060059 16635.1214111328 2434.28153686523
endloop
endfacet
facet normal 0.914514245301155 1.91487941943618e-018 0.404553698711628
outer loop
vertex 9762.78599060059 16677.0142578125 2434.28153686523
vertex 9764.28224609375 16641.1061035156 2428.29684448242
vertex 9764.28224609375 16677.0142578125 2428.29684448242
endloop
endfacet
facet normal 0.256805378122737 0.0209231964058963 -0.966236626101184
outer loop
vertex 9699.94672058105 16677.0142578125 2443.25857543945
vertex 9692.46560791016 16630.6330566406 2440.2658996582
vertex 9693.96186340332 16677.0142578125 2441.76240234375
endloop
endfacet
facet normal 0.90885460328451 0.013670716972509 -0.416888979928725
outer loop
vertex 9686.48108032226 16677.0142578125 2432.78519897461
vertex 9684.98490722656 16639.6100952148 2428.29684448242
vertex 9684.98490722656 16677.0142578125 2426.8005065918
endloop
endfacet
facet normal 0.779843383498699 0.0163949084620745 -0.625759941343181
outer loop
vertex 9689.47342651367 16677.0142578125 2437.27388305664
vertex 9684.98490722656 16639.6100952148 2428.29684448242
vertex 9686.48108032226 16677.0142578125 2432.78519897461
endloop
endfacet
facet normal -0.514486032638267 0.857498759311136 -2.0346113624174e-018
outer loop
vertex 9747.82425964355 16626.1447021484 2443.25857543945
vertex 9755.30504272461 16630.6330566406 2378.92313232422
vertex 9747.82425964355 16626.1447021484 2378.92313232422
endloop
endfacet
facet normal -0.650490752186997 0.759514174534745 -1.96669587560381e-018
outer loop
vertex 9755.30504272461 16630.6330566406 2378.92313232422
vertex 9747.82425964355 16626.1447021484 2443.25857543945
vertex 9755.30504272461 16630.6330566406 2440.2658996582
endloop
endfacet
facet normal 0.594708844246551 0.803941161139876 -1.04503725211087e-018
outer loop
vertex 9692.46560791016 16630.6330566406 2440.2658996582
vertex 9699.94672058105 16626.1447021484 2378.92313232422
vertex 9692.46560791016 16630.6330566406 2378.92313232422
endloop
endfacet
facet normal 0.5144693657006 0.857508758996445 -1.45318272576867e-018
outer loop
vertex 9699.94672058105 16626.1447021484 2378.92313232422
vertex 9692.46560791016 16630.6330566406 2440.2658996582
vertex 9699.94672058105 16626.1447021484 2443.25857543945
endloop
endfacet
facet normal 0.992506765030006 -0.122189694204019 4.64656111804497e-019
outer loop
vertex 9764.28224609375 16641.1061035156 2378.92313232422
vertex 9762.78599060059 16635.1214111328 2434.28153686523
vertex 9762.78599060059 16635.1214111328 2378.92313232422
endloop
endfacet
facet normal 0.933095310857109 -0.254300510440255 0.254291940977887
outer loop
vertex 9762.78599060059 16635.1214111328 2434.28153686523
vertex 9764.28224609375 16641.1061035156 2378.92313232422
vertex 9764.28224609375 16641.1061035156 2428.29684448242
endloop
endfacet
facet normal -0.421785269698263 -0.906695751763271 4.86005146856498e-019
outer loop
vertex 9693.96186340332 16626.1447021484 2443.25857543945
vertex 9687.97717102051 16630.6330566406 2378.92313232422
vertex 9693.96186340332 16626.1447021484 2378.92313232422
endloop
endfacet
facet normal -0.726446210494636 -0.687223328516999 1.35245610992037e-018
outer loop
vertex 9687.97717102051 16630.6330566406 2378.92313232422
vertex 9693.96186340332 16626.1447021484 2443.25857543945
vertex 9687.97717102051 16630.6330566406 2438.77005615234
endloop
endfacet
facet normal -0.42179231262908 1.17568108848051e-018 0.906692475433105
outer loop
vertex 9693.96186340332 16626.1447021484 2443.25857543945
vertex 9687.97717102051 16677.0142578125 2438.77005615234
vertex 9687.97717102051 16630.6330566406 2438.77005615234
endloop
endfacet
facet normal -0.726458088644703 2.84044573508749e-018 0.687210772210888
outer loop
vertex 9687.97717102051 16677.0142578125 2438.77005615234
vertex 9693.96186340332 16626.1447021484 2443.25857543945
vertex 9693.96186340332 16677.0142578125 2443.25857543945
endloop
endfacet
facet normal -0.142867662131004 -0.989741800227323 -9.40768442722357e-020
outer loop
vertex 9698.45046508789 16624.6483642578 2444.75491333008
vertex 9693.96186340332 16626.1447021484 2378.92313232422
vertex 9698.45046508789 16624.6483642578 2378.92313232422
endloop
endfacet
facet normal -0.464111070091202 -0.885777011791794 7.73147696383712e-019
outer loop
vertex 9693.96186340332 16626.1447021484 2378.92313232422
vertex 9698.45046508789 16624.6483642578 2444.75491333008
vertex 9693.96186340332 16626.1447021484 2443.25857543945
endloop
endfacet
facet normal 1.0 0.0 0.0
outer loop
vertex 9764.28224609375 16684.4952880859 2378.92313232422
vertex 9764.28224609375 16641.1061035156 2428.29684448242
vertex 9764.28224609375 16641.1061035156 2378.92313232422
endloop
endfacet
facet normal 0.991482366145835 -0.0920942930421203 0.0920942930421203
outer loop
vertex 9764.28224609375 16641.1061035156 2428.29684448242
vertex 9764.28224609375 16684.4952880859 2378.92313232422
vertex 9764.28224609375 16677.0142578125 2404.35791015625
endloop
endfacet
facet normal 1.0 0.0 0.0
outer loop
vertex 9764.28224609375 16677.0142578125 2404.35791015625
vertex 9764.28224609375 16684.4952880859 2378.92313232422
vertex 9764.28224609375 16684.4952880859 2393.88486328125
endloop
endfacet
facet normal 0.992506765030006 5.03878554183289e-019 0.122189694204019
outer loop
vertex 9764.28224609375 16677.0142578125 2428.29684448242
vertex 9764.28224609375 16641.1061035156 2428.29684448242
vertex 9764.28224609375 16677.0142578125 2404.35791015625
endloop
endfacet
facet normal -0.933095310857109 -0.254300510440254 0.254291940977887
outer loop
vertex 9684.98490722656 16635.1214111328 2434.28153686523
vertex 9687.97717102051 16630.6330566406 2378.92313232422
vertex 9687.97717102051 16630.6330566406 2438.77005615234
endloop
endfacet
facet normal -0.726446210494636 -0.687223328516999 1.35245610992037e-018
outer loop
vertex 9687.97717102051 16630.6330566406 2378.92313232422
vertex 9684.98490722656 16635.1214111328 2434.28153686523
vertex 9684.98490722656 16635.1214111328 2378.92313232422
endloop
endfacet
facet normal -0.000692976010039099 -0.524055581753923 0.851683783464736
outer loop
vertex 9493.47417419433 16929.8683349609 2341.5184753418
vertex 9491.54952366962 16936.9025787796 2345.84146117695
vertex 9490.48191040039 16929.8683349609 2341.5184753418
endloop
endfacet
facet normal -0.00553807185390183 -0.524193393265594 0.851581244636614
outer loop
vertex 9491.54952366962 16936.9025787796 2345.84146117695
vertex 9493.47417419433 16929.8683349609 2341.5184753418
vertex 9493.47417419433 16949.31875 2353.48802490234
endloop
endfacet
facet normal -6.48552558911902e-030 0.854525860404534 0.519408850425068
outer loop
vertex 9577.26011474609 17012.1580200195 2292.14476318359
vertex 9652.06893432617 17022.6310668945 2269.70200195313
vertex 9577.26011474609 17022.6310668945 2269.70200195313
endloop
endfacet
facet normal -2.27174711165218e-030 0.96191749083339 0.273339972980161
outer loop
vertex 9652.06893432617 17022.6310668945 2269.70200195313
vertex 9577.26011474609 17012.1580200195 2292.14476318359
vertex 9652.06893432617 17012.1580200195 2292.14476318359
endloop
endfacet
facet normal 0.0 0.964201894112823 -0.265169205205365
outer loop
vertex 9795.70196350097 17022.6310668945 2220.328125
vertex 9870.51070068359 17012.1580200195 2196.38935546875
vertex 9795.70196350097 17012.1580200195 2196.38935546875
endloop
endfacet
facet normal 0.0 0.860752516244997 -0.509023678995297
outer loop
vertex 9870.51070068359 17012.1580200195 2196.38935546875
vertex 9795.70196350097 17022.6310668945 2220.328125
vertex 9870.51070068359 17022.6310668945 2220.328125
endloop
endfacet
facet normal 0.0 0.0 -1.0
outer loop
vertex 9474.02400634766 16944.830065918 2302.61781005859
vertex 9465.04688537598 16919.3952880859 2302.61781005859
vertex 9465.04688537598 16944.830065918 2302.61781005859
endloop
endfacet
facet normal 0.0 0.0 -1.0
outer loop
vertex 9465.04688537598 16919.3952880859 2302.61781005859
vertex 9474.02400634766 16944.830065918 2302.61781005859
vertex 9496.4666027832 16919.3952880859 2302.61781005859
endloop
endfacet
facet normal 0.0 0.0 -1.0
outer loop
vertex 9496.4666027832 16919.3952880859 2302.61781005859
vertex 9474.02400634766 16944.830065918 2302.61781005859
vertex 9485.99339111328 16944.830065918 2302.61781005859
endloop
endfacet
facet normal 0.0 0.0 -1.0
outer loop
vertex 9496.4666027832 16919.3952880859 2302.61781005859
vertex 9485.99339111328 16944.830065918 2302.61781005859
vertex 9496.4666027832 16944.830065918 2302.61781005859
endloop
endfacet
facet normal 0.0 0.860752516244997 -0.509023678995297
outer loop
vertex 9795.70196350097 17012.1580200195 2196.38935546875
vertex 9870.51070068359 16997.1962890625 2176.93910522461
vertex 9795.70196350097 16997.1962890625 2176.93910522461
endloop
endfacet
facet normal 0.0 0.70710533353899 -0.707108228831142
outer loop
vertex 9870.51070068359 16997.1962890625 2176.93910522461
vertex 9795.70196350097 17012.1580200195 2196.38935546875
vertex 9870.51070068359 17012.1580200195 2196.38935546875
endloop
endfacet
facet normal 3.09807264552305e-030 0.70710533353899 -0.707108228831142
outer loop
vertex 9652.06893432617 16997.1962890625 2176.93910522461
vertex 9577.26011474609 16977.7458740234 2161.97737426758
vertex 9577.26011474609 16997.1962890625 2176.93910522461
endloop
endfacet
facet normal 4.20386110281906e-030 0.609707515396971 -0.792626485596118
outer loop
vertex 9577.26011474609 16977.7458740234 2161.97737426758
vertex 9652.06893432617 16997.1962890625 2176.93910522461
vertex 9652.06893432617 16977.7458740234 2161.97737426758
endloop
endfacet
facet normal -6.64722164665401e-031 0.964201894112823 -0.265169205205365
outer loop
vertex 9577.26011474609 17022.6310668945 2220.328125
vertex 9652.06893432617 17012.1580200195 2196.38935546875
vertex 9577.26011474609 17012.1580200195 2196.38935546875
endloop
endfacet
facet normal 9.77340986613491e-031 0.860752516244997 -0.509023678995297
outer loop
vertex 9652.06893432617 17012.1580200195 2196.38935546875
vertex 9577.26011474609 17022.6310668945 2220.328125
vertex 9652.06893432617 17022.6310668945 2220.328125
endloop
endfacet
facet normal -0.877899436192261 0.0 0.478845047936501
outer loop
vertex 9646.08424194336 17018.1430419922 2227.80915527344
vertex 9637.1072857666 17031.6084350586 2211.35108642578
vertex 9637.1072857666 17012.1580200195 2211.35108642578
endloop
endfacet
facet normal -0.877899436192261 0.0 0.478845047936501
outer loop
vertex 9637.1072857666 17031.6084350586 2211.35108642578
vertex 9646.08424194336 17018.1430419922 2227.80915527344
vertex 9646.08424194336 17031.6084350586 2227.80915527344
endloop
endfacet
facet normal 0.0 0.70710533353899 -0.707108228831142
outer loop
vertex 9870.51070068359 16997.1962890625 2176.93910522461
vertex 9795.70196350097 16977.7458740234 2161.97737426758
vertex 9795.70196350097 16997.1962890625 2176.93910522461
endloop
endfacet
facet normal 0.0 0.609707515396971 -0.792626485596118
outer loop
vertex 9795.70196350097 16977.7458740234 2161.97737426758
vertex 9870.51070068359 16997.1962890625 2176.93910522461
vertex 9870.51070068359 16977.7458740234 2161.97737426758
endloop
endfacet
facet normal 7.67312823819384e-030 -0.72337364629976 0.690456782021142
outer loop
vertex 9652.06893432617 16862.5407104492 2311.59484863281
vertex 9577.26011474609 16847.5786499023 2292.14476318359
vertex 9652.06893432617 16847.5786499023 2292.14476318359
endloop
endfacet
facet normal 8.40760039009739e-030 -0.792615001603 0.609722444423588
outer loop
vertex 9577.26011474609 16847.5786499023 2292.14476318359
vertex 9652.06893432617 16862.5407104492 2311.59484863281
vertex 9577.26011474609 16862.5407104492 2311.59484863281
endloop
endfacet
facet normal 0.959485420681784 0.263416665628082 0.0999969387955643
outer loop
vertex 9804.67891967773 17080.9819824219 2256.23627929688
vertex 9803.18282897949 17077.9893066406 2277.18303222656
vertex 9812.15978515625 17064.5245727539 2227.80915527344
endloop
endfacet
facet normal -0.179207052584041 0.584223849761475 -0.791560058159848
outer loop
vertex 9833.10637329101 17083.9746582031 2211.35108642578
vertex 9833.10637329101 17066.0205810547 2200.87770996094
vertex 9818.14455993652 17063.0282348633 2200.87770996094
endloop
endfacet
facet normal -0.100266985271204 0.50133768731499 -0.859422512471183
outer loop
vertex 9833.10637329101 17066.0205810547 2200.87770996094
vertex 9833.10637329101 17083.9746582031 2211.35108642578
vertex 9833.10637329101 17082.9185360179 2210.73500545726
endloop
endfacet
facet normal 0.899224539683157 -0.352119953987871 0.259628128744159
outer loop
vertex 9812.15978515625 17064.5245727539 2227.80915527344
vertex 9807.11028226205 17060.8378694367 2240.25026629231
vertex 9807.67126586914 17058.5395507813 2235.28985595703
endloop
endfacet
facet normal 0.899224539683157 -0.352119953987871 0.259628128744159
outer loop
vertex 9807.11028226205 17060.8378694367 2240.25026629231
vertex 9812.15978515625 17064.5245727539 2227.80915527344
vertex 9804.93077779403 17070.3535851042 2260.72791772404
endloop
endfacet
facet normal 0.899224539683157 -0.352119953987871 0.259628128744159
outer loop
vertex 9804.93077779403 17070.3535851042 2260.72791772404
vertex 9812.15978515625 17064.5245727539 2227.80915527344
vertex 9803.18282897949 17077.9893066406 2277.18303222656
endloop
endfacet
facet normal 0.408042873733371 -0.912948503201481 0.00510330261572536
outer loop
vertex 9807.67126586914 17058.5395507813 2235.28985595703
vertex 9818.14455993652 17063.0282348633 2200.87770996094
vertex 9821.13690612793 17064.5245727539 2229.30516357422
endloop
endfacet
facet normal -0.179207052584041 0.584223849761475 -0.791560058159848
outer loop
vertex 9833.10637329101 17083.9746582031 2211.35108642578
vertex 9818.14455993652 17063.0282348633 2200.87770996094
vertex 9822.63316162109 17082.4779907227 2212.84725952148
endloop
endfacet
facet normal -0.179207052584041 0.584223849761475 -0.791560058159848
outer loop
vertex 9833.10637329101 17083.9746582031 2211.35108642578
vertex 9822.63316162109 17082.4779907227 2212.84725952148
vertex 9833.10637329101 17103.4247436523 2227.80915527344
endloop
endfacet
facet normal 0.745680493839105 -0.65098952088181 0.142032548417395
outer loop
vertex 9818.14455993652 17063.0282348633 2200.87770996094
vertex 9807.67126586914 17058.5395507813 2235.28985595703
vertex 9809.1675213623 17054.0511962891 2206.86256713867
endloop
endfacet
facet normal -0.642800380634331 0.0958198946937869 0.760017248776126
outer loop
vertex 9822.63316162109 17118.3864746094 2286.16007080078
vertex 9813.65604064941 17118.3864746094 2278.67904052734
vertex 9812.15978515625 17089.9593505859 2278.67904052734
endloop
endfacet
facet normal -0.885347860582064 0.296273357003267 -0.358303312422278
outer loop
vertex 9819.64065063476 17101.9287353516 2232.29750976562
vertex 9822.63316162109 17082.4779907227 2212.84725952148
vertex 9815.15229614258 17074.9976196289 2218.8319519043
endloop
endfacet
facet normal -0.642800380634331 0.0958198946937869 0.760017248776126
outer loop
vertex 9822.63316162109 17118.3864746094 2286.16007080078
vertex 9812.15978515625 17089.9593505859 2278.67904052734
vertex 9821.13690612793 17082.4779907227 2287.65607910156
endloop
endfacet
facet normal -0.983244741659567 0.109239906664432 0.145932932509281
outer loop
vertex 9801.68657348633 17028.6160888672 2354.98403320312
vertex 9798.69430969238 17001.6849731445 2343.01481323242
vertex 9801.68657348633 16997.1962890625 2366.95341796875
endloop
endfacet
facet normal -0.974072340866256 0.0908423089523544 0.207197368862486
outer loop
vertex 9810.66377685547 17118.3864746094 2263.71730957031
vertex 9809.1675213623 17094.448034668 2260.72512817383
vertex 9813.65604064941 17118.3864746094 2278.67904052734
endloop
endfacet
facet normal -0.304612617470359 0.554247125959566 -0.774610403134
outer loop
vertex 9833.10637329101 17103.4247436523 2227.80915527344
vertex 9822.63316162109 17082.4779907227 2212.84725952148
vertex 9819.64065063476 17101.9287353516 2232.29750976562
endloop
endfacet
facet normal -0.86534992052395 0.247857152824934 -0.435587358451448
outer loop
vertex 9816.64838684082 17118.3864746094 2251.74792480469
vertex 9813.65604064941 17094.448034668 2242.77072143555
vertex 9810.66377685547 17118.3864746094 2263.71730957031
endloop
endfacet
facet normal -0.835775383043123 0.247798358171951 -0.489974981796425
outer loop
vertex 9824.1293347168 17125.8675048828 2242.77072143555
vertex 9819.64065063476 17101.9287353516 2232.29750976562
vertex 9816.64838684082 17118.3864746094 2251.74792480469
endloop
endfacet
facet normal -0.892810659577314 0.208934201332727 -0.399043388190528
outer loop
vertex 9810.66377685547 17118.3864746094 2263.71730957031
vertex 9813.65604064941 17094.448034668 2242.77072143555
vertex 9809.1675213623 17094.448034668 2260.72512817383
endloop
endfacet
facet normal -0.975702559874191 0.107345725301522 0.191001073071437
outer loop
vertex 9813.65604064941 17118.3864746094 2278.67904052734
vertex 9809.1675213623 17094.448034668 2260.72512817383
vertex 9812.15978515625 17089.9593505859 2278.67904052734
endloop
endfacet
facet normal -0.0524023341801643 0.0997853616521554 0.993628138174649
outer loop
vertex 9833.10637329101 17116.8904663086 2289.15225219727
vertex 9822.63316162109 17118.3864746094 2286.16007080078
vertex 9821.13690612793 17082.4779907227 2287.65607910156
endloop
endfacet
facet normal -0.86534992052395 0.247857152824934 -0.435587358451448
outer loop
vertex 9816.64838684082 17118.3864746094 2251.74792480469
vertex 9819.64065063476 17101.9287353516 2232.29750976562
vertex 9813.65604064941 17094.448034668 2242.77072143555
endloop
endfacet
facet normal -0.615532855058432 0.206160909072091 0.760668774115373
outer loop
vertex 9821.13690612793 17082.4779907227 2287.65607910156
vertex 9812.15978515625 17089.9593505859 2278.67904052734
vertex 9807.67126586914 17054.0511962891 2287.65607910156
endloop
endfacet
facet normal -0.0171211599665186 0.814110175511154 0.58045799848964
outer loop
vertex 9809.1675213623 17074.9976196289 2220.328125
vertex 9833.10637329101 17082.9185360179 2210.73500545726
vertex 9833.10637329101 17089.9593505859 2200.87770996094
endloop
endfacet
facet normal -0.0452370655681988 0.812904757119714 0.580637118819419
outer loop
vertex 9833.10637329101 17082.9185360179 2210.73500545726
vertex 9809.1675213623 17074.9976196289 2220.328125
vertex 9833.10637329101 17074.9976196289 2221.82446289063
endloop
endfacet
facet normal -0.615532855058432 0.206160909072091 0.760668774115373
outer loop
vertex 9821.13690612793 17082.4779907227 2287.65607910156
vertex 9807.67126586914 17054.0511962891 2287.65607910156
vertex 9815.15229614258 17039.0897949219 2301.12180175781
endloop
endfacet
facet normal -0.0524023341801643 0.0997853616521554 0.993628138174649
outer loop
vertex 9833.10637329101 17116.8904663086 2289.15225219727
vertex 9821.13690612793 17082.4779907227 2287.65607910156
vertex 9833.10637329101 17079.4863037109 2293.64077148437
endloop
endfacet
facet normal -0.783223255700594 0.407783146518916 -0.469333822715659
outer loop
vertex 9822.63316162109 17082.4779907227 2212.84725952148
vertex 9818.14455993652 17063.0282348633 2200.87770996094
vertex 9815.15229614258 17074.9976196289 2218.8319519043
endloop
endfacet
facet normal -0.825240876023211 0.404077313412902 -0.39458715301623
outer loop
vertex 9815.15229614258 17074.9976196289 2218.8319519043
vertex 9818.14455993652 17063.0282348633 2200.87770996094
vertex 9809.1675213623 17054.0511962891 2206.86256713867
endloop
endfacet
facet normal 5.56131903540714e-017 0.994565501821761 0.104112739787357
outer loop
vertex 9804.67891967773 17080.9819824219 2256.23627929688
vertex 9801.68657348633 17080.9819824219 2227.80915527344
vertex 9801.68657348633 17080.9819824219 2256.23627929688
endloop
endfacet
facet normal 0.297383261482788 -0.954726489697348 0.00777982390805237
outer loop
vertex 9821.13690612793 17064.5245727539 2229.30516357422
vertex 9818.14455993652 17063.0282348633 2200.87770996094
vertex 9833.10637329101 17066.0205810547 2200.87770996094
endloop
endfacet
facet normal 0.585195788658077 0.808548909811099 -0.0615999137997298
outer loop
vertex 9804.67891967773 17080.9819824219 2256.23627929688
vertex 9809.1675213623 17074.9976196289 2220.328125
vertex 9801.68657348633 17080.9819824219 2227.80915527344
endloop
endfacet
facet normal -0.908662911528881 0.327516561106592 -0.258968367591043
outer loop
vertex 9806.17509277344 17063.0282348633 2227.80915527344
vertex 9815.15229614258 17074.9976196289 2218.8319519043
vertex 9809.1675213623 17054.0511962891 2206.86256713867
endloop
endfacet
facet normal -0.825240876023211 0.404077313412902 -0.39458715301623
outer loop
vertex 9815.15229614258 17074.9976196289 2218.8319519043
vertex 9806.17509277344 17063.0282348633 2227.80915527344
vertex 9812.37144655489 17071.3010650084 2221.66389176852
endloop
endfacet
facet normal 0.297383261482788 -0.954726489697348 0.00777982390805237
outer loop
vertex 9821.13690612793 17064.5245727539 2229.30516357422
vertex 9833.10637329101 17066.0205810547 2200.87770996094
vertex 9833.10637329101 17066.0205810547 2226.31281738281
endloop
endfacet
facet normal -0.973379738363938 0.12357501308764 0.193031347410053
outer loop
vertex 9812.15978515625 17089.9593505859 2278.67904052734
vertex 9804.93077779403 17070.3535851042 2260.72791772404
vertex 9804.67891967773 17069.0125976562 2260.72512817383
endloop
endfacet
facet normal -0.982785219706751 0.173159051429714 0.0644139335385993
outer loop
vertex 9804.93077779403 17070.3535851042 2260.72791772404
vertex 9812.15978515625 17089.9593505859 2278.67904052734
vertex 9809.1675213623 17094.448034668 2260.72512817383
endloop
endfacet
facet normal -0.704504179354126 0.704705165003243 0.0840505305772809
outer loop
vertex 9803.18282897949 17077.9893066406 2277.18303222656
vertex 9804.67891967773 17080.9819824219 2256.23627929688
vertex 9801.68657348633 17076.4936279297 2277.18303222656
endloop
endfacet
facet normal -0.973379738363938 0.12357501308764 0.193031347410053
outer loop
vertex 9812.15978515625 17089.9593505859 2278.67904052734
vertex 9804.83781992078 17067.9206749589 2262.66777855056
vertex 9807.67126586914 17054.0511962891 2287.65607910156
endloop
endfacet
facet normal -0.964022572964839 0.171363138182251 0.20321209040454
outer loop
vertex 9804.83781992078 17067.9206749589 2262.66777855056
vertex 9812.15978515625 17089.9593505859 2278.67904052734
vertex 9804.67891967773 17069.0125976562 2260.72512817383
endloop
endfacet
facet normal -0.915360929780619 0.27427013865969 -0.294771537416275
outer loop
vertex 9813.65604064941 17094.448034668 2242.77072143555
vertex 9812.37144655489 17071.3010650084 2221.66389176852
vertex 9806.17509277344 17063.0282348633 2227.80915527344
endloop
endfacet
facet normal -0.857105978343406 0.395792890939401 -0.329723110154301
outer loop
vertex 9812.37144655489 17071.3010650084 2221.66389176852
vertex 9813.65604064941 17094.448034668 2242.77072143555
vertex 9815.15229614258 17074.9976196289 2218.8319519043
endloop
endfacet
facet normal -0.915360929780619 0.27427013865969 -0.294771537416275
outer loop
vertex 9813.65604064941 17094.448034668 2242.77072143555
vertex 9806.17509277344 17063.0282348633 2227.80915527344
vertex 9809.1675213623 17094.448034668 2260.72512817383
endloop
endfacet
facet normal -0.944139546921334 -0.32945364867868 0.00779803253927255
outer loop
vertex 9807.11028226205 17060.8378694367 2240.25026629231
vertex 9806.17509277344 17063.0282348633 2227.80915527344
vertex 9809.1675213623 17054.0511962891 2206.86256713867
endloop
endfacet
facet normal -0.940603498064203 -0.339361079216425 0.00995576930469386
outer loop
vertex 9806.17509277344 17063.0282348633 2227.80915527344
vertex 9807.11028226205 17060.8378694367 2240.25026629231
vertex 9804.63161596478 17068.2646271182 2265.23187331502
endloop
endfacet
facet normal -0.940603498064203 -0.339361079216425 0.00995576930469386
outer loop
vertex 9804.63161596478 17068.2646271182 2265.23187331502
vertex 9807.11028226205 17060.8378694367 2240.25026629231
vertex 9803.18282897949 17073.5012817383 2302.61781005859
endloop
endfacet
facet normal -0.940603498064203 -0.339361079216425 0.00995576930469386
outer loop
vertex 9806.17509277344 17063.0282348633 2227.80915527344
vertex 9804.63161596478 17068.2646271182 2265.23187331502
vertex 9804.69404690609 17068.0096630405 2263.4087210688
endloop
endfacet
facet normal -0.940603498064203 -0.339361079216425 0.00995576930469386
outer loop
vertex 9806.17509277344 17063.0282348633 2227.80915527344
vertex 9804.69404690609 17068.0096630405 2263.4087210688
vertex 9804.83781992078 17067.9206749589 2262.66777855056
endloop
endfacet
facet normal -0.997002066061155 0.0713154895955554 0.0300163491040326
outer loop
vertex 9804.67891967773 17069.0125976562 2260.72512817383
vertex 9809.1675213623 17094.448034668 2260.72512817383
vertex 9806.17509277344 17063.0282348633 2227.80915527344
endloop
endfacet
facet normal -0.990006749147663 0.140565228797397 -0.011316054754688
outer loop
vertex 9809.1675213623 17094.448034668 2260.72512817383
vertex 9804.67891967773 17069.0125976562 2260.72512817383
vertex 9804.93077779403 17070.3535851042 2260.72791772404
endloop
endfacet
facet normal -0.885347860582064 0.296273357003267 -0.358303312422278
outer loop
vertex 9819.64065063476 17101.9287353516 2232.29750976562
vertex 9815.15229614258 17074.9976196289 2218.8319519043
vertex 9813.65604064941 17094.448034668 2242.77072143555
endloop
endfacet
facet normal 0.984389088625478 -0.00878932164903042 0.175786432980619
outer loop
vertex 9815.15229614258 17039.0897949219 2301.12180175781
vertex 9804.67891967773 17003.1809814453 2357.97637939453
vertex 9804.67891967773 16973.2575195312 2356.48020629883
endloop
endfacet
facet normal 1.11917108178825e-016 0.9778046655451 0.209518581606107
outer loop
vertex 9801.68657348633 17076.4936279297 2277.18303222656
vertex 9804.67891967773 17080.9819824219 2256.23627929688
vertex 9801.68657348633 17080.9819824219 2256.23627929688
endloop
endfacet
facet normal 0.79835220497365 0.559649872599512 0.222319088053773
outer loop
vertex 9807.67126586914 17054.0511962891 2287.65607910156
vertex 9804.69404690609 17068.0096630405 2263.4087210688
vertex 9803.18282897949 17033.1044433594 2356.48020629883
endloop
endfacet
facet normal 0.79835220497365 0.559649872599512 0.222319088053773
outer loop
vertex 9804.69404690609 17068.0096630405 2263.4087210688
vertex 9807.67126586914 17054.0511962891 2287.65607910156
vertex 9804.83781992078 17067.9206749589 2262.66777855056
endloop
endfacet
facet normal 0.460144420755139 0.70993847527518 0.533155205706434
outer loop
vertex 9804.67891967773 17003.1809814453 2357.97637939453
vertex 9815.15229614258 17039.0897949219 2301.12180175781
vertex 9807.67126586914 17054.0511962891 2287.65607910156
endloop
endfacet
facet normal 0.995236415960766 0.0538234119478228 0.0812866327994043
outer loop
vertex 9807.67126586914 17054.0511962891 2287.65607910156
vertex 9803.18282897949 17033.1044433594 2356.48020629883
vertex 9804.67891967773 17003.1809814453 2357.97637939453
endloop
endfacet
facet normal 0.999347099575769 0.0255428876895221 0.0255526017849314
outer loop
vertex 9804.69404690609 17068.0096630405 2263.4087210688
vertex 9803.18282897949 17057.0432128906 2332.5416015625
vertex 9803.18282897949 17033.1044433594 2356.48020629883
endloop
endfacet
facet normal 0.999347099575769 0.0255428876895221 0.0255526017849314
outer loop
vertex 9803.18282897949 17057.0432128906 2332.5416015625
vertex 9804.69404690609 17068.0096630405 2263.4087210688
vertex 9804.63161596478 17068.2646271182 2265.23187331502
endloop
endfacet
facet normal -0.998016490950868 0.0539359846372819 0.0324652637648572
outer loop
vertex 9801.68657348633 17055.5472045898 2332.5416015625
vertex 9800.19040039062 17022.6310668945 2305.61032104492
vertex 9798.69430969238 17001.6849731445 2343.01481323242
endloop
endfacet
facet normal -0.997190680502092 -0.0675655104189185 -0.0323364890117244
outer loop
vertex 9804.63161596478 17068.2646271182 2265.23187331502
vertex 9806.17509277344 17063.0282348633 2227.80915527344
vertex 9803.18282897949 17057.0432128906 2332.5416015625
endloop
endfacet
facet normal -0.908662911528881 0.327516561106592 -0.258968367591043
outer loop
vertex 9806.17509277344 17063.0282348633 2227.80915527344
vertex 9804.63161596478 17068.2646271182 2265.23187331502
vertex 9804.67891967773 17069.0125976562 2260.72512817383
endloop
endfacet
facet normal -0.999272551977351 0.035239394655712 0.0145791607773499
outer loop
vertex 9801.68657348633 17072.0049438477 2302.61781005859
vertex 9800.19040039062 17043.5774902344 2269.70200195313
vertex 9800.19040039062 17022.6310668945 2305.61032104492
endloop
endfacet
facet normal -0.61221533313879 0.612289076661575 0.500294385807672
outer loop
vertex 9801.68657348633 17055.5472045898 2332.5416015625
vertex 9803.18282897949 17073.5012817383 2302.61781005859
vertex 9801.68657348633 17072.0049438477 2302.61781005859
endloop
endfacet
facet normal -0.688843306689439 0.68892646185613 0.225555378972779
outer loop
vertex 9803.18282897949 17073.5012817383 2302.61781005859
vertex 9801.68657348633 17055.5472045898 2332.5416015625
vertex 9803.18282897949 17057.0432128906 2332.5416015625
endloop
endfacet
facet normal -0.998016490950868 0.0539359846372819 0.0324652637648572
outer loop
vertex 9801.68657348633 17055.5472045898 2332.5416015625
vertex 9798.69430969238 17001.6849731445 2343.01481323242
vertex 9801.68657348633 17028.6160888672 2354.98403320312
endloop
endfacet
facet normal -0.634476285300084 0.634533837846531 0.441369065544426
outer loop
vertex 9803.18282897949 17057.0432128906 2332.5416015625
vertex 9801.68657348633 17055.5472045898 2332.5416015625
vertex 9803.18282897949 17033.1044433594 2356.48020629883
endloop
endfacet
facet normal -0.999272551977351 0.035239394655712 0.0145791607773499
outer loop
vertex 9801.68657348633 17072.0049438477 2302.61781005859
vertex 9800.19040039062 17022.6310668945 2305.61032104492
vertex 9801.68657348633 17055.5472045898 2332.5416015625
endloop
endfacet
facet normal -0.998016490950868 0.0539359846372819 0.0324652637648572
outer loop
vertex 9801.68657348633 17055.5472045898 2332.5416015625
vertex 9801.68657348633 17028.6160888672 2354.98403320312
vertex 9803.18282897949 17033.1044433594 2356.48020629883
endloop
endfacet
facet normal 0.90217987343822 0.153561452037348 0.40310092583766
outer loop
vertex 9801.68657348633 17028.6160888672 2354.98403320312
vertex 9801.68657348633 16997.1962890625 2366.95341796875
vertex 9804.67891967773 17003.1809814453 2357.97637939453
endloop
endfacet
facet normal -0.935143518378653 0.145457878285118 -0.323030347922894
outer loop
vertex 9815.15229614258 17145.317590332 2268.20582885742
vertex 9816.64838684082 17118.3864746094 2251.74792480469
vertex 9810.66377685547 17118.3864746094 2263.71730957031
endloop
endfacet
facet normal -0.707092389600001 3.38619831570136e-006 0.707121172472084
outer loop
vertex 9804.67891967773 17003.1809814453 2357.97637939453
vertex 9803.18282897949 17033.1044433594 2356.48020629883
vertex 9801.68657348633 17028.6160888672 2354.98403320312
endloop
endfacet
facet normal -0.932509795503147 0.126939509406182 -0.338100343452054
outer loop
vertex 9818.14455993652 17145.317590332 2257.7326171875
vertex 9824.1293347168 17125.8675048828 2242.77072143555
vertex 9816.64838684082 17118.3864746094 2251.74792480469
endloop
endfacet
facet normal 0.951914622473459 0.0472121943266989 0.302703749940547
outer loop
vertex 9804.67891967773 17003.1809814453 2357.97637939453
vertex 9801.68657348633 16997.1962890625 2366.95341796875
vertex 9798.69430969238 16962.7841430664 2366.95341796875
endloop
endfacet
facet normal -0.952885638051715 0.126940570466911 0.275490566742877
outer loop
vertex 9818.14455993652 17145.317590332 2277.18303222656
vertex 9810.66377685547 17118.3864746094 2263.71730957031
vertex 9813.65604064941 17118.3864746094 2278.67904052734
endloop
endfacet
facet normal -0.249530351711288 0.454214009907571 -0.855233439932353
outer loop
vertex 9833.10637329101 17128.8601806641 2241.27487792969
vertex 9824.1293347168 17125.8675048828 2242.77072143555
vertex 9827.1216809082 17145.317590332 2251.74792480469
endloop
endfacet
facet normal 2.25481963795823e-017 0.536880958470308 -0.843658009167224
outer loop
vertex 9833.10637329101 17145.317590332 2251.74792480469
vertex 9833.10637329101 17128.8601806641 2241.27487792969
vertex 9827.1216809082 17145.317590332 2251.74792480469
endloop
endfacet
facet normal -0.249530351711288 0.454214009907571 -0.855233439932353
outer loop
vertex 9833.10637329101 17128.8601806641 2241.27487792969
vertex 9833.10637329101 17145.317590332 2251.74792480469
vertex 9837.59497497559 17145.317590332 2251.74792480469
endloop
endfacet
facet normal -0.642800380634331 0.0958198946937869 0.760017248776126
outer loop
vertex 9822.63316162109 17118.3864746094 2286.16007080078
vertex 9818.14455993652 17145.317590332 2277.18303222656
vertex 9813.65604064941 17118.3864746094 2278.67904052734
endloop
endfacet
facet normal -0.633156042637658 0.14773679738502 0.759794225017431
outer loop
vertex 9818.14455993652 17145.317590332 2277.18303222656
vertex 9822.63316162109 17118.3864746094 2286.16007080078
vertex 9827.1216809082 17145.317590332 2284.66373291016
endloop
endfacet
facet normal -0.295099831708292 0.482653279206637 -0.824598024128616
outer loop
vertex 9827.1216809082 17145.317590332 2251.74792480469
vertex 9824.1293347168 17125.8675048828 2242.77072143555
vertex 9818.14455993652 17145.317590332 2257.7326171875
endloop
endfacet
facet normal -0.999579129315665 0.0240567482255674 0.016212251581718
outer loop
vertex 9800.19040039062 17089.9593505859 2200.87770996094
vertex 9800.19040039062 17043.5774902344 2269.70200195313
vertex 9801.68657348633 17080.9819824219 2227.80915527344
endloop
endfacet
facet normal -0.932509795503147 0.126939509406182 -0.338100343452054
outer loop
vertex 9818.14455993652 17145.317590332 2257.7326171875
vertex 9816.64838684082 17118.3864746094 2251.74792480469
vertex 9815.15229614258 17145.317590332 2268.20582885742
endloop
endfacet
facet normal -0.284755027121563 0.108807331974304 0.952405133878242
outer loop
vertex 9812.37144655489 17071.3010650084 2221.66389176852
vertex 9833.10637329101 17072.0049438477 2227.80915527344
vertex 9809.1675213623 17074.9976196289 2220.328125
endloop
endfacet
facet normal -0.284755027121563 0.108807331974304 0.952405133878242
outer loop
vertex 9833.10637329101 17072.0049438477 2227.80915527344
vertex 9812.37144655489 17071.3010650084 2221.66389176852
vertex 9819.64065063476 17063.0282348633 2224.81680908203
endloop
endfacet
facet normal -0.94346039726313 0.10483133846597 0.314472366467278
outer loop
vertex 9815.15229614258 17145.317590332 2268.20582885742
vertex 9810.66377685547 17118.3864746094 2263.71730957031
vertex 9818.14455993652 17145.317590332 2277.18303222656
endloop
endfacet
facet normal -0.994833974810429 0.0570672995471039 0.0839564523147839
outer loop
vertex 9798.69430969238 17001.6849731445 2343.01481323242
vertex 9798.69430969238 16962.7841430664 2366.95341796875
vertex 9801.68657348633 16997.1962890625 2366.95341796875
endloop
endfacet
facet normal 0.844673314866578 -0.00792147145994976 0.535223543430421
outer loop
vertex 9804.67891967773 16973.2575195312 2356.48020629883
vertex 9798.69430969238 16962.7841430664 2366.95341796875
vertex 9798.69430969238 16899.9448730469 2363.96107177734
endloop
endfacet
facet normal 0.371308852119938 0.742883626181193 -0.557004177981868
outer loop
vertex 9622.14547241211 17446.0488769531 2262.22097167969
vertex 9620.6492993164 17444.5531982422 2259.2287902832
vertex 9617.65687072754 17446.0488769531 2259.2287902832
endloop
endfacet
facet normal -0.999579129315665 0.0240567482255674 0.016212251581718
outer loop
vertex 9800.19040039062 17089.9593505859 2200.87770996094
vertex 9800.19040039062 17085.4706665039 2197.88552856445
vertex 9800.19040039062 17043.5774902344 2269.70200195313
endloop
endfacet
facet normal -0.538929617276383 0.647370617528071 -0.538949117434711
outer loop
vertex 9608.67983215332 17446.0488769531 2262.22097167969
vertex 9613.16835144043 17446.0488769531 2259.2287902832
vertex 9610.17608764648 17444.5531982422 2259.2287902832
endloop
endfacet
facet normal -0.0437805712350312 0.893549903622459 0.446824161520647
outer loop
vertex 9833.10637329101 17072.0049438477 2227.80915527344
vertex 9833.10637329101 17074.9976196289 2221.82446289063
vertex 9809.1675213623 17074.9976196289 2220.328125
endloop
endfacet
facet normal -0.706989926568949 0.707223616496248 6.88583328598921e-018
outer loop
vertex 9605.68740356445 17446.0488769531 2271.19833984375
vertex 9605.68740356445 17446.0488769531 2266.70965576172
vertex 9604.19123046875 17444.5531982422 2268.20582885742
endloop
endfacet
facet normal -0.999564628688588 0.0154633937961606 0.0251284008036906
outer loop
vertex 9798.69430969238 16962.7841430664 2366.95341796875
vertex 9798.69430969238 16899.9448730469 2359.47271728516
vertex 9798.69430969238 16899.9448730469 2363.96107177734
endloop
endfacet
facet normal -1.0 0.0 0.0
outer loop
vertex 9798.69430969238 16899.9448730469 2359.47271728516
vertex 9798.69430969238 16962.7841430664 2366.95341796875
vertex 9798.69430969238 17001.6849731445 2343.01481323242
endloop
endfacet
facet normal 0.801777415386327 0.267288585260131 -0.53451827692424
outer loop
vertex 9622.14547241211 17446.0488769531 2262.22097167969
vertex 9623.64164550781 17444.5531982422 2263.71730957031
vertex 9620.6492993164 17444.5531982422 2259.2287902832
endloop
endfacet
facet normal -1.37726778374895e-017 0.707223616496248 -0.706989926568949
outer loop
vertex 9617.65687072754 17446.0488769531 2259.2287902832
vertex 9614.66452453613 17444.5531982422 2257.7326171875
vertex 9613.16835144043 17446.0488769531 2259.2287902832
endloop
endfacet
facet normal -0.0875670969816896 0.65933101625574 0.746735973774783
outer loop
vertex 9614.66452453613 17444.5531982422 2278.67904052734
vertex 9617.65687072754 17446.0488769531 2277.18303222656
vertex 9613.16835144043 17446.0488769531 2277.18303222656
endloop
endfacet
facet normal -0.738945047621631 0.636682169966042 -0.220445074888955
outer loop
vertex 9605.68740356445 17446.0488769531 2266.70965576172
vertex 9608.67983215332 17446.0488769531 2262.22097167969
vertex 9605.68740356445 17444.5531982422 2263.71730957031
endloop
endfacet
facet normal 0.267249661620464 0.534690720640771 0.801675402905939
outer loop
vertex 9622.14547241211 17446.0488769531 2275.68669433594
vertex 9617.65687072754 17446.0488769531 2277.18303222656
vertex 9620.6492993164 17444.5531982422 2277.18303222656
endloop
endfacet
facet normal -0.556976675252812 0.742887857114611 0.371341641855562
outer loop
vertex 9608.67983215332 17446.0488769531 2275.68669433594
vertex 9605.68740356445 17446.0488769531 2271.19833984375
vertex 9605.68740356445 17444.5531982422 2274.19052124023
endloop
endfacet
facet normal 0.859396381719135 0.457354703281892 0.228614379412126
outer loop
vertex 9623.64164550781 17446.0488769531 2271.19833984375
vertex 9623.64164550781 17444.5531982422 2274.19052124023
vertex 9625.13773620605 17444.5531982422 2268.20582885742
endloop
endfacet
facet normal 0.801710107874385 0.534640256069848 0.267246514517232
outer loop
vertex 9622.14547241211 17446.0488769531 2275.68669433594
vertex 9623.64164550781 17444.5531982422 2274.19052124023
vertex 9623.64164550781 17446.0488769531 2271.19833984375
endloop
endfacet
facet normal 0.256779886058035 0.513743671329358 0.818615618153634
outer loop
vertex 9620.6492993164 17444.5531982422 2277.18303222656
vertex 9617.65687072754 17446.0488769531 2277.18303222656
vertex 9614.66452453613 17444.5531982422 2278.67904052734
endloop
endfacet
facet normal 0.218200716483054 0.436557702760896 -0.872814882713632
outer loop
vertex 9620.6492993164 17444.5531982422 2259.2287902832
vertex 9614.66452453613 17444.5531982422 2257.7326171875
vertex 9617.65687072754 17446.0488769531 2259.2287902832
endloop
endfacet
facet normal -0.267239681320965 0.534641307496757 0.801711684488649
outer loop
vertex 9610.17608764648 17444.5531982422 2277.18303222656
vertex 9613.16835144043 17446.0488769531 2277.18303222656
vertex 9608.67983215332 17446.0488769531 2275.68669433594
endloop
endfacet
facet normal -0.19310572559936 0.590588871539164 0.783527257697421
outer loop
vertex 9613.16835144043 17446.0488769531 2277.18303222656
vertex 9610.17608764648 17444.5531982422 2277.18303222656
vertex 9614.66452453613 17444.5531982422 2278.67904052734
endloop
endfacet
facet normal -0.617331790211636 0.68075461909932 -0.394302687499129
outer loop
vertex 9605.68740356445 17444.5531982422 2263.71730957031
vertex 9608.67983215332 17446.0488769531 2262.22097167969
vertex 9610.17608764648 17444.5531982422 2259.2287902832
endloop
endfacet
facet normal -0.458546130127241 0.0460152188345894 0.887478476460661
outer loop
vertex 9610.17608764648 17444.5531982422 2277.18303222656
vertex 9608.67983215332 17446.0488769531 2275.68669433594
vertex 9605.68740356445 17444.5531982422 2274.19052124023
endloop
endfacet
facet normal 0.707009400996854 0.70720414796724 -1.3772804418013e-017
outer loop
vertex 9623.64164550781 17446.0488769531 2271.19833984375
vertex 9625.13773620605 17444.5531982422 2268.20582885742
vertex 9623.64164550781 17446.0488769531 2266.70965576172
endloop
endfacet
facet normal -0.872825761290778 0.436533091333144 0.218206440322695
outer loop
vertex 9605.68740356445 17446.0488769531 2271.19833984375
vertex 9604.19123046875 17444.5531982422 2268.20582885742
vertex 9605.68740356445 17444.5531982422 2274.19052124023
endloop
endfacet
facet normal -0.738945047621631 0.636682169966042 -0.220445074888955
outer loop
vertex 9605.68740356445 17446.0488769531 2266.70965576172
vertex 9605.68740356445 17444.5531982422 2263.71730957031
vertex 9604.19123046875 17444.5531982422 2268.20582885742
endloop
endfacet
facet normal -0.705187439297852 -0.00410365531584923 -0.709009051754339
outer loop
vertex 9620.6492993164 17191.6991210937 2271.19833984375
vertex 9617.65687072754 17191.6991210937 2274.19052124023
vertex 9616.1607800293 17446.0488769531 2274.19052124023
endloop
endfacet
facet normal -0.087569159541249 0.659359391482856 -0.74671067700991
outer loop
vertex 9614.66452453613 17444.5531982422 2257.7326171875
vertex 9610.17608764648 17444.5531982422 2259.2287902832
vertex 9613.16835144043 17446.0488769531 2259.2287902832
endloop
endfacet
facet normal 0.0 0.0 -1.0
outer loop
vertex 9616.1607800293 17446.0488769531 2274.19052124023
vertex 9614.66452453613 17191.6991210937 2274.19052124023
vertex 9613.16835144043 17446.0488769531 2274.19052124023
endloop
endfacet
facet normal 0.0 0.0 -1.0
outer loop
vertex 9614.66452453613 17191.6991210937 2274.19052124023
vertex 9616.1607800293 17446.0488769531 2274.19052124023
vertex 9617.65687072754 17191.6991210937 2274.19052124023
endloop
endfacet
facet normal 0.801721147685576 0.534632896641633 -0.267228118247873
outer loop
vertex 9622.14547241211 17446.0488769531 2262.22097167969
vertex 9625.13773620605 17444.5531982422 2268.20582885742
vertex 9623.64164550781 17444.5531982422 2263.71730957031
endloop
endfacet
facet normal 0.746726457892936 0.659342295251704 -0.0875633186607473
outer loop
vertex 9625.13773620605 17444.5531982422 2268.20582885742
vertex 9622.14547241211 17446.0488769531 2262.22097167969
vertex 9623.64164550781 17446.0488769531 2266.70965576172
endloop
endfacet
facet normal 0.44722189975242 0.00263071364844844 -0.894419170035804
outer loop
vertex 9614.66452453613 17191.6991210937 2274.19052124023
vertex 9610.17608764648 17446.0488769531 2272.69434814453
vertex 9613.16835144043 17446.0488769531 2274.19052124023
endloop
endfacet
facet normal -0.894424095709657 -0.00263094545187494 -0.447212047176718
outer loop
vertex 9619.15304382324 17446.0488769531 2272.69434814453
vertex 9622.14547241211 17191.6991210937 2268.20582885742
vertex 9620.6492993164 17191.6991210937 2271.19833984375
endloop
endfacet
facet normal -0.894424095709657 -0.00263094545187494 -0.447212047176718
outer loop
vertex 9622.14547241211 17191.6991210937 2268.20582885742
vertex 9619.15304382324 17446.0488769531 2272.69434814453
vertex 9620.6492993164 17446.0488769531 2269.70200195313
endloop
endfacet
facet normal 0.894414244850137 0.00263048184885135 -0.447231751080357
outer loop
vertex 9610.17608764648 17446.0488769531 2272.69434814453
vertex 9611.67226074219 17191.6991210937 2274.19052124023
vertex 9608.67983215332 17446.0488769531 2269.70200195313
endloop
endfacet
facet normal -0.705187439297852 -0.00410365531584923 -0.709009051754339
outer loop
vertex 9620.6492993164 17191.6991210937 2271.19833984375
vertex 9616.1607800293 17446.0488769531 2274.19052124023
vertex 9619.15304382324 17446.0488769531 2272.69434814453
endloop
endfacet
facet normal 0.99998269755019 -0.00588256748752584 9.93613766719887e-017
outer loop
vertex 9610.17608764648 17446.0488769531 2263.71730957031
vertex 9608.67983215332 17191.6991210937 2268.20582885742
vertex 9608.67983215332 17191.6991210937 2265.21348266602
endloop
endfacet
facet normal 0.0 -0.0058822435509685 -0.999982699455749
outer loop
vertex 9614.66452453613 17191.6991210937 2274.19052124023
vertex 9611.67226074219 17191.6991210937 2274.19052124023
vertex 9610.17608764648 17446.0488769531 2272.69434814453
endloop
endfacet
facet normal 0.450263847930838 0.00255935298736674 0.8928918842496
outer loop
vertex 9613.16835144043 17446.0488769531 2262.22097167969
vertex 9608.67983215332 17191.6991210937 2265.21348266602
vertex 9611.67226074219 17191.6991210937 2262.22097167969
endloop
endfacet
facet normal 0.708951256732681 -0.00410467146712615 -0.70524553685174
outer loop
vertex 9611.67226074219 17191.6991210937 2274.19052124023
vertex 9608.67983215332 17191.6991210937 2271.19833984375
vertex 9608.67983215332 17446.0488769531 2269.70200195313
endloop
endfacet
facet normal 0.447130708441584 -0.00789053168900433 0.894433825991723
outer loop
vertex 9616.1607800293 17446.0488769531 2262.22097167969
vertex 9611.67226074219 17191.6991210937 2262.22097167969
vertex 9614.66452453613 17191.6991210937 2260.72512817383
endloop
endfacet
facet normal 1.0 0.0 0.0
outer loop
vertex 9608.67983215332 17446.0488769531 2266.70965576172
vertex 9608.67983215332 17191.6991210937 2271.19833984375
vertex 9608.67983215332 17191.6991210937 2268.20582885742
endloop
endfacet
facet normal 1.0 0.0 0.0
outer loop
vertex 9608.67983215332 17191.6991210937 2271.19833984375
vertex 9608.67983215332 17446.0488769531 2266.70965576172
vertex 9608.67983215332 17446.0488769531 2269.70200195313
endloop
endfacet
facet normal -0.447197269708611 -0.00263042390792794 0.894431485825062
outer loop
vertex 9617.65687072754 17191.6991210937 2262.22097167969
vertex 9616.1607800293 17446.0488769531 2262.22097167969
vertex 9614.66452453613 17191.6991210937 2260.72512817383
endloop
endfacet
facet normal -0.447197269708611 -0.00263042390792794 0.894431485825062
outer loop
vertex 9616.1607800293 17446.0488769531 2262.22097167969
vertex 9617.65687072754 17191.6991210937 2262.22097167969
vertex 9619.15304382324 17446.0488769531 2263.71730957031
endloop
endfacet
facet normal 0.894414244168425 0.00263077159535565 0.44723175073941
outer loop
vertex 9608.67983215332 17446.0488769531 2266.70965576172
vertex 9608.67983215332 17191.6991210937 2268.20582885742
vertex 9610.17608764648 17446.0488769531 2263.71730957031
endloop
endfacet
facet normal -0.894414245531869 0.00263019208638917 0.44723175142117
outer loop
vertex 9619.15304382324 17446.0488769531 2263.71730957031
vertex 9617.65687072754 17191.6991210937 2262.22097167969
vertex 9620.6492993164 17446.0488769531 2266.70965576172
endloop
endfacet
facet normal 0.450263847930838 0.00255935298736674 0.8928918842496
outer loop
vertex 9613.16835144043 17446.0488769531 2262.22097167969
vertex 9610.17608764648 17446.0488769531 2263.71730957031
vertex 9608.67983215332 17191.6991210937 2265.21348266602
endloop
endfacet
facet normal -1.0 0.0 0.0
outer loop
vertex 9620.6492993164 17446.0488769531 2266.70965576172
vertex 9620.6492993164 17191.6991210937 2265.21348266602
vertex 9620.6492993164 17446.0488769531 2269.70200195313
endloop
endfacet
facet normal 0.0 0.0 1.0
outer loop
vertex 9616.1607800293 17446.0488769531 2262.22097167969
vertex 9613.16835144043 17446.0488769531 2262.22097167969
vertex 9611.67226074219 17191.6991210937 2262.22097167969
endloop
endfacet
facet normal -0.892906736457644 0.00255946654140055 0.450234393532506
outer loop
vertex 9620.6492993164 17446.0488769531 2266.70965576172
vertex 9617.65687072754 17191.6991210937 2262.22097167969
vertex 9620.6492993164 17191.6991210937 2265.21348266602
endloop
endfacet
facet normal -0.894399338239184 -0.00789174864056912 0.447199669119628
outer loop
vertex 9620.6492993164 17446.0488769531 2269.70200195313
vertex 9620.6492993164 17191.6991210937 2265.21348266602
vertex 9622.14547241211 17191.6991210937 2268.20582885742
endloop
endfacet
facet normal 0.97014564288747 0.0 0.242523053721618
outer loop
vertex 9625.13773620605 17444.5531982422 2268.20582885742
vertex 9623.64164550781 17392.1869750977 2274.19052124023
vertex 9625.13773620605 17392.1869750977 2268.20582885742
endloop
endfacet
facet normal 0.969605651653191 0.0148595017381405 0.24422136575305
outer loop
vertex 9623.64164550781 17392.1869750977 2274.19052124023
vertex 9625.13773620605 17444.5531982422 2268.20582885742
vertex 9623.64164550781 17444.5531982422 2274.19052124023
endloop
endfacet
facet normal -0.70709380067674 0.0 -0.707119761458074
outer loop
vertex 9610.17608764648 17444.5531982422 2259.2287902832
vertex 9605.68740356445 17392.1869750977 2263.71730957031
vertex 9605.68740356445 17444.5531982422 2263.71730957031
endloop
endfacet
facet normal -0.707033956544128 0.0136175292310965 -0.707048475842496
outer loop
vertex 9605.68740356445 17392.1869750977 2263.71730957031
vertex 9610.17608764648 17444.5531982422 2259.2287902832
vertex 9610.17608764648 17392.1869750977 2259.2287902832
endloop
endfacet
facet normal 0.707126251500995 3.845180458524e-007 0.707087310335862
outer loop
vertex 9623.64164550781 17444.5531982422 2274.19052124023
vertex 9620.6492993164 17392.1869750977 2277.18303222656
vertex 9623.64164550781 17392.1869750977 2274.19052124023
endloop
endfacet
facet normal 0.707076320607252 0.0109141809945849 0.707053008967311
outer loop
vertex 9620.6492993164 17392.1869750977 2277.18303222656
vertex 9623.64164550781 17444.5531982422 2274.19052124023
vertex 9620.6492993164 17444.5531982422 2277.18303222656
endloop
endfacet
facet normal 0.707126251500995 3.845180458524e-007 0.707087310335862
outer loop
vertex 9620.6492993164 17444.5531982422 2277.18303222656
vertex 9623.64164550781 17444.5531982422 2274.19052124023
vertex 9622.14547241211 17446.0488769531 2275.68669433594
endloop
endfacet
facet normal -0.970142500145332 0.0 0.242535625036333
outer loop
vertex 9605.68740356445 17444.5531982422 2274.19052124023
vertex 9604.19123046875 17392.1869750977 2268.20582885742
vertex 9605.68740356445 17392.1869750977 2274.19052124023
endloop
endfacet
facet normal -0.970214671373494 0.0121253452161336 0.241943107889049
outer loop
vertex 9604.19123046875 17392.1869750977 2268.20582885742
vertex 9605.68740356445 17444.5531982422 2274.19052124023
vertex 9604.19123046875 17444.5531982422 2268.20582885742
endloop
endfacet
facet normal 0.242489495762624 0.0121308456382246 0.970078186039089
outer loop
vertex 9620.6492993164 17392.1869750977 2277.18303222656
vertex 9614.66452453613 17444.5531982422 2278.67904052734
vertex 9614.66452453613 17392.1869750977 2278.67904052734
endloop
endfacet
facet normal 0.242507339795849 8.40062427719428e-029 0.970149571017346
outer loop
vertex 9614.66452453613 17444.5531982422 2278.67904052734
vertex 9620.6492993164 17392.1869750977 2277.18303222656
vertex 9620.6492993164 17444.5531982422 2277.18303222656
endloop
endfacet
facet normal 0.242532482262368 0.0 -0.970143285833414
outer loop
vertex 9620.6492993164 17444.5531982422 2259.2287902832
vertex 9614.66452453613 17392.1869750977 2257.7326171875
vertex 9614.66452453613 17444.5531982422 2257.7326171875
endloop
endfacet
facet normal 0.242505357082073 0.0149556128900581 -0.970034783618391
outer loop
vertex 9614.66452453613 17392.1869750977 2257.7326171875
vertex 9620.6492993164 17444.5531982422 2259.2287902832
vertex 9620.6492993164 17392.1869750977 2259.2287902832
endloop
endfacet
facet normal -0.316182614836726 0.010970219522364 0.948634918374103
outer loop
vertex 9614.66452453613 17392.1869750977 2278.67904052734
vertex 9610.17608764648 17444.5531982422 2277.18303222656
vertex 9610.17608764648 17392.1869750977 2277.18303222656
endloop
endfacet
facet normal -0.458546130127241 0.0460152188345894 0.887478476460661
outer loop
vertex 9610.17608764648 17444.5531982422 2277.18303222656
vertex 9614.66452453613 17392.1869750977 2278.67904052734
vertex 9614.66452453613 17444.5531982422 2278.67904052734
endloop
endfacet
facet normal -0.438470229319991 0.0125518165835307 0.898658060610668
outer loop
vertex 9610.17608764648 17392.1869750977 2277.18303222656
vertex 9605.68740356445 17444.5531982422 2274.19052124023
vertex 9605.68740356445 17392.1869750977 2274.19052124023
endloop
endfacet
facet normal -0.553754021389523 0.0585995049489455 0.830615784713167
outer loop
vertex 9605.68740356445 17444.5531982422 2274.19052124023
vertex 9610.17608764648 17392.1869750977 2277.18303222656
vertex 9610.17608764648 17444.5531982422 2277.18303222656
endloop
endfacet
facet normal 0.887479224902597 0.0459975187111865 -0.458546457448643
outer loop
vertex 9623.64164550781 17444.5531982422 2263.71730957031
vertex 9625.13773620605 17392.1869750977 2268.20582885742
vertex 9623.64164550781 17392.1869750977 2263.71730957031
endloop
endfacet
facet normal 0.948358637243955 0.0134407102251658 -0.316915197605656
outer loop
vertex 9625.13773620605 17392.1869750977 2268.20582885742
vertex 9623.64164550781 17444.5531982422 2263.71730957031
vertex 9625.13773620605 17444.5531982422 2268.20582885742
endloop
endfacet
facet normal -0.948683298050524 -2.73824854196241e-029 -0.316227766016807
outer loop
vertex 9604.19123046875 17444.5531982422 2268.20582885742
vertex 9605.68740356445 17392.1869750977 2263.71730957031
vertex 9604.19123046875 17392.1869750977 2268.20582885742
endloop
endfacet
facet normal -0.949112732387607 0.0110180931667821 -0.314743741546515
outer loop
vertex 9605.68740356445 17392.1869750977 2263.71730957031
vertex 9604.19123046875 17444.5531982422 2268.20582885742
vertex 9605.68740356445 17444.5531982422 2263.71730957031
endloop
endfacet
facet normal 0.969605651653191 0.0148595017381405 0.24422136575305
outer loop
vertex 9623.64164550781 17392.1869750977 2274.19052124023
vertex 9631.12242858887 17197.6841430664 2268.20582885742
vertex 9625.13773620605 17392.1869750977 2268.20582885742
endloop
endfacet
facet normal -0.316232990700719 -6.84573445758581e-030 -0.948681556473234
outer loop
vertex 9614.66452453613 17444.5531982422 2257.7326171875
vertex 9610.17608764648 17392.1869750977 2259.2287902832
vertex 9610.17608764648 17444.5531982422 2259.2287902832
endloop
endfacet
facet normal -0.316204572907261 0.0134059263737813 -0.948596304657886
outer loop
vertex 9610.17608764648 17392.1869750977 2259.2287902832
vertex 9614.66452453613 17444.5531982422 2257.7326171875
vertex 9614.66452453613 17392.1869750977 2257.7326171875
endloop
endfacet
facet normal 0.196599406417572 0.00756515262515223 0.980454711785311
outer loop
vertex 9622.14547241211 17197.6841430664 2281.67138671875
vertex 9614.66452453613 17392.1869750977 2278.67904052734
vertex 9614.66452453613 17197.6841430664 2283.16772460938
endloop
endfacet
facet normal 0.830621483722086 0.0585788738283183 -0.553747655814746
outer loop
vertex 9620.6492993164 17444.5531982422 2259.2287902832
vertex 9623.64164550781 17392.1869750977 2263.71730957031
vertex 9620.6492993164 17392.1869750977 2259.2287902832
endloop
endfacet
facet normal 0.897727346434035 0.0116678435407248 -0.440396949230595
outer loop
vertex 9623.64164550781 17392.1869750977 2263.71730957031
vertex 9620.6492993164 17444.5531982422 2259.2287902832
vertex 9623.64164550781 17444.5531982422 2263.71730957031
endloop
endfacet
facet normal -0.19706273975563 0.0127735148923553 0.980307662888187
outer loop
vertex 9614.66452453613 17197.6841430664 2283.16772460938
vertex 9610.17608764648 17392.1869750977 2277.18303222656
vertex 9607.18365905761 17197.6841430664 2281.67138671875
endloop
endfacet
facet normal 0.969605651653191 0.0148595017381405 0.24422136575305
outer loop
vertex 9623.64164550781 17392.1869750977 2274.19052124023
vertex 9628.13016479492 17197.6841430664 2275.68669433594
vertex 9631.12242858887 17197.6841430664 2268.20582885742
endloop
endfacet
facet normal -0.556899955847316 0.0138538736740164 0.830464032551369
outer loop
vertex 9605.68740356445 17392.1869750977 2274.19052124023
vertex 9601.19904907226 17197.6841430664 2275.68669433594
vertex 9607.18365905761 17197.6841430664 2281.67138671875
endloop
endfacet
facet normal 0.707076320624625 0.0109141789346814 0.707053008981734
outer loop
vertex 9623.64164550781 17392.1869750977 2274.19052124023
vertex 9622.14547241211 17197.6841430664 2281.67138671875
vertex 9628.13016479492 17197.6841430664 2275.68669433594
endloop
endfacet
facet normal 0.705846125026512 0.0107828691430507 0.708283119605502
outer loop
vertex 9622.14547241211 17197.6841430664 2281.67138671875
vertex 9623.64164550781 17392.1869750977 2274.19052124023
vertex 9620.6492993164 17392.1869750977 2277.18303222656
endloop
endfacet
facet normal -0.970214671373494 0.0121253452161336 0.241943107889049
outer loop
vertex 9604.19123046875 17392.1869750977 2268.20582885742
vertex 9599.70287597656 17197.6841430664 2268.20582885742
vertex 9601.19904907226 17197.6841430664 2275.68669433594
endloop
endfacet
facet normal 0.196599406417572 0.00756515262515223 0.980454711785311
outer loop
vertex 9622.14547241211 17197.6841430664 2281.67138671875
vertex 9620.6492993164 17392.1869750977 2277.18303222656
vertex 9614.66452453613 17392.1869750977 2278.67904052734
endloop
endfacet
facet normal -0.949112732387607 0.0110180931667821 -0.314743741546515
outer loop
vertex 9605.68740356445 17392.1869750977 2263.71730957031
vertex 9601.19904907226 17197.6841430664 2260.72512817383
vertex 9599.70287597656 17197.6841430664 2268.20582885742
endloop
endfacet
facet normal -0.316182614836726 0.010970219522364 0.948634918374103
outer loop
vertex 9614.66452453613 17392.1869750977 2278.67904052734
vertex 9610.17608764648 17392.1869750977 2277.18303222656
vertex 9614.66452453613 17197.6841430664 2283.16772460938
endloop
endfacet
facet normal -0.707033956544128 0.0136175292310965 -0.707048475842496
outer loop
vertex 9605.68740356445 17392.1869750977 2263.71730957031
vertex 9607.18365905761 17197.6841430664 2254.74043579102
vertex 9601.19904907226 17197.6841430664 2260.72512817383
endloop
endfacet
facet normal -0.549533543096138 0.0155398878396495 -0.835327119695115
outer loop
vertex 9607.18365905761 17197.6841430664 2254.74043579102
vertex 9605.68740356445 17392.1869750977 2263.71730957031
vertex 9610.17608764648 17392.1869750977 2259.2287902832
endloop
endfacet
facet normal -0.438470229319991 0.0125518165835307 0.898658060610668
outer loop
vertex 9610.17608764648 17392.1869750977 2277.18303222656
vertex 9605.68740356445 17392.1869750977 2274.19052124023
vertex 9607.18365905761 17197.6841430664 2281.67138671875
endloop
endfacet
facet normal -0.316936097368721 0.0134405928388425 -0.948351654529492
outer loop
vertex 9614.66452453613 17392.1869750977 2257.7326171875
vertex 9607.18365905761 17197.6841430664 2254.74043579102
vertex 9610.17608764648 17392.1869750977 2259.2287902832
endloop
endfacet
facet normal -0.970214671373494 0.0121253452161336 0.241943107889049
outer loop
vertex 9604.19123046875 17392.1869750977 2268.20582885742
vertex 9601.19904907226 17197.6841430664 2275.68669433594
vertex 9605.68740356445 17392.1869750977 2274.19052124023
endloop
endfacet
facet normal 0.244231014580328 0.0148594548125742 -0.969603222003587
outer loop
vertex 9620.6492993164 17392.1869750977 2259.2287902832
vertex 9614.66452453613 17197.6841430664 2251.74792480469
vertex 9614.66452453613 17392.1869750977 2257.7326171875
endloop
endfacet
facet normal -0.949112732387607 0.0110180931667821 -0.314743741546515
outer loop
vertex 9605.68740356445 17392.1869750977 2263.71730957031
vertex 9599.70287597656 17197.6841430664 2268.20582885742
vertex 9604.19123046875 17392.1869750977 2268.20582885742
endloop
endfacet
facet normal -0.371370715066143 0.0142276442478632 -0.928375660026919
outer loop
vertex 9614.66452453613 17197.6841430664 2251.74792480469
vertex 9607.18365905761 17197.6841430664 2254.74043579102
vertex 9614.66452453613 17392.1869750977 2257.7326171875
endloop
endfacet
facet normal 0.371377393875299 0.0121440251827665 -0.928402581841925
outer loop
vertex 9622.14547241211 17197.6841430664 2254.74043579102
vertex 9614.66452453613 17197.6841430664 2251.74792480469
vertex 9620.6492993164 17392.1869750977 2259.2287902832
endloop
endfacet
facet normal 0.705821182329341 0.0136683227922414 -0.708258170109783
outer loop
vertex 9628.13016479492 17197.6841430664 2260.72512817383
vertex 9622.14547241211 17197.6841430664 2254.74043579102
vertex 9623.64164550781 17392.1869750977 2263.71730957031
endloop
endfacet
facet normal 0.928760731515391 0.0107711226334324 0.370523260419924
outer loop
vertex 9628.13016479492 17197.6841430664 2275.68669433594
vertex 9628.13016479492 17001.6849731445 2275.68669433594
vertex 9631.12242858887 17001.6849731445 2266.70965576172
endloop
endfacet
facet normal 0.897727346434035 0.0116678435407248 -0.440396949230595
outer loop
vertex 9623.64164550781 17392.1869750977 2263.71730957031
vertex 9622.14547241211 17197.6841430664 2254.74043579102
vertex 9620.6492993164 17392.1869750977 2259.2287902832
endloop
endfacet
facet normal 0.948358637243955 0.0134407102251658 -0.316915197605656
outer loop
vertex 9625.13773620605 17392.1869750977 2268.20582885742
vertex 9631.12242858887 17197.6841430664 2268.20582885742
vertex 9628.13016479492 17197.6841430664 2260.72512817383
endloop
endfacet
facet normal 0.603093126028238 -0.0059406121154115 0.797648663551304
outer loop
vertex 9628.13016479492 17001.6849731445 2275.68669433594
vertex 9622.14547241211 17197.6841430664 2281.67138671875
vertex 9622.14547241211 17001.6849731445 2280.17521362305
endloop
endfacet
facet normal 0.367206729084015 -0.000185703748778388 0.930139335599531
outer loop
vertex 9622.14547241211 17001.6849731445 2280.17521362305
vertex 9614.66452453613 17197.6841430664 2283.16772460938
vertex 9614.66452453613 17001.6849731445 2283.16772460938
endloop
endfacet
facet normal 0.948358637243955 0.0134407102251658 -0.316915197605656
outer loop
vertex 9625.13773620605 17392.1869750977 2268.20582885742
vertex 9628.13016479492 17197.6841430664 2260.72512817383
vertex 9623.64164550781 17392.1869750977 2263.71730957031
endloop
endfacet
facet normal -0.3672084906738 -0.00691469286747108 0.930112956258334
outer loop
vertex 9614.66452453613 17001.6849731445 2283.16772460938
vertex 9607.18365905761 17197.6841430664 2281.67138671875
vertex 9607.18365905761 17001.6849731445 2280.17521362305
endloop
endfacet
facet normal 0.928760731515391 0.0107711226334324 0.370523260419924
outer loop
vertex 9628.13016479492 17197.6841430664 2275.68669433594
vertex 9631.12242858887 17001.6849731445 2266.70965576172
vertex 9631.12242858887 17197.6841430664 2268.20582885742
endloop
endfacet
facet normal -0.603100492465519 -0.000147886272082489 0.797665201771708
outer loop
vertex 9607.18365905761 17001.6849731445 2280.17521362305
vertex 9601.19904907226 17197.6841430664 2275.68669433594
vertex 9601.19904907226 17001.6849731445 2275.68669433594
endloop
endfacet
facet normal 0.705846125026512 0.0107828691430507 0.708283119605502
outer loop
vertex 9622.14547241211 17197.6841430664 2281.67138671875
vertex 9628.13016479492 17001.6849731445 2275.68669433594
vertex 9628.13016479492 17197.6841430664 2275.68669433594
endloop
endfacet
facet normal -0.980611843146874 0.0112500615672028 0.195637034313098
outer loop
vertex 9599.70287597656 17197.6841430664 2268.20582885742
vertex 9599.70287597656 17001.6849731445 2266.70965576172
vertex 9601.19904907226 17001.6849731445 2275.68669433594
endloop
endfacet
facet normal 0.196599406417572 0.00756515262515223 0.980454711785311
outer loop
vertex 9622.14547241211 17197.6841430664 2281.67138671875
vertex 9614.66452453613 17197.6841430664 2283.16772460938
vertex 9622.14547241211 17001.6849731445 2280.17521362305
endloop
endfacet
facet normal -0.980611843146874 0.0112500615672028 0.195637034313098
outer loop
vertex 9599.70287597656 17197.6841430664 2268.20582885742
vertex 9601.19904907226 17001.6849731445 2275.68669433594
vertex 9601.19904907226 17197.6841430664 2275.68669433594
endloop
endfacet
facet normal -0.19706273975563 0.0127735148923553 0.980307662888187
outer loop
vertex 9614.66452453613 17197.6841430664 2283.16772460938
vertex 9607.18365905761 17197.6841430664 2281.67138671875
vertex 9614.66452453613 17001.6849731445 2283.16772460938
endloop
endfacet
facet normal -0.489928497767129 -1.26503794859474e-018 -0.871762620829572
outer loop
vertex 9607.18365905761 17001.6849731445 2254.74043579102
vertex 9601.19904907226 17001.6849731445 2259.2287902832
vertex 9607.18365905761 17197.6841430664 2254.74043579102
endloop
endfacet
facet normal -0.70586820925718 0.00819559084887534 0.708295773989016
outer loop
vertex 9601.19904907226 17197.6841430664 2275.68669433594
vertex 9607.18365905761 17001.6849731445 2280.17521362305
vertex 9607.18365905761 17197.6841430664 2281.67138671875
endloop
endfacet
facet normal -0.549533543096138 0.0155398878396495 -0.835327119695115
outer loop
vertex 9607.18365905761 17197.6841430664 2254.74043579102
vertex 9601.19904907226 17001.6849731445 2259.2287902832
vertex 9601.19904907226 17197.6841430664 2260.72512817383
endloop
endfacet
facet normal 0.371377393875299 0.0121440251827665 -0.928402581841925
outer loop
vertex 9622.14547241211 17197.6841430664 2254.74043579102
vertex 9614.66452453613 17145.317590332 2251.74792480469
vertex 9614.66452453613 17197.6841430664 2251.74792480469
endloop
endfacet
facet normal 0.371404781781169 4.16503042464262e-019 -0.928471048590145
outer loop
vertex 9614.66452453613 17145.317590332 2251.74792480469
vertex 9622.14547241211 17197.6841430664 2254.74043579102
vertex 9614.66452453613 17001.6849731445 2251.74792480469
endloop
endfacet
facet normal 0.371404781781169 4.16503042464262e-019 -0.928471048590145
outer loop
vertex 9614.66452453613 17001.6849731445 2251.74792480469
vertex 9622.14547241211 17197.6841430664 2254.74043579102
vertex 9622.14547241211 17001.6849731445 2254.74043579102
endloop
endfacet
facet normal -0.980300642531814 0.0135516523048883 -0.197045687523273
outer loop
vertex 9599.70287597656 17197.6841430664 2268.20582885742
vertex 9601.19904907226 17001.6849731445 2259.2287902832
vertex 9599.70287597656 17001.6849731445 2266.70965576172
endloop
endfacet
facet normal -0.980579161299778 0.00149716258237041 -0.196117992363848
outer loop
vertex 9601.19904907226 17001.6849731445 2259.2287902832
vertex 9599.70287597656 17197.6841430664 2268.20582885742
vertex 9601.19904907226 17197.6841430664 2260.72512817383
endloop
endfacet
facet normal 0.599974710964191 0.00610749427306773 -0.799995652936402
outer loop
vertex 9628.13016479492 17001.6849731445 2259.2287902832
vertex 9622.14547241211 17001.6849731445 2254.74043579102
vertex 9628.13016479492 17197.6841430664 2260.72512817383
endloop
endfacet
facet normal 0.928533221666841 0.0156312946525131 -0.370920097714432
outer loop
vertex 9628.13016479492 17197.6841430664 2260.72512817383
vertex 9631.12242858887 17001.6849731445 2266.70965576172
vertex 9628.13016479492 17001.6849731445 2259.2287902832
endloop
endfacet
facet normal 0.928475075196548 0.0028351405349326 -0.371383893992337
outer loop
vertex 9631.12242858887 17001.6849731445 2266.70965576172
vertex 9628.13016479492 17197.6841430664 2260.72512817383
vertex 9631.12242858887 17197.6841430664 2268.20582885742
endloop
endfacet
facet normal -0.371370715066143 0.0142276442478632 -0.928375660026919
outer loop
vertex 9614.66452453613 17197.6841430664 2251.74792480469
vertex 9607.18365905761 17001.6849731445 2254.74043579102
vertex 9607.18365905761 17197.6841430664 2254.74043579102
endloop
endfacet
facet normal -0.489928497767129 -1.26503794859474e-018 -0.871762620829572
outer loop
vertex 9607.18365905761 17001.6849731445 2254.74043579102
vertex 9614.66452453613 17197.6841430664 2251.74792480469
vertex 9614.66452453613 17001.6849731445 2251.74792480469
endloop
endfacet
facet normal -0.371408308291965 -4.16511584772473e-019 -0.92846963791591
outer loop
vertex 9614.66452453613 17001.6849731445 2251.74792480469
vertex 9614.66452453613 17197.6841430664 2251.74792480469
vertex 9614.66452453613 17145.317590332 2251.74792480469
endloop
endfacet
facet normal 0.705821182329341 0.0136683227922414 -0.708258170109783
outer loop
vertex 9628.13016479492 17197.6841430664 2260.72512817383
vertex 9622.14547241211 17001.6849731445 2254.74043579102
vertex 9622.14547241211 17197.6841430664 2254.74043579102
endloop
endfacet
facet normal 0.0 1.0 0.0
outer loop
vertex 9608.67983215332 17446.0488769531 2262.22097167969
vertex 9610.17608764648 17446.0488769531 2263.71730957031
vertex 9613.16835144043 17446.0488769531 2262.22097167969
endloop
endfacet
facet normal 0.0 1.0 0.0
outer loop
vertex 9610.17608764648 17446.0488769531 2263.71730957031
vertex 9608.67983215332 17446.0488769531 2262.22097167969
vertex 9605.68740356445 17446.0488769531 2266.70965576172
endloop
endfacet
facet normal 0.0 1.0 0.0
outer loop
vertex 9610.17608764648 17446.0488769531 2263.71730957031
vertex 9605.68740356445 17446.0488769531 2266.70965576172
vertex 9608.67983215332 17446.0488769531 2266.70965576172
endloop
endfacet
facet normal 0.0 1.0 0.0
outer loop
vertex 9608.67983215332 17446.0488769531 2266.70965576172
vertex 9605.68740356445 17446.0488769531 2266.70965576172
vertex 9605.68740356445 17446.0488769531 2271.19833984375
endloop
endfacet
facet normal 0.0 1.0 0.0
outer loop
vertex 9608.67983215332 17446.0488769531 2266.70965576172
vertex 9605.68740356445 17446.0488769531 2271.19833984375
vertex 9608.67983215332 17446.0488769531 2269.70200195313
endloop
endfacet
facet normal 0.0 1.0 0.0
outer loop
vertex 9608.67983215332 17446.0488769531 2269.70200195313
vertex 9605.68740356445 17446.0488769531 2271.19833984375
vertex 9610.17608764648 17446.0488769531 2272.69434814453
endloop
endfacet
facet normal 0.0 1.0 0.0
outer loop
vertex 9610.17608764648 17446.0488769531 2272.69434814453
vertex 9605.68740356445 17446.0488769531 2271.19833984375
vertex 9608.67983215332 17446.0488769531 2275.68669433594
endloop
endfacet
facet normal 0.0 1.0 0.0
outer loop
vertex 9610.17608764648 17446.0488769531 2272.69434814453
vertex 9608.67983215332 17446.0488769531 2275.68669433594
vertex 9613.16835144043 17446.0488769531 2274.19052124023
endloop
endfacet
facet normal 0.0 1.0 0.0
outer loop
vertex 9613.16835144043 17446.0488769531 2274.19052124023
vertex 9608.67983215332 17446.0488769531 2275.68669433594
vertex 9616.1607800293 17446.0488769531 2274.19052124023
endloop
endfacet
facet normal 0.0 1.0 0.0
outer loop
vertex 9608.67983215332 17446.0488769531 2262.22097167969
vertex 9617.65687072754 17446.0488769531 2259.2287902832
vertex 9613.16835144043 17446.0488769531 2259.2287902832
endloop
endfacet
facet normal 0.0 1.0 0.0
outer loop
vertex 9617.65687072754 17446.0488769531 2259.2287902832
vertex 9608.67983215332 17446.0488769531 2262.22097167969
vertex 9622.14547241211 17446.0488769531 2262.22097167969
endloop
endfacet
facet normal 0.0 1.0 0.0
outer loop
vertex 9622.14547241211 17446.0488769531 2262.22097167969
vertex 9608.67983215332 17446.0488769531 2262.22097167969
vertex 9613.16835144043 17446.0488769531 2262.22097167969
endloop
endfacet
facet normal 0.0 1.0 0.0
outer loop
vertex 9622.14547241211 17446.0488769531 2262.22097167969
vertex 9613.16835144043 17446.0488769531 2262.22097167969
vertex 9616.1607800293 17446.0488769531 2262.22097167969
endloop
endfacet
facet normal 0.0 1.0 0.0
outer loop
vertex 9622.14547241211 17446.0488769531 2262.22097167969
vertex 9616.1607800293 17446.0488769531 2262.22097167969
vertex 9619.15304382324 17446.0488769531 2263.71730957031
endloop
endfacet
facet normal 0.0 1.0 0.0
outer loop
vertex 9622.14547241211 17446.0488769531 2262.22097167969
vertex 9619.15304382324 17446.0488769531 2263.71730957031
vertex 9623.64164550781 17446.0488769531 2266.70965576172
endloop
endfacet
facet normal 0.0 1.0 0.0
outer loop
vertex 9623.64164550781 17446.0488769531 2266.70965576172
vertex 9619.15304382324 17446.0488769531 2263.71730957031
vertex 9620.6492993164 17446.0488769531 2266.70965576172
endloop
endfacet
facet normal 0.0 1.0 0.0
outer loop
vertex 9623.64164550781 17446.0488769531 2266.70965576172
vertex 9620.6492993164 17446.0488769531 2266.70965576172
vertex 9620.6492993164 17446.0488769531 2269.70200195313
endloop
endfacet
facet normal 0.0 1.0 0.0
outer loop
vertex 9623.64164550781 17446.0488769531 2266.70965576172
vertex 9620.6492993164 17446.0488769531 2269.70200195313
vertex 9623.64164550781 17446.0488769531 2271.19833984375
endloop
endfacet
facet normal 0.0 1.0 0.0
outer loop
vertex 9623.64164550781 17446.0488769531 2271.19833984375
vertex 9620.6492993164 17446.0488769531 2269.70200195313
vertex 9619.15304382324 17446.0488769531 2272.69434814453
endloop
endfacet
facet normal 0.0 1.0 0.0
outer loop
vertex 9623.64164550781 17446.0488769531 2271.19833984375
vertex 9619.15304382324 17446.0488769531 2272.69434814453
vertex 9622.14547241211 17446.0488769531 2275.68669433594
endloop
endfacet
facet normal 0.0 1.0 0.0
outer loop
vertex 9622.14547241211 17446.0488769531 2275.68669433594
vertex 9619.15304382324 17446.0488769531 2272.69434814453
vertex 9616.1607800293 17446.0488769531 2274.19052124023
endloop
endfacet
facet normal 0.0 1.0 0.0
outer loop
vertex 9622.14547241211 17446.0488769531 2275.68669433594
vertex 9616.1607800293 17446.0488769531 2274.19052124023
vertex 9608.67983215332 17446.0488769531 2275.68669433594
endloop
endfacet
facet normal 0.0 1.0 0.0
outer loop
vertex 9622.14547241211 17446.0488769531 2275.68669433594
vertex 9608.67983215332 17446.0488769531 2275.68669433594
vertex 9613.16835144043 17446.0488769531 2277.18303222656
endloop
endfacet
facet normal 0.0 1.0 0.0
outer loop
vertex 9622.14547241211 17446.0488769531 2275.68669433594
vertex 9613.16835144043 17446.0488769531 2277.18303222656
vertex 9617.65687072754 17446.0488769531 2277.18303222656
endloop
endfacet
facet normal 3.90619806449782e-016 0.857492925712545 0.514495755427524
outer loop
vertex 9955.79281433105 17028.6160888672 2313.09118652344
vertex 9957.28906982422 17046.5701660156 2283.16772460938
vertex 9955.79281433105 17046.5701660156 2283.16772460938
endloop
endfacet
facet normal 3.90619806449782e-016 0.857492925712545 0.514495755427524
outer loop
vertex 9957.28906982422 17046.5701660156 2283.16772460938
vertex 9955.79281433105 17028.6160888672 2313.09118652344
vertex 9957.28906982422 17028.6160888672 2313.09118652344
endloop
endfacet
facet normal -2.52686496678609e-016 0.554700196225234 -0.83205029433784
outer loop
vertex 9957.28906982422 17046.5701660156 2283.16772460938
vertex 9955.79281433105 17028.6160888672 2271.19833984375
vertex 9955.79281433105 17046.5701660156 2283.16772460938
endloop
endfacet
facet normal -2.52686496678609e-016 0.554700196225234 -0.83205029433784
outer loop
vertex 9955.79281433105 17028.6160888672 2271.19833984375
vertex 9957.28906982422 17046.5701660156 2283.16772460938
vertex 9957.28906982422 17028.6160888672 2271.19833984375
endloop
endfacet
facet normal -0.0341385046008325 -0.524653889194874 0.850630859454506
outer loop
vertex 9957.28906982422 17009.1656738281 2301.12180175781
vertex 9957.28906982422 17028.6160888672 2313.09118652344
vertex 9955.79281433105 17028.6160888672 2313.09118652344
endloop
endfacet
facet normal 3.81162203726442e-015 -0.524094204897554 0.851660298706474
outer loop
vertex 9957.28906982422 17028.6160888672 2313.09118652344
vertex 9957.28906982422 17009.1656738281 2301.12180175781
vertex 9957.28906982422 17014.9593853835 2304.68713250719
endloop
endfacet
facet normal 1.0 0.0 0.0
outer loop
vertex 9957.28906982422 17028.6160888672 2271.19833984375
vertex 9957.28906982422 17014.9593853835 2304.68713250719
vertex 9957.28906982422 17009.1656738281 2301.12180175781
endloop
endfacet
facet normal 1.0 0.0 0.0
outer loop
vertex 9957.28906982422 17014.9593853835 2304.68713250719
vertex 9957.28906982422 17028.6160888672 2271.19833984375
vertex 9957.28906982422 17028.6160888672 2313.09118652344
endloop
endfacet
facet normal 1.0 0.0 0.0
outer loop
vertex 9957.28906982422 17028.6160888672 2313.09118652344
vertex 9957.28906982422 17028.6160888672 2271.19833984375
vertex 9957.28906982422 17046.5701660156 2283.16772460938
endloop
endfacet
facet normal -1.0 0.0 0.0
outer loop
vertex 9490.48191040039 17014.9593853835 2304.68713250719
vertex 9490.48191040039 17028.6160888672 2271.19833984375
vertex 9490.48191040039 17009.1656738281 2301.12180175781
endloop
endfacet
facet normal -1.0 0.0 0.0
outer loop
vertex 9490.48191040039 17028.6160888672 2271.19833984375
vertex 9490.48191040039 17014.9593853835 2304.68713250719
vertex 9490.48191040039 17028.6160888672 2313.09118652344
endloop
endfacet
facet normal -1.0 0.0 0.0
outer loop
vertex 9490.48191040039 17028.6160888672 2271.19833984375
vertex 9490.48191040039 17028.6160888672 2313.09118652344
vertex 9490.48191040039 17046.5701660156 2283.16772460938
endloop
endfacet
facet normal -0.0341385046008325 -0.524653889194874 0.850630859454506
outer loop
vertex 9957.28906982422 17009.1656738281 2301.12180175781
vertex 9955.79281433105 17014.8654092595 2304.54156768312
vertex 9955.79281433105 17009.1656738281 2301.12180175781
endloop
endfacet
facet normal -0.0356212189558811 -0.524664332347741 0.850563617328061
outer loop
vertex 9955.79281433105 17014.8654092595 2304.54156768312
vertex 9957.28906982422 17009.1656738281 2301.12180175781
vertex 9955.79281433105 17016.6467041016 2305.61032104492
endloop
endfacet
facet normal -0.0356212189558811 -0.524664332347741 0.850563617328061
outer loop
vertex 9955.79281433105 17016.6467041016 2305.61032104492
vertex 9957.28906982422 17009.1656738281 2301.12180175781
vertex 9955.79281433105 17028.6160888672 2313.09118652344
endloop
endfacet
facet normal 0.0356231782034002 -0.524664295683475 0.850563557889504
outer loop
vertex 9491.97808349609 17009.1656738281 2301.12180175781
vertex 9491.97808349609 17028.6160888672 2313.09118652344
vertex 9490.48191040039 17009.1656738281 2301.12180175781
endloop
endfacet
facet normal 0.00148809774242069 -0.524131346714438 0.851636141175572
outer loop
vertex 9491.97808349609 17028.6160888672 2313.09118652344
vertex 9491.97808349609 17009.1656738281 2301.12180175781
vertex 9491.97808349609 17014.8654092595 2304.54156768312
endloop
endfacet
facet normal 0.00148809774242069 -0.524131346714438 0.851636141175572
outer loop
vertex 9491.97808349609 17028.6160888672 2313.09118652344
vertex 9491.97808349609 17014.8654092595 2304.54156768312
vertex 9491.97808349609 17016.6467041016 2305.61032104492
endloop
endfacet
facet normal -1.0 0.0 0.0
outer loop
vertex 9955.79281433105 17014.8654092595 2304.54156768312
vertex 9955.79281433105 17028.6160888672 2271.19833984375
vertex 9955.79281433105 17009.1656738281 2301.12180175781
endloop
endfacet
facet normal -1.0 0.0 0.0
outer loop
vertex 9955.79281433105 17028.6160888672 2271.19833984375
vertex 9955.79281433105 17014.8654092595 2304.54156768312
vertex 9955.79281433105 17015.1503662109 2304.11414794922
endloop
endfacet
facet normal -1.0 0.0 0.0
outer loop
vertex 9955.79281433105 17028.6160888672 2271.19833984375
vertex 9955.79281433105 17015.1503662109 2304.11414794922
vertex 9955.79281433105 17016.6467041016 2305.61032104492
endloop
endfacet
facet normal -1.0 0.0 0.0
outer loop
vertex 9955.79281433105 17028.6160888672 2271.19833984375
vertex 9955.79281433105 17016.6467041016 2305.61032104492
vertex 9955.79281433105 17028.6160888672 2313.09118652344
endloop
endfacet
facet normal -1.0 0.0 0.0
outer loop
vertex 9955.79281433105 17028.6160888672 2271.19833984375
vertex 9955.79281433105 17028.6160888672 2313.09118652344
vertex 9955.79281433105 17046.5701660156 2283.16772460938
endloop
endfacet
facet normal 1.0 0.0 0.0
outer loop
vertex 9491.97808349609 17028.6160888672 2271.19833984375
vertex 9491.97808349609 17014.8654092595 2304.54156768312
vertex 9491.97808349609 17009.1656738281 2301.12180175781
endloop
endfacet
facet normal 1.0 0.0 0.0
outer loop
vertex 9491.97808349609 17014.8654092595 2304.54156768312
vertex 9491.97808349609 17028.6160888672 2271.19833984375
vertex 9491.97808349609 17015.1503662109 2304.11414794922
endloop
endfacet
facet normal 1.0 0.0 0.0
outer loop
vertex 9491.97808349609 17015.1503662109 2304.11414794922
vertex 9491.97808349609 17028.6160888672 2271.19833984375
vertex 9491.97808349609 17016.6467041016 2305.61032104492
endloop
endfacet
facet normal 1.0 0.0 0.0
outer loop
vertex 9491.97808349609 17016.6467041016 2305.61032104492
vertex 9491.97808349609 17028.6160888672 2271.19833984375
vertex 9491.97808349609 17028.6160888672 2313.09118652344
endloop
endfacet
facet normal 1.0 0.0 0.0
outer loop
vertex 9491.97808349609 17028.6160888672 2313.09118652344
vertex 9491.97808349609 17028.6160888672 2271.19833984375
vertex 9491.97808349609 17046.5701660156 2283.16772460938
endloop
endfacet
facet normal 0.0 0.554700196225234 -0.83205029433784
outer loop
vertex 9491.97808349609 17046.5701660156 2283.16772460938
vertex 9490.48191040039 17028.6160888672 2271.19833984375
vertex 9490.48191040039 17046.5701660156 2283.16772460938
endloop
endfacet
facet normal 0.0 0.554700196225234 -0.83205029433784
outer loop
vertex 9490.48191040039 17028.6160888672 2271.19833984375
vertex 9491.97808349609 17046.5701660156 2283.16772460938
vertex 9491.97808349609 17028.6160888672 2271.19833984375
endloop
endfacet
facet normal 0.0 -0.960122073735211 0.279581121548644
outer loop
vertex 9496.4666027832 16982.2345581055 2286.16007080078
vertex 9465.04688537598 16980.7382202148 2280.17521362305
vertex 9496.4666027832 16980.7382202148 2280.17521362305
endloop
endfacet
facet normal 0.0 -0.970137785894685 0.242554481260104
outer loop
vertex 9465.04688537598 16980.7382202148 2280.17521362305
vertex 9496.4666027832 16982.2345581055 2286.16007080078
vertex 9465.04688537598 16982.2345581055 2286.16007080078
endloop
endfacet
facet normal 0.0 1.0 0.0
outer loop
vertex 9465.04688537598 17028.6160888672 2269.70200195313
vertex 9496.4666027832 17028.6160888672 2265.21348266602
vertex 9465.04688537598 17028.6160888672 2265.21348266602
endloop
endfacet
facet normal 0.0 1.0 0.0
outer loop
vertex 9496.4666027832 17028.6160888672 2265.21348266602
vertex 9465.04688537598 17028.6160888672 2269.70200195313
vertex 9496.4666027832 17028.6160888672 2269.70200195313
endloop
endfacet
facet normal 0.00148809774242069 -0.524131346714438 0.851636141175572
outer loop
vertex 9491.97808349609 17028.6160888672 2313.09118652344
vertex 9490.48191040039 17014.9593853835 2304.68713250719
vertex 9490.48191040039 17009.1656738281 2301.12180175781
endloop
endfacet
facet normal -3.81204187722382e-015 -0.524094204897554 0.851660298706474
outer loop
vertex 9490.48191040039 17014.9593853835 2304.68713250719
vertex 9491.97808349609 17028.6160888672 2313.09118652344
vertex 9490.48191040039 17028.6160888672 2313.09118652344
endloop
endfacet
facet normal 0.0 0.316217317138256 -0.948686780946106
outer loop
vertex 9496.4666027832 17028.6160888672 2265.21348266602
vertex 9465.04688537598 17024.1274047852 2263.71730957031
vertex 9465.04688537598 17028.6160888672 2265.21348266602
endloop
endfacet
facet normal 0.0 0.160176807081885 -0.987088339751338
outer loop
vertex 9465.04688537598 17024.1274047852 2263.71730957031
vertex 9496.4666027832 17028.6160888672 2265.21348266602
vertex 9496.4666027832 17024.1274047852 2263.71730957031
endloop
endfacet
facet normal 0.0 0.857492925712545 0.514495755427524
outer loop
vertex 9490.48191040039 17028.6160888672 2313.09118652344
vertex 9491.97808349609 17046.5701660156 2283.16772460938
vertex 9490.48191040039 17046.5701660156 2283.16772460938
endloop
endfacet
facet normal 0.0 0.857492925712545 0.514495755427524
outer loop
vertex 9491.97808349609 17046.5701660156 2283.16772460938
vertex 9490.48191040039 17028.6160888672 2313.09118652344
vertex 9491.97808349609 17028.6160888672 2313.09118652344
endloop
endfacet
facet normal 0.0 -0.89442719099993 -0.447213595499929
outer loop
vertex 9496.4666027832 16980.7382202148 2280.17521362305
vertex 9465.04688537598 16983.7305664063 2274.19052124023
vertex 9496.4666027832 16983.7305664063 2274.19052124023
endloop
endfacet
facet normal 0.0 -0.876609707230769 -0.481202058587436
outer loop
vertex 9465.04688537598 16983.7305664063 2274.19052124023
vertex 9496.4666027832 16980.7382202148 2280.17521362305
vertex 9465.04688537598 16980.7382202148 2280.17521362305
endloop
endfacet
facet normal 0.0 -0.876609707230769 -0.481202058587436
outer loop
vertex 9496.4666027832 16983.7305664063 2274.19052124023
vertex 9465.04688537598 16988.2189208984 2266.70965576172
vertex 9496.4666027832 16988.2189208984 2266.70965576172
endloop
endfacet
facet normal 0.0 -0.857501259323566 -0.514481865820846
outer loop
vertex 9465.04688537598 16988.2189208984 2266.70965576172
vertex 9496.4666027832 16983.7305664063 2274.19052124023
vertex 9465.04688537598 16983.7305664063 2274.19052124023
endloop
endfacet
facet normal 0.0 0.160176807081885 -0.987088339751338
outer loop
vertex 9496.4666027832 17024.1274047852 2263.71730957031
vertex 9465.04688537598 16998.6922973633 2263.71730957031
vertex 9465.04688537598 17024.1274047852 2263.71730957031
endloop
endfacet
facet normal 0.0 -0.138699153812181 -0.990334562020222
outer loop
vertex 9465.04688537598 16998.6922973633 2263.71730957031
vertex 9496.4666027832 17024.1274047852 2263.71730957031
vertex 9496.4666027832 16998.6922973633 2263.71730957031
endloop
endfacet
facet normal -0.000864825272007357 -0.490142983868854 0.871641616400562
outer loop
vertex 9496.4666027832 16983.7305664063 2290.64859008789
vertex 9465.04688537598 17007.6699951172 2304.11414794922
vertex 9465.04688537598 16983.7305664063 2290.64859008789
endloop
endfacet
facet normal -0.000864825272007357 -0.490142983868854 0.871641616400562
outer loop
vertex 9465.04688537598 17007.6699951172 2304.11414794922
vertex 9496.4666027832 16983.7305664063 2290.64859008789
vertex 9496.4666027832 17007.6699951172 2304.11414794922
endloop
endfacet
facet normal -0.000864825272007357 -0.490142983868854 0.871641616400562
outer loop
vertex 9496.4666027832 17007.6699951172 2304.11414794922
vertex 9496.4666027832 16983.7305664063 2290.64859008789
vertex 9496.4666027832 16994.2036132813 2296.6332824707
endloop
endfacet
facet normal 0.0 -0.948693746852415 0.316196417884716
outer loop
vertex 9496.4666027832 16983.7305664063 2290.64859008789
vertex 9465.04688537598 16982.2345581055 2286.16007080078
vertex 9496.4666027832 16982.2345581055 2286.16007080078
endloop
endfacet
facet normal 0.0 -0.960122073735211 0.279581121548644
outer loop
vertex 9465.04688537598 16982.2345581055 2286.16007080078
vertex 9496.4666027832 16983.7305664063 2290.64859008789
vertex 9465.04688537598 16983.7305664063 2290.64859008789
endloop
endfacet
facet normal 0.0 -0.138699153812181 -0.990334562020222
outer loop
vertex 9496.4666027832 16998.6922973633 2263.71730957031
vertex 9465.04688537598 16988.2189208984 2266.70965576172
vertex 9465.04688537598 16998.6922973633 2263.71730957031
endloop
endfacet
facet normal 0.0 -0.274717131486323 -0.96152508946357
outer loop
vertex 9465.04688537598 16988.2189208984 2266.70965576172
vertex 9496.4666027832 16998.6922973633 2263.71730957031
vertex 9496.4666027832 16988.2189208984 2266.70965576172
endloop
endfacet
facet normal 0.0 -0.876609707230769 -0.481202058587436
outer loop
vertex 9982.72401245117 16983.7305664063 2274.19052124023
vertex 9951.30429504394 16988.2189208984 2266.70965576172
vertex 9982.72401245117 16988.2189208984 2266.70965576172
endloop
endfacet
facet normal 0.0 -0.857501259323566 -0.514481865820846
outer loop
vertex 9951.30429504394 16988.2189208984 2266.70965576172
vertex 9982.72401245117 16983.7305664063 2274.19052124023
vertex 9951.30429504394 16983.7305664063 2274.19052124023
endloop
endfacet
facet normal 0.0 0.854203295101459 0.519939160515738
outer loop
vertex 9465.04688537598 17007.6699951172 2304.11414794922
vertex 9496.4666027832 17028.6160888672 2269.70200195313
vertex 9465.04688537598 17028.6160888672 2269.70200195313
endloop
endfacet
facet normal 0.0 0.854203295101459 0.519939160515738
outer loop
vertex 9496.4666027832 17028.6160888672 2269.70200195313
vertex 9465.04688537598 17007.6699951172 2304.11414794922
vertex 9496.4666027832 17007.6699951172 2304.11414794922
endloop
endfacet
facet normal 0.0 -0.960122073735211 0.279581121548644
outer loop
vertex 9982.72401245117 16982.2345581055 2286.16007080078
vertex 9951.30429504394 16980.7382202148 2280.17521362305
vertex 9982.72401245117 16980.7382202148 2280.17521362305
endloop
endfacet
facet normal 0.0 -0.970137785894685 0.242554481260104
outer loop
vertex 9951.30429504394 16980.7382202148 2280.17521362305
vertex 9982.72401245117 16982.2345581055 2286.16007080078
vertex 9951.30429504394 16982.2345581055 2286.16007080078
endloop
endfacet
facet normal 0.0 1.0 0.0
outer loop
vertex 9951.30429504394 17028.6160888672 2269.70200195313
vertex 9982.72401245117 17028.6160888672 2265.21348266602
vertex 9951.30429504394 17028.6160888672 2265.21348266602
endloop
endfacet
facet normal 0.0 1.0 0.0
outer loop
vertex 9982.72401245117 17028.6160888672 2265.21348266602
vertex 9951.30429504394 17028.6160888672 2269.70200195313
vertex 9982.72401245117 17028.6160888672 2269.70200195313
endloop
endfacet
facet normal 0.00094327486541907 -0.490536213369992 0.871420296759926
outer loop
vertex 9982.72401245117 16983.7305664063 2290.64859008789
vertex 9951.30429504394 16994.2036132813 2296.6332824707
vertex 9951.30429504394 16983.7305664063 2290.64859008789
endloop
endfacet
facet normal 0.00094327486541907 -0.490536213369992 0.871420296759926
outer loop
vertex 9951.30429504394 16994.2036132813 2296.6332824707
vertex 9982.72401245117 16983.7305664063 2290.64859008789
vertex 9951.30429504394 17007.6699951172 2304.11414794922
endloop
endfacet
facet normal 0.00094327486541907 -0.490536213369992 0.871420296759926
outer loop
vertex 9951.30429504394 17007.6699951172 2304.11414794922
vertex 9982.72401245117 16983.7305664063 2290.64859008789
vertex 9960.41989124537 17007.6506866436 2304.1643495551
endloop
endfacet
facet normal 0.00094327486541907 -0.490536213369992 0.871420296759926
outer loop
vertex 9960.41989124537 17007.6506866436 2304.1643495551
vertex 9982.72401245117 16983.7305664063 2290.64859008789
vertex 9982.72401245117 17007.6699951172 2304.11414794922
endloop
endfacet
facet normal 2.38469501416725e-018 0.316217317138255 -0.948686780946106
outer loop
vertex 9982.72401245117 17028.6160888672 2265.21348266602
vertex 9951.30429504394 17024.1274047852 2263.71730957031
vertex 9951.30429504394 17028.6160888672 2265.21348266602
endloop
endfacet
facet normal 1.20794407052159e-018 0.160176807081885 -0.987088339751338
outer loop
vertex 9951.30429504394 17024.1274047852 2263.71730957031
vertex 9982.72401245117 17028.6160888672 2265.21348266602
vertex 9960.28141601562 17024.1274047852 2263.71730957031
endloop
endfacet
facet normal 1.20794407052159e-018 0.160176807081885 -0.987088339751338
outer loop
vertex 9960.28141601562 17024.1274047852 2263.71730957031
vertex 9982.72401245117 17028.6160888672 2265.21348266602
vertex 9961.77758911133 17024.1274047852 2263.71730957031
endloop
endfacet
facet normal 1.20794407052159e-018 0.160176807081885 -0.987088339751338
outer loop
vertex 9961.77758911133 17024.1274047852 2263.71730957031
vertex 9982.72401245117 17028.6160888672 2265.21348266602
vertex 9973.74697387695 17024.1274047852 2263.71730957031
endloop
endfacet
facet normal 1.20794407052159e-018 0.160176807081885 -0.987088339751338
outer loop
vertex 9973.74697387695 17024.1274047852 2263.71730957031
vertex 9982.72401245117 17028.6160888672 2265.21348266602
vertex 9975.24322937012 17024.1274047852 2263.71730957031
endloop
endfacet
facet normal 1.20794407052159e-018 0.160176807081885 -0.987088339751338
outer loop
vertex 9975.24322937012 17024.1274047852 2263.71730957031
vertex 9982.72401245117 17028.6160888672 2265.21348266602
vertex 9982.72401245117 17024.1274047852 2263.71730957031
endloop
endfacet
facet normal 1.20794407052159e-018 0.160176807081885 -0.987088339751338
outer loop
vertex 9960.28141601562 17024.1274047852 2263.71730957031
vertex 9951.30429504394 16998.6922973633 2263.71730957031
vertex 9951.30429504394 17024.1274047852 2263.71730957031
endloop
endfacet
facet normal 0.0 -0.138699153812181 -0.990334562020222
outer loop
vertex 9951.30429504394 16998.6922973633 2263.71730957031
vertex 9960.28141601562 17024.1274047852 2263.71730957031
vertex 9982.72401245117 16998.6922973633 2263.71730957031
endloop
endfacet
facet normal 0.0 -0.138699153812181 -0.990334562020222
outer loop
vertex 9982.72401245117 16998.6922973633 2263.71730957031
vertex 9960.28141601562 17024.1274047852 2263.71730957031
vertex 9961.77758911133 17024.1274047852 2263.71730957031
endloop
endfacet
facet normal 0.0 -0.138699153812181 -0.990334562020222
outer loop
vertex 9982.72401245117 16998.6922973633 2263.71730957031
vertex 9961.77758911133 17024.1274047852 2263.71730957031
vertex 9973.74697387695 17024.1274047852 2263.71730957031
endloop
endfacet
facet normal 0.0 -0.138699153812181 -0.990334562020222
outer loop
vertex 9982.72401245117 16998.6922973633 2263.71730957031
vertex 9973.74697387695 17024.1274047852 2263.71730957031
vertex 9975.24322937012 17024.1274047852 2263.71730957031
endloop
endfacet
facet normal 0.0 -0.138699153812181 -0.990334562020222
outer loop
vertex 9982.72401245117 16998.6922973633 2263.71730957031
vertex 9975.24322937012 17024.1274047852 2263.71730957031
vertex 9982.72401245117 17024.1274047852 2263.71730957031
endloop
endfacet
facet normal 0.0 -0.948693746852415 0.316196417884716
outer loop
vertex 9982.72401245117 16983.7305664063 2290.64859008789
vertex 9951.30429504394 16982.2345581055 2286.16007080078
vertex 9982.72401245117 16982.2345581055 2286.16007080078
endloop
endfacet
facet normal 0.0 -0.960122073735211 0.279581121548644
outer loop
vertex 9951.30429504394 16982.2345581055 2286.16007080078
vertex 9982.72401245117 16983.7305664063 2290.64859008789
vertex 9951.30429504394 16983.7305664063 2290.64859008789
endloop
endfacet
facet normal 0.0 -1.0 0.0
outer loop
vertex 9496.4666027832 16901.4412109375 2325.06040649414
vertex 9465.04688537598 16901.4412109375 2320.57205200195
vertex 9497.96285827637 16901.4412109375 2320.57205200195
endloop
endfacet
facet normal 0.0 -1.0 0.0
outer loop
vertex 9465.04688537598 16901.4412109375 2320.57205200195
vertex 9496.4666027832 16901.4412109375 2325.06040649414
vertex 9465.04688537598 16901.4412109375 2325.06040649414
endloop
endfacet
facet normal 0.0 -0.89442719099993 -0.447213595499929
outer loop
vertex 9982.72401245117 16980.7382202148 2280.17521362305
vertex 9951.30429504394 16983.7305664063 2274.19052124023
vertex 9982.72401245117 16983.7305664063 2274.19052124023
endloop
endfacet
facet normal 0.0 -0.876609707230769 -0.481202058587436
outer loop
vertex 9951.30429504394 16983.7305664063 2274.19052124023
vertex 9982.72401245117 16980.7382202148 2280.17521362305
vertex 9951.30429504394 16980.7382202148 2280.17521362305
endloop
endfacet
facet normal 3.13210085233084e-018 -0.877816136524799 -0.478997735335644
outer loop
vertex 9496.4666027832 16904.4335571289 2314.58735961914
vertex 9465.04688537598 16908.9219116211 2307.10649414062
vertex 9496.4666027832 16908.9219116211 2307.10649414062
endloop
endfacet
facet normal 0.0 -0.857501259323566 -0.514481865820846
outer loop
vertex 9465.04688537598 16908.9219116211 2307.10649414062
vertex 9496.4666027832 16904.4335571289 2314.58735961914
vertex 9465.04688537598 16904.4335571289 2314.58735961914
endloop
endfacet
facet normal 4.15300542634403e-005 0.854243529967169 0.519873051604413
outer loop
vertex 9951.30429504394 17007.6699951172 2304.11414794922
vertex 9982.72401245117 17028.6160888672 2269.70200195313
vertex 9951.30429504394 17028.6160888672 2269.70200195313
endloop
endfacet
facet normal 4.15300542634403e-005 0.854243529967169 0.519873051604413
outer loop
vertex 9982.72401245117 17028.6160888672 2269.70200195313
vertex 9951.30429504394 17007.6699951172 2304.11414794922
vertex 9982.72401245117 17007.6699951172 2304.11414794922
endloop
endfacet
facet normal 4.15300542634403e-005 0.854243529967169 0.519873051604413
outer loop
vertex 9982.72401245117 17007.6699951172 2304.11414794922
vertex 9951.30429504394 17007.6699951172 2304.11414794922
vertex 9960.41989124537 17007.6506866436 2304.1643495551
endloop
endfacet
facet normal 0.0 -1.0 0.0
outer loop
vertex 9975.24322937012 17024.1274047852 2257.7326171875
vertex 9973.74697387695 17024.1274047852 2259.2287902832
vertex 9960.28141601562 17024.1274047852 2257.7326171875
endloop
endfacet
facet normal 0.0 -1.0 0.0
outer loop
vertex 9973.74697387695 17024.1274047852 2259.2287902832
vertex 9975.24322937012 17024.1274047852 2257.7326171875
vertex 9975.24322937012 17024.1274047852 2263.71730957031
endloop
endfacet
facet normal 0.0 -1.0 0.0
outer loop
vertex 9973.74697387695 17024.1274047852 2259.2287902832
vertex 9975.24322937012 17024.1274047852 2263.71730957031
vertex 9973.74697387695 17024.1274047852 2263.71730957031
endloop
endfacet
facet normal 0.0 -1.0 0.0
outer loop
vertex 9960.28141601562 17024.1274047852 2257.7326171875
vertex 9961.77758911133 17024.1274047852 2259.2287902832
vertex 9960.28141601562 17024.1274047852 2263.71730957031
endloop
endfacet
facet normal 0.0 -1.0 0.0
outer loop
vertex 9961.77758911133 17024.1274047852 2259.2287902832
vertex 9960.28141601562 17024.1274047852 2257.7326171875
vertex 9973.74697387695 17024.1274047852 2259.2287902832
endloop
endfacet
facet normal 0.0 -1.0 0.0
outer loop
vertex 9960.28141601562 17024.1274047852 2263.71730957031
vertex 9961.77758911133 17024.1274047852 2259.2287902832
vertex 9961.77758911133 17024.1274047852 2263.71730957031
endloop
endfacet
facet normal 0.0 -0.138699153812181 -0.990334562020222
outer loop
vertex 9982.72401245117 16998.6922973633 2263.71730957031
vertex 9951.30429504394 16988.2189208984 2266.70965576172
vertex 9951.30429504394 16998.6922973633 2263.71730957031
endloop
endfacet
facet normal 0.0 -0.274717131486323 -0.96152508946357
outer loop
vertex 9951.30429504394 16988.2189208984 2266.70965576172
vertex 9982.72401245117 16998.6922973633 2263.71730957031
vertex 9982.72401245117 16988.2189208984 2266.70965576172
endloop
endfacet
facet normal -0.639639505233665 -0.639569060354059 -0.426395028561846
outer loop
vertex 9490.48191040039 17013.6543579102 2308.60250244141
vertex 9491.97808349609 17014.8654092595 2304.54156768312
vertex 9491.97808349609 17012.1580200195 2308.60250244141
endloop
endfacet
facet normal -0.639639505233665 -0.639569060354059 -0.426395028561846
outer loop
vertex 9491.97808349609 17014.8654092595 2304.54156768312
vertex 9490.48191040039 17013.6543579102 2308.60250244141
vertex 9491.22999694824 17014.4023620605 2306.35832519531
endloop
endfacet
facet normal -0.639639505233665 -0.639569060354059 -0.426395028561846
outer loop
vertex 9491.97808349609 17014.8654092595 2304.54156768312
vertex 9491.22999694824 17014.4023620605 2306.35832519531
vertex 9491.97808349609 17015.1503662109 2304.11414794922
endloop
endfacet
facet normal 0.00434217823628819 0.948882065187016 0.315600969349888
outer loop
vertex 9490.48191040039 17013.6543579102 2308.60250244141
vertex 9491.37423140477 17014.2841584962 2306.6446576805
vertex 9491.22999694824 17014.4023620605 2306.35832519531
endloop
endfacet
facet normal 0.00434217823628819 0.948882065187016 0.315600969349888
outer loop
vertex 9491.37423140477 17014.2841584962 2306.6446576805
vertex 9490.48191040039 17013.6543579102 2308.60250244141
vertex 9491.37965216249 17014.2527226435 2306.80727916042
endloop
endfacet
facet normal 0.00434217823628819 0.948882065187016 0.315600969349888
outer loop
vertex 9491.37965216249 17014.2527226435 2306.80727916042
vertex 9490.48191040039 17013.6543579102 2308.60250244141
vertex 9491.97808349609 17013.6543579102 2308.60250244141
endloop
endfacet
facet normal 0.0 1.0 0.0
outer loop
vertex 9960.28141601562 17024.1274047852 2257.7326171875
vertex 9961.77758911133 17024.1274047852 2259.2287902832
vertex 9975.24322937012 17024.1274047852 2257.7326171875
endloop
endfacet
facet normal 0.0 1.0 0.0
outer loop
vertex 9961.77758911133 17024.1274047852 2259.2287902832
vertex 9960.28141601562 17024.1274047852 2257.7326171875
vertex 9960.28141601562 17024.1274047852 2263.71730957031
endloop
endfacet
facet normal 0.0 1.0 0.0
outer loop
vertex 9961.77758911133 17024.1274047852 2259.2287902832
vertex 9960.28141601562 17024.1274047852 2263.71730957031
vertex 9961.77758911133 17024.1274047852 2263.71730957031
endloop
endfacet
facet normal 0.0 1.0 0.0
outer loop
vertex 9961.77758911133 17024.1274047852 2263.71730957031
vertex 9960.28141601562 17024.1274047852 2263.71730957031
vertex 9961.77758911133 17024.1274047852 2265.21348266602
endloop
endfacet
facet normal 0.0 1.0 0.0
outer loop
vertex 9975.24322937012 17024.1274047852 2257.7326171875
vertex 9973.74697387695 17024.1274047852 2259.2287902832
vertex 9975.24322937012 17024.1274047852 2263.71730957031
endloop
endfacet
facet normal 0.0 1.0 0.0
outer loop
vertex 9973.74697387695 17024.1274047852 2259.2287902832
vertex 9975.24322937012 17024.1274047852 2257.7326171875
vertex 9961.77758911133 17024.1274047852 2259.2287902832
endloop
endfacet
facet normal 0.0 1.0 0.0
outer loop
vertex 9975.24322937012 17024.1274047852 2263.71730957031
vertex 9973.74697387695 17024.1274047852 2259.2287902832
vertex 9973.74697387695 17024.1274047852 2263.71730957031
endloop
endfacet
facet normal 0.0 1.0 0.0
outer loop
vertex 9975.24322937012 17024.1274047852 2263.71730957031
vertex 9973.74697387695 17024.1274047852 2263.71730957031
vertex 9973.74697387695 17024.1274047852 2265.21348266602
endloop
endfacet
facet normal -0.819022687675396 0.403622746787827 0.407787340838849
outer loop
vertex 9491.97808349609 17015.1503662109 2307.10649414062
vertex 9491.37965216249 17014.2527226435 2306.80727916042
vertex 9491.97808349609 17013.6543579102 2308.60250244141
endloop
endfacet
facet normal 0.0 0.948672848442948 -0.316259113113193
outer loop
vertex 9465.04688537598 16949.31875 2310.09884033203
vertex 9496.4666027832 16947.8224121094 2305.61032104492
vertex 9465.04688537598 16947.8224121094 2305.61032104492
endloop
endfacet
facet normal 0.0 0.948672848442948 -0.316259113113193
outer loop
vertex 9496.4666027832 16947.8224121094 2305.61032104492
vertex 9465.04688537598 16949.31875 2310.09884033203
vertex 9496.4666027832 16949.31875 2310.09884033203
endloop
endfacet
facet normal -5.09430386464213e-014 -0.948690264263724 -0.316206866609859
outer loop
vertex 9956.54094207763 17014.4023620605 2306.35832519531
vertex 9955.79281433105 17015.1503662109 2304.11414794922
vertex 9957.28906982422 17015.1503662109 2304.11414794922
endloop
endfacet
facet normal 5.09486498856993e-014 -0.948690264263724 -0.316206866609859
outer loop
vertex 9491.22999694824 17014.4023620605 2306.35832519531
vertex 9490.48191040039 17014.9593853835 2304.68713250719
vertex 9490.48191040039 17015.1503662109 2304.11414794922
endloop
endfacet
facet normal 5.09486498856993e-014 -0.948690264263724 -0.316206866609859
outer loop
vertex 9490.48191040039 17014.9593853835 2304.68713250719
vertex 9491.22999694824 17014.4023620605 2306.35832519531
vertex 9490.48191040039 17013.6543579102 2308.60250244141
endloop
endfacet
facet normal 0.639618691807572 -0.639583470513748 -0.426404635687699
outer loop
vertex 9955.79281433105 17014.8654092595 2304.54156768312
vertex 9957.28906982422 17013.6543579102 2308.60250244141
vertex 9955.79281433105 17012.1580200195 2308.60250244141
endloop
endfacet
facet normal 0.639618691807572 -0.639583470513748 -0.426404635687699
outer loop
vertex 9957.28906982422 17013.6543579102 2308.60250244141
vertex 9955.79281433105 17014.8654092595 2304.54156768312
vertex 9956.54094207763 17014.4023620605 2306.35832519531
endloop
endfacet
facet normal 0.639618691807572 -0.639583470513748 -0.426404635687699
outer loop
vertex 9956.54094207763 17014.4023620605 2306.35832519531
vertex 9955.79281433105 17014.8654092595 2304.54156768312
vertex 9955.79281433105 17015.1503662109 2304.11414794922
endloop
endfacet
facet normal -0.00331352143694691 0.948807819721063 0.315836574531591
outer loop
vertex 9956.54094207763 17014.4023620605 2306.35832519531
vertex 9957.28906982422 17014.9593853835 2304.68713250719
vertex 9957.28906982422 17015.1503662109 2304.11414794922
endloop
endfacet
facet normal -0.00331352143694691 0.948807819721063 0.315836574531591
outer loop
vertex 9957.28906982422 17014.9593853835 2304.68713250719
vertex 9956.54094207763 17014.4023620605 2306.35832519531
vertex 9957.28906982422 17013.6543579102 2308.60250244141
endloop
endfacet
facet normal 1.0 0.0 0.0
outer loop
vertex 9491.97808349609 17016.6467041016 2305.61032104492
vertex 9491.97808349609 17014.8654092595 2304.54156768312
vertex 9491.97808349609 17015.1503662109 2304.11414794922
endloop
endfacet
facet normal -1.0 0.0 0.0
outer loop
vertex 9955.79281433105 17016.6467041016 2305.61032104492
vertex 9955.79281433105 17015.1503662109 2304.11414794922
vertex 9955.79281433105 17014.8654092595 2304.54156768312
endloop
endfacet
facet normal -0.794869812503146 -0.248344481623895 -0.55363074302117
outer loop
vertex 9966.26594360351 16998.6922973633 2298.12929077148
vertex 9954.29664123535 17013.6543579102 2308.60250244141
vertex 9955.79281433105 17015.1503662109 2307.10649414062
endloop
endfacet
facet normal 0.818107848563459 0.405011505123997 0.408246529484408
outer loop
vertex 9956.54094207763 17014.4023620605 2306.35832519531
vertex 9955.79281433105 17015.1503662109 2307.10649414062
vertex 9956.37640195027 17014.2515123883 2306.76826400844
endloop
endfacet
facet normal 0.818107848563459 0.405011505123997 0.408246529484408
outer loop
vertex 9955.79281433105 17015.1503662109 2307.10649414062
vertex 9956.54094207763 17014.4023620605 2306.35832519531
vertex 9957.28906982422 17015.1503662109 2304.11414794922
endloop
endfacet
facet normal 0.818107848563459 0.405011505123997 0.408246529484408
outer loop
vertex 9955.79281433105 17015.1503662109 2307.10649414062
vertex 9957.28906982422 17015.1503662109 2304.11414794922
vertex 9955.79281433105 17016.6467041016 2305.61032104492
endloop
endfacet
facet normal -0.534488840088466 0.801806855234249 0.267259137767542
outer loop
vertex 9957.28906982422 17015.1503662109 2310.09884033203
vertex 9955.79281433105 17015.1503662109 2307.10649414062
vertex 9954.29664123535 17013.6543579102 2308.60250244141
endloop
endfacet
facet normal -0.701989421342608 -0.0651450860685386 -0.709201642753451
outer loop
vertex 9954.29664123535 17013.6543579102 2308.60250244141
vertex 9966.26594360351 16998.6922973633 2298.12929077148
vertex 9964.76993530273 16997.1962890625 2301.12180175781
endloop
endfacet
facet normal -0.186315776399588 0.978062924064256 -0.0931630186044712
outer loop
vertex 9964.76993530273 16997.1962890625 2301.12180175781
vertex 9951.30429504394 16994.2036132813 2296.6332824707
vertex 9949.80803955078 16994.2036132813 2299.62562866211
endloop
endfacet
facet normal 0.727413585106681 0.585097349204149 -0.358511601146355
outer loop
vertex 9960.41989124537 17007.6506866436 2304.1643495551
vertex 9957.28906982422 17015.1503662109 2310.09884033203
vertex 9967.76211669922 16995.7002807617 2299.62562866211
endloop
endfacet
facet normal 0.727413585106681 0.585097349204149 -0.358511601146355
outer loop
vertex 9957.28906982422 17015.1503662109 2310.09884033203
vertex 9960.41989124537 17007.6506866436 2304.1643495551
vertex 9956.37640195027 17014.2515123883 2306.76826400844
endloop
endfacet
facet normal 0.727413585106681 0.585097349204149 -0.358511601146355
outer loop
vertex 9957.28906982422 17015.1503662109 2310.09884033203
vertex 9956.37640195027 17014.2515123883 2306.76826400844
vertex 9955.79281433105 17015.1503662109 2307.10649414062
endloop
endfacet
facet normal 0.284149281014335 -0.331439690907041 0.899670449326019
outer loop
vertex 9967.76211669922 16995.7002807617 2299.62562866211
vertex 9957.28906982422 17015.1503662109 2310.09884033203
vertex 9964.76993530273 16997.1962890625 2301.12180175781
endloop
endfacet
facet normal 0.86524424931725 0.488632908651884 0.1122063706116
outer loop
vertex 9966.26594360351 16998.6922973633 2298.12929077148
vertex 9960.41989124537 17007.6506866436 2304.1643495551
vertex 9967.76211669922 16995.7002807617 2299.62562866211
endloop
endfacet
facet normal 0.86524424931725 0.488632908651884 0.1122063706116
outer loop
vertex 9960.41989124537 17007.6506866436 2304.1643495551
vertex 9966.26594360351 16998.6922973633 2298.12929077148
vertex 9955.79281433105 17015.1503662109 2307.10649414062
endloop
endfacet
facet normal 0.86524424931725 0.488632908651884 0.1122063706116
outer loop
vertex 9960.41989124537 17007.6506866436 2304.1643495551
vertex 9955.79281433105 17015.1503662109 2307.10649414062
vertex 9956.37640195027 17014.2515123883 2306.76826400844
endloop
endfacet
facet normal 0.18663736213917 -0.373280891526072 -0.908750719986088
outer loop
vertex 9966.26594360351 16998.6922973633 2298.12929077148
vertex 9951.30429504394 16991.2115966797 2298.12929077148
vertex 9951.30429504394 16994.2036132813 2296.6332824707
endloop
endfacet
facet normal -0.175765751858753 -0.497864265674888 0.849257071467486
outer loop
vertex 9964.76993530273 16997.1962890625 2301.12180175781
vertex 9957.28906982422 17015.1503662109 2310.09884033203
vertex 9954.29664123535 17013.6543579102 2308.60250244141
endloop
endfacet
facet normal 0.0502995624852731 -0.603395368161781 0.79585424777072
outer loop
vertex 9967.76211669922 16995.7002807617 2299.62562866211
vertex 9964.76993530273 16997.1962890625 2301.12180175781
vertex 9949.80803955078 16994.2036132813 2299.62562866211
endloop
endfacet
facet normal -0.301518892521188 0.904547186399254 0.301464334590329
outer loop
vertex 9964.76993530273 16997.1962890625 2301.12180175781
vertex 9966.26594360351 16998.6922973633 2298.12929077148
vertex 9951.30429504394 16994.2036132813 2296.6332824707
endloop
endfacet
facet normal -0.640078374908151 -0.63892375474404 -0.42670377265583
outer loop
vertex 9491.97808349609 16934.3566894531 2348.99934082031
vertex 9491.54952366962 16936.9025787796 2345.84146117695
vertex 9491.97808349609 16937.3490356445 2344.5108215332
endloop
endfacet
facet normal -0.52984255131562 -0.735613603314898 -0.422065750130742
outer loop
vertex 9491.54952366962 16936.9025787796 2345.84146117695
vertex 9491.97808349609 16934.3566894531 2348.99934082031
vertex 9490.48191040039 16935.8533569336 2348.99934082031
endloop
endfacet
facet normal 0.182601937736891 -0.36520990937489 -0.912840760718493
outer loop
vertex 9967.76211669922 16995.7002807617 2299.62562866211
vertex 9951.30429504394 16991.2115966797 2298.12929077148
vertex 9966.26594360351 16998.6922973633 2298.12929077148
endloop
endfacet
facet normal 1.56790913444384e-016 0.894476449022556 0.447115065887965
outer loop
vertex 9491.97808349609 16935.8533569336 2348.99934082031
vertex 9490.48191040039 16937.3490356445 2346.00715942383
vertex 9490.48191040039 16935.8533569336 2348.99934082031
endloop
endfacet
facet normal 1.0 0.0 0.0
outer loop
vertex 9491.97808349609 16937.3490356445 2344.5108215332
vertex 9491.97808349609 16935.8533569336 2348.99934082031
vertex 9491.97808349609 16934.3566894531 2348.99934082031
endloop
endfacet
facet normal 1.0 0.0 0.0
outer loop
vertex 9491.97808349609 16935.8533569336 2348.99934082031
vertex 9491.97808349609 16937.3490356445 2344.5108215332
vertex 9491.97808349609 16937.3490356445 2347.50333251953
endloop
endfacet
facet normal 1.0 0.0 0.0
outer loop
vertex 9491.97808349609 16937.3490356445 2347.50333251953
vertex 9491.97808349609 16937.3490356445 2344.5108215332
vertex 9491.97808349609 16938.8453735352 2346.00715942383
endloop
endfacet
facet normal 0.0502995624852731 -0.603395368161781 0.79585424777072
outer loop
vertex 9967.76211669922 16995.7002807617 2299.62562866211
vertex 9949.80803955078 16994.2036132813 2299.62562866211
vertex 9951.30429504394 16991.2115966797 2298.12929077148
endloop
endfacet
facet normal -0.52984255131562 -0.735613603314898 -0.422065750130742
outer loop
vertex 9491.54952366962 16936.9025787796 2345.84146117695
vertex 9490.48191040039 16937.3490356445 2346.00715942383
vertex 9491.97808349609 16937.3490356445 2344.5108215332
endloop
endfacet
facet normal -0.407131760020431 -0.817083224945086 -0.408189580337379
outer loop
vertex 9490.48191040039 16937.3490356445 2346.00715942383
vertex 9491.54952366962 16936.9025787796 2345.84146117695
vertex 9490.48191040039 16935.8533569336 2348.99934082031
endloop
endfacet
facet normal -0.577382076390869 0.577350260044703 0.5773184693814
outer loop
vertex 9491.97808349609 16937.3490356445 2347.50333251953
vertex 9490.48191040039 16937.3490356445 2346.00715942383
vertex 9491.97808349609 16935.8533569336 2348.99934082031
endloop
endfacet
facet normal -0.577382076390869 0.577350260044703 0.5773184693814
outer loop
vertex 9490.48191040039 16937.3490356445 2346.00715942383
vertex 9491.97808349609 16937.3490356445 2347.50333251953
vertex 9491.97808349609 16938.8453735352 2346.00715942383
endloop
endfacet
facet normal -0.447193252205384 0.894437362357105 -1.2795183243308e-006
outer loop
vertex 9864.52609069824 17080.9819824219 2256.23627929688
vertex 9867.51835449219 17082.4779907227 2229.30516357422
vertex 9855.54896972656 17076.4936279297 2221.82446289063
endloop
endfacet
facet normal 0.534425743400697 0.80185942704245 0.267227588496708
outer loop
vertex 9490.48191040039 16937.3490356445 2350.49551391602
vertex 9493.47417419433 16935.8533569336 2348.99934082031
vertex 9491.97808349609 16937.3490356445 2347.50333251953
endloop
endfacet
facet normal 0.263227352356514 -0.234018707443998 0.935920191863398
outer loop
vertex 9833.10637329101 17072.0049438477 2227.80915527344
vertex 9821.13690612793 17064.5245727539 2229.30516357422
vertex 9833.10637329101 17066.0205810547 2226.31281738281
endloop
endfacet
facet normal -0.500002662345647 0.857769808613396 -0.119282408923535
outer loop
vertex 9821.13690612793 17064.5245727539 2229.30516357422
vertex 9833.10637329101 17072.0049438477 2227.80915527344
vertex 9819.64065063476 17063.0282348633 2224.81680908203
endloop
endfacet
facet normal -0.454024127022093 0.879618225114006 -0.141893869244278
outer loop
vertex 9807.67126586914 17058.5395507813 2235.28985595703
vertex 9821.13690612793 17064.5245727539 2229.30516357422
vertex 9819.64065063476 17063.0282348633 2224.81680908203
endloop
endfacet
facet normal 0.398488513448926 0.59819314784907 0.695249496595061
outer loop
vertex 9819.64065063476 17063.0282348633 2224.81680908203
vertex 9812.15978515625 17064.5245727539 2227.80915527344
vertex 9807.67126586914 17058.5395507813 2235.28985595703
endloop
endfacet
facet normal 0.398783030585337 0.594201379073823 0.698496109956198
outer loop
vertex 9812.15978515625 17064.5245727539 2227.80915527344
vertex 9812.37144655489 17071.3010650084 2221.66389176852
vertex 9809.1675213623 17074.9976196289 2220.328125
endloop
endfacet
facet normal 0.397794831257534 0.607022782302265 0.687955386628237
outer loop
vertex 9812.37144655489 17071.3010650084 2221.66389176852
vertex 9812.15978515625 17064.5245727539 2227.80915527344
vertex 9819.64065063476 17063.0282348633 2224.81680908203
endloop
endfacet
facet normal -0.987166112021103 0.135012634169299 0.0852915933243546
outer loop
vertex 9801.68657348633 17080.9819824219 2227.80915527344
vertex 9800.19040039062 17043.5774902344 2269.70200195313
vertex 9801.68657348633 17080.9819824219 2256.23627929688
endloop
endfacet
facet normal 0.879479837131469 0.338804612401066 -0.334255367488644
outer loop
vertex 9849.56435974121 17074.9976196289 2224.81680908203
vertex 9858.54131591797 17063.0282348633 2238.28236694336
vertex 9855.54896972656 17055.5472045898 2217.33577880859
endloop
endfacet
facet normal 0.879479837131469 0.338804612401066 -0.334255367488644
outer loop
vertex 9849.56435974121 17074.9976196289 2224.81680908203
vertex 9855.54896972656 17055.5472045898 2217.33577880859
vertex 9846.57193115234 17064.5245727539 2206.86256713867
endloop
endfacet
facet normal 0.870036545230237 0.328216059502846 -0.367845930041721
outer loop
vertex 9843.57950256348 17082.4779907227 2217.33577880859
vertex 9849.56435974121 17074.9976196289 2224.81680908203
vertex 9846.57193115234 17064.5245727539 2206.86256713867
endloop
endfacet
facet normal -0.0452370655681988 0.812904757119714 0.580637118819419
outer loop
vertex 9833.10637329101 17082.9185360179 2210.73500545726
vertex 9855.54896972656 17076.4936279297 2221.82446289063
vertex 9833.10637329101 17089.9593505859 2200.87770996094
endloop
endfacet
facet normal -0.0269941848422821 0.838153808766009 0.544765552174267
outer loop
vertex 9855.54896972656 17076.4936279297 2221.82446289063
vertex 9833.10637329101 17082.9185360179 2210.73500545726
vertex 9833.10637329101 17074.9976196289 2221.82446289063
endloop
endfacet
facet normal 0.384085695685637 0.2898411768998 0.876624361139376
outer loop
vertex 9857.04514282226 17049.5628417969 2295.13694458008
vertex 9852.55662353515 17086.9666748047 2283.16772460938
vertex 9843.57950256348 17080.9819824219 2290.64859008789
endloop
endfacet
facet normal 0.384085695685637 0.2898411768998 0.876624361139376
outer loop
vertex 9857.04514282226 17049.5628417969 2295.13694458008
vertex 9843.57950256348 17080.9819824219 2290.64859008789
vertex 9849.56435974121 17036.0971191406 2302.61781005859
endloop
endfacet
facet normal 0.378678490391998 0.22005397879971 0.898987679186347
outer loop
vertex 9843.57950256348 17080.9819824219 2290.64859008789
vertex 9842.08324707031 17116.8904663086 2287.65607910156
vertex 9833.10637329101 17116.8904663086 2289.15225219727
endloop
endfacet
facet normal 0.378678490391998 0.22005397879971 0.898987679186347
outer loop
vertex 9843.57950256348 17080.9819824219 2290.64859008789
vertex 9833.10637329101 17116.8904663086 2289.15225219727
vertex 9833.10637329101 17079.4863037109 2293.64077148437
endloop
endfacet
facet normal 0.814147179302564 0.231389819236635 -0.532562786896828
outer loop
vertex 9840.58715637207 17124.371496582 2244.26705932617
vertex 9849.56435974121 17116.8904663086 2254.74043579102
vertex 9845.07575805664 17100.4323974609 2235.28985595703
endloop
endfacet
facet normal 0.888989367443361 0.19917365740737 -0.412344223637999
outer loop
vertex 9849.56435974121 17116.8904663086 2254.74043579102
vertex 9851.06045043945 17094.448034668 2247.25924072266
vertex 9845.07575805664 17100.4323974609 2235.28985595703
endloop
endfacet
facet normal 0.937149982288462 0.144054486366711 -0.3178021643324
outer loop
vertex 9854.0527142334 17116.8904663086 2266.70965576172
vertex 9851.06045043945 17094.448034668 2247.25924072266
vertex 9849.56435974121 17116.8904663086 2254.74043579102
endloop
endfacet
facet normal 0.937149982288462 0.144054486366711 -0.3178021643324
outer loop
vertex 9854.0527142334 17116.8904663086 2266.70965576172
vertex 9855.54896972656 17092.9513671875 2266.70965576172
vertex 9851.06045043945 17094.448034668 2247.25924072266
endloop
endfacet
facet normal 0.973531996325371 0.118500261999924 0.195430652756134
outer loop
vertex 9851.06045043945 17116.8904663086 2281.67138671875
vertex 9855.54896972656 17092.9513671875 2266.70965576172
vertex 9854.0527142334 17116.8904663086 2266.70965576172
endloop
endfacet
facet normal 0.973531996325371 0.118500261999924 0.195430652756134
outer loop
vertex 9851.06045043945 17116.8904663086 2281.67138671875
vertex 9852.55662353515 17086.9666748047 2283.16772460938
vertex 9855.54896972656 17092.9513671875 2266.70965576172
endloop
endfacet
facet normal 0.892571782643129 0.265840499292887 -0.364203846444509
outer loop
vertex 9845.07575805664 17100.4323974609 2235.28985595703
vertex 9849.56435974121 17074.9976196289 2224.81680908203
vertex 9843.57950256348 17082.4779907227 2217.33577880859
endloop
endfacet
facet normal 0.545658870968005 0.480973015689012 -0.686237098030221
outer loop
vertex 9845.07575805664 17100.4323974609 2235.28985595703
vertex 9843.57950256348 17082.4779907227 2217.33577880859
vertex 9833.10637329101 17103.4247436523 2227.80915527344
endloop
endfacet
facet normal 0.556961138091862 0.166067062172149 0.813766564511549
outer loop
vertex 9852.55662353515 17086.9666748047 2283.16772460938
vertex 9851.06045043945 17116.8904663086 2281.67138671875
vertex 9842.08324707031 17116.8904663086 2287.65607910156
endloop
endfacet
facet normal 0.556961138091862 0.166067062172149 0.813766564511549
outer loop
vertex 9852.55662353515 17086.9666748047 2283.16772460938
vertex 9842.08324707031 17116.8904663086 2287.65607910156
vertex 9843.57950256348 17080.9819824219 2290.64859008789
endloop
endfacet
facet normal 0.99283730040442 0.0660762971804965 0.0995390269019099
outer loop
vertex 9867.51835449219 17028.6160888672 2354.98403320312
vertex 9867.51835449219 16997.1962890625 2366.95341796875
vertex 9870.51070068359 17001.6849731445 2343.01481323242
endloop
endfacet
facet normal -0.794202419841069 -0.578979846386034 0.18445827115474
outer loop
vertex 9846.57193115234 17064.5245727539 2206.86256713867
vertex 9855.54896972656 17055.5472045898 2217.33577880859
vertex 9857.04514282226 17063.0282348633 2247.25924072266
endloop
endfacet
facet normal 0.0850746145620168 -0.994632221822157 -0.0588986695116689
outer loop
vertex 9857.04514282226 17063.0282348633 2247.25924072266
vertex 9843.57950256348 17063.0282348633 2227.80915527344
vertex 9846.57193115234 17064.5245727539 2206.86256713867
endloop
endfacet
facet normal 0.430352151109118 0.475063806153705 -0.767535931483673
outer loop
vertex 9846.57193115234 17064.5245727539 2206.86256713867
vertex 9833.10637329101 17082.9185360179 2210.73500545726
vertex 9833.10637329101 17083.9746582031 2211.35108642578
endloop
endfacet
facet normal 0.402654969698536 0.461224680733155 -0.790658440326586
outer loop
vertex 9833.10637329101 17082.9185360179 2210.73500545726
vertex 9846.57193115234 17064.5245727539 2206.86256713867
vertex 9833.10637329101 17066.0205810547 2200.87770996094
endloop
endfacet
facet normal 0.430352151109118 0.475063806153705 -0.767535931483673
outer loop
vertex 9846.57193115234 17064.5245727539 2206.86256713867
vertex 9833.10637329101 17083.9746582031 2211.35108642578
vertex 9843.57950256348 17082.4779907227 2217.33577880859
endloop
endfacet
facet normal 0.485605862835963 0.540681436225969 -0.686913772245079
outer loop
vertex 9843.57950256348 17082.4779907227 2217.33577880859
vertex 9833.10637329101 17083.9746582031 2211.35108642578
vertex 9833.10637329101 17103.4247436523 2227.80915527344
endloop
endfacet
facet normal -0.898944103847753 0.42928399451298 0.0872625361328704
outer loop
vertex 9864.52609069824 17080.9819824219 2256.23627929688
vertex 9854.0527142334 17064.5245727539 2229.30516357422
vertex 9864.52609069824 17077.9893066406 2277.18303222656
endloop
endfacet
facet normal -0.931599082091319 0.359585516567781 0.0531169137026473
outer loop
vertex 9864.52609069824 17077.9893066406 2277.18303222656
vertex 9854.0527142334 17064.5245727539 2229.30516357422
vertex 9857.04514282226 17063.0282348633 2247.25924072266
endloop
endfacet
facet normal 0.0 0.0 1.0
outer loop
vertex 9845.07575805664 17066.0205810547 2227.80915527344
vertex 9833.10637329101 17072.0049438477 2227.80915527344
vertex 9843.57950256348 17063.0282348633 2227.80915527344
endloop
endfacet
facet normal -0.0520923371859941 -0.0607761466260268 0.996791175927933
outer loop
vertex 9843.57950256348 17063.0282348633 2227.80915527344
vertex 9833.10637329101 17072.0049438477 2227.80915527344
vertex 9833.10637329101 17066.0205810547 2226.31281738281
endloop
endfacet
facet normal 0.154973878574569 0.986308937459913 0.056371773488625
outer loop
vertex 9857.04514282226 17063.0282348633 2247.25924072266
vertex 9854.0527142334 17064.5245727539 2229.30516357422
vertex 9845.07575805664 17066.0205810547 2227.80915527344
endloop
endfacet
facet normal -0.760432864887387 0.380237371778021 0.526461203796161
outer loop
vertex 9845.07575805664 17066.0205810547 2227.80915527344
vertex 9843.57950256348 17063.0282348633 2227.80915527344
vertex 9857.04514282226 17063.0282348633 2247.25924072266
endloop
endfacet
facet normal 0.0 1.0 0.0
outer loop
vertex 9818.14455993652 17145.317590332 2257.7326171875
vertex 9833.10637329101 17145.317590332 2251.74792480469
vertex 9827.1216809082 17145.317590332 2251.74792480469
endloop
endfacet
facet normal 0.0 1.0 0.0
outer loop
vertex 9833.10637329101 17145.317590332 2251.74792480469
vertex 9818.14455993652 17145.317590332 2257.7326171875
vertex 9837.59497497559 17145.317590332 2251.74792480469
endloop
endfacet
facet normal 0.0 1.0 0.0
outer loop
vertex 9837.59497497559 17145.317590332 2251.74792480469
vertex 9818.14455993652 17145.317590332 2257.7326171875
vertex 9846.57193115234 17145.317590332 2257.7326171875
endloop
endfacet
facet normal 0.0 1.0 0.0
outer loop
vertex 9846.57193115234 17145.317590332 2257.7326171875
vertex 9818.14455993652 17145.317590332 2257.7326171875
vertex 9815.15229614258 17145.317590332 2268.20582885742
endloop
endfacet
facet normal 0.0 1.0 0.0
outer loop
vertex 9846.57193115234 17145.317590332 2257.7326171875
vertex 9815.15229614258 17145.317590332 2268.20582885742
vertex 9849.56435974121 17145.317590332 2268.20582885742
endloop
endfacet
facet normal 0.0 1.0 0.0
outer loop
vertex 9849.56435974121 17145.317590332 2268.20582885742
vertex 9815.15229614258 17145.317590332 2268.20582885742
vertex 9818.14455993652 17145.317590332 2277.18303222656
endloop
endfacet
facet normal 0.0 1.0 0.0
outer loop
vertex 9849.56435974121 17145.317590332 2268.20582885742
vertex 9818.14455993652 17145.317590332 2277.18303222656
vertex 9846.57193115234 17145.317590332 2277.18303222656
endloop
endfacet
facet normal 0.0 1.0 0.0
outer loop
vertex 9846.57193115234 17145.317590332 2277.18303222656
vertex 9818.14455993652 17145.317590332 2277.18303222656
vertex 9827.1216809082 17145.317590332 2284.66373291016
endloop
endfacet
facet normal 0.0 1.0 0.0
outer loop
vertex 9846.57193115234 17145.317590332 2277.18303222656
vertex 9827.1216809082 17145.317590332 2284.66373291016
vertex 9837.59497497559 17145.317590332 2284.66373291016
endloop
endfacet
facet normal 0.0587133242754397 0.450381532620885 0.890903597830085
outer loop
vertex 9855.54896972656 17076.4936279297 2221.82446289063
vertex 9845.07575805664 17066.0205810547 2227.80915527344
vertex 9854.0527142334 17064.5245727539 2229.30516357422
endloop
endfacet
facet normal 0.000174025858885895 0.553371201388809 -0.832934741254383
outer loop
vertex 9833.10637329101 17089.9593505859 2200.87770996094
vertex 9800.19040039062 17085.4706665039 2197.88552856445
vertex 9800.19040039062 17089.9593505859 2200.87770996094
endloop
endfacet
facet normal 0.000174025858885895 0.553371201388809 -0.832934741254383
outer loop
vertex 9800.19040039062 17085.4706665039 2197.88552856445
vertex 9833.10637329101 17089.9593505859 2200.87770996094
vertex 9869.01452758789 17085.4706665039 2197.88552856445
endloop
endfacet
facet normal 0.000174025858885895 0.553371201388809 -0.832934741254383
outer loop
vertex 9869.01452758789 17085.4706665039 2197.88552856445
vertex 9833.10637329101 17089.9593505859 2200.87770996094
vertex 9869.01452758789 17089.9593505859 2200.87770996094
endloop
endfacet
facet normal 0.000174025858885895 0.553371201388809 -0.832934741254383
outer loop
vertex 9869.01452758789 17085.4706665039 2197.88552856445
vertex 9869.01452758789 17089.9593505859 2200.87770996094
vertex 9869.03732734109 17086.2537942596 2198.45351759659
endloop
endfacet
facet normal 0.991790928868993 0.108467427289338 0.0677168415566798
outer loop
vertex 9867.51835449219 17082.4779907227 2229.30516357422
vertex 9867.51835449219 17080.9819824219 2256.23627929688
vertex 9869.01452758789 17043.5774902344 2269.70200195313
endloop
endfacet
facet normal 0.545658870968005 0.480973015689012 -0.686237098030221
outer loop
vertex 9845.07575805664 17100.4323974609 2235.28985595703
vertex 9833.10637329101 17128.8601806641 2241.27487792969
vertex 9840.58715637207 17124.371496582 2244.26705932617
endloop
endfacet
facet normal 0.545658870968005 0.480973015689012 -0.686237098030221
outer loop
vertex 9845.07575805664 17100.4323974609 2235.28985595703
vertex 9833.10637329101 17103.4247436523 2227.80915527344
vertex 9833.10637329101 17128.8601806641 2241.27487792969
endloop
endfacet
facet normal 0.220635961747746 0.412621196296269 0.88377798159418
outer loop
vertex 9849.56435974121 17036.0971191406 2302.61781005859
vertex 9833.10637329101 17036.0971191406 2307.10649414062
vertex 9833.10637329101 17006.1736572266 2326.55674438477
endloop
endfacet
facet normal 0.163446603886377 0.10764754313901 0.980661620608324
outer loop
vertex 9842.08324707031 17116.8904663086 2287.65607910156
vertex 9837.59497497559 17145.317590332 2284.66373291016
vertex 9833.10637329101 17116.8904663086 2289.15225219727
endloop
endfacet
facet normal 0.220635961747746 0.412621196296269 0.88377798159418
outer loop
vertex 9849.56435974121 17036.0971191406 2302.61781005859
vertex 9843.57950256348 17080.9819824219 2290.64859008789
vertex 9833.10637329101 17036.0971191406 2307.10649414062
endloop
endfacet
facet normal 0.378678490391998 0.22005397879971 0.898987679186347
outer loop
vertex 9843.57950256348 17080.9819824219 2290.64859008789
vertex 9833.10637329101 17079.4863037109 2293.64077148437
vertex 9833.10637329101 17036.0971191406 2307.10649414062
endloop
endfacet
facet normal -0.482389901214384 0.872861220977295 0.0735749422045449
outer loop
vertex 9867.51835449219 17082.4779907227 2229.30516357422
vertex 9869.01452758789 17089.9593505859 2200.87770996094
vertex 9855.54896972656 17076.4936279297 2221.82446289063
endloop
endfacet
facet normal -0.0269941848422821 0.838153808766009 0.544765552174267
outer loop
vertex 9855.54896972656 17076.4936279297 2221.82446289063
vertex 9869.01452758789 17089.9593505859 2200.87770996094
vertex 9833.10637329101 17089.9593505859 2200.87770996094
endloop
endfacet
facet normal -0.357816128372131 -0.901544007293525 0.243281773238177
outer loop
vertex 9864.52609069824 17074.9976196289 2302.61781005859
vertex 9857.04514282226 17063.0282348633 2247.25924072266
vertex 9855.54896972656 17055.5472045898 2217.33577880859
endloop
endfacet
facet normal -0.931599082091319 0.359585516567781 0.0531169137026473
outer loop
vertex 9864.52609069824 17077.9893066406 2277.18303222656
vertex 9857.04514282226 17063.0282348633 2247.25924072266
vertex 9864.52609069824 17074.9976196289 2302.61781005859
endloop
endfacet
facet normal 0.457209185493693 0.878667106029023 0.137491372393964
outer loop
vertex 9864.52609069824 17077.9893066406 2277.18303222656
vertex 9864.52609069824 17074.9976196289 2302.61781005859
vertex 9867.51835449219 17072.0049438477 2302.61781005859
endloop
endfacet
facet normal 0.66888048709056 0.695296782857963 0.262985318481587
outer loop
vertex 9867.51835449219 17072.0049438477 2302.61781005859
vertex 9867.51835449219 17076.4936279297 2277.18303222656
vertex 9864.52609069824 17077.9893066406 2277.18303222656
endloop
endfacet
facet normal 0.999018208268753 0.0434829945696011 0.00847636306151217
outer loop
vertex 9867.51835449219 17076.4936279297 2277.18303222656
vertex 9867.51835449219 17072.0049438477 2302.61781005859
vertex 9869.01452758789 17043.5774902344 2269.70200195313
endloop
endfacet
facet normal 0.99912194765002 0.041638060910766 0.00464818326031752
outer loop
vertex 9867.51835449219 17080.9819824219 2256.23627929688
vertex 9867.51835449219 17076.4936279297 2277.18303222656
vertex 9869.01452758789 17043.5774902344 2269.70200195313
endloop
endfacet
facet normal 0.0 -1.0 0.0
outer loop
vertex 9870.51070068359 16899.9448730469 2363.96107177734
vertex 9798.69430969238 16899.9448730469 2359.47271728516
vertex 9870.51070068359 16899.9448730469 2359.47271728516
endloop
endfacet
facet normal 0.0 -1.0 0.0
outer loop
vertex 9798.69430969238 16899.9448730469 2359.47271728516
vertex 9870.51070068359 16899.9448730469 2363.96107177734
vertex 9798.69430969238 16899.9448730469 2363.96107177734
endloop
endfacet
facet normal 0.959485420681784 0.263416665628082 0.0999969387955643
outer loop
vertex 9804.67891967773 17080.9819824219 2256.23627929688
vertex 9812.15978515625 17064.5245727539 2227.80915527344
vertex 9809.1675213623 17074.9976196289 2220.328125
endloop
endfacet
facet normal -0.898944103847753 0.42928399451298 0.0872625361328704
outer loop
vertex 9864.52609069824 17080.9819824219 2256.23627929688
vertex 9855.54896972656 17076.4936279297 2221.82446289063
vertex 9854.0527142334 17064.5245727539 2229.30516357422
endloop
endfacet
facet normal 0.994833463164143 0.0570703084836646 0.0839604696176607
outer loop
vertex 9649.07667053223 17001.6849731445 2343.01481323242
vertex 9646.08424194336 16997.1962890625 2366.95341796875
vertex 9649.07667053223 16962.7841430664 2366.95341796875
endloop
endfacet
facet normal 0.0314180208831171 0.617996006143997 0.785553209116898
outer loop
vertex 9638.60337646484 17073.5012817383 2218.8319519043
vertex 9614.66452453613 17069.0125976562 2223.32063598633
vertex 9628.13016479492 17064.5245727539 2226.31281738281
endloop
endfacet
facet normal 0.184294458557458 -4.13418414096757e-017 0.982871076258231
outer loop
vertex 9638.60337646484 17073.5012817383 2218.8319519043
vertex 9614.66452453613 17076.4936279297 2223.32063598633
vertex 9614.66452453613 17069.0125976562 2223.32063598633
endloop
endfacet
facet normal 0.999628701345874 0.0225959006049483 0.0152277615365147
outer loop
vertex 9647.58041503906 17089.9593505859 2200.87770996094
vertex 9646.08424194336 17082.4779907227 2229.30516357422
vertex 9647.58041503906 17043.5774902344 2269.70200195313
endloop
endfacet
facet normal 0.999628701345874 0.0225959006049483 0.0152277615365147
outer loop
vertex 9647.58041503906 17089.9593505859 2200.87770996094
vertex 9647.58041503906 17043.5774902344 2269.70200195313
vertex 9647.58041503906 17085.4706665039 2197.88552856445
endloop
endfacet
facet normal -2.15460539231966e-017 0.332123744226476 0.943235823387231
outer loop
vertex 9649.07667053223 16899.9448730469 2363.96107177734
vertex 9614.66452453613 17006.1736572266 2326.55674438477
vertex 9577.26011474609 16899.9448730469 2363.96107177734
endloop
endfacet
facet normal 0.454228396604126 0.155324466670598 0.877240487991713
outer loop
vertex 9625.13773620605 17118.3864746094 2286.16007080078
vertex 9629.62633789062 17145.317590332 2277.18303222656
vertex 9620.6492993164 17145.317590332 2284.66373291016
endloop
endfacet
facet normal 0.633157828843014 0.147736051852004 0.759792881486779
outer loop
vertex 9629.62633789062 17145.317590332 2277.18303222656
vertex 9625.13773620605 17118.3864746094 2286.16007080078
vertex 9634.11485717773 17118.3864746094 2278.67904052734
endloop
endfacet
facet normal 0.952883069240619 0.126941447134497 0.275499047827715
outer loop
vertex 9629.62633789062 17145.317590332 2277.18303222656
vertex 9634.11485717773 17118.3864746094 2278.67904052734
vertex 9637.1072857666 17118.3864746094 2263.71730957031
endloop
endfacet
facet normal 0.952883069240619 0.126941447134497 0.275499047827715
outer loop
vertex 9629.62633789062 17145.317590332 2277.18303222656
vertex 9637.1072857666 17118.3864746094 2263.71730957031
vertex 9632.61868408203 17145.317590332 2268.20582885742
endloop
endfacet
facet normal 0.935140141377886 0.145458222982561 -0.32303996865791
outer loop
vertex 9632.61868408203 17145.317590332 2268.20582885742
vertex 9637.1072857666 17118.3864746094 2263.71730957031
vertex 9631.12242858887 17118.3864746094 2251.74792480469
endloop
endfacet
facet normal 0.935140141377886 0.145458222982561 -0.32303996865791
outer loop
vertex 9632.61868408203 17145.317590332 2268.20582885742
vertex 9631.12242858887 17118.3864746094 2251.74792480469
vertex 9629.62633789062 17145.317590332 2257.7326171875
endloop
endfacet
facet normal 0.932508956097896 0.126937307857396 -0.338103485150817
outer loop
vertex 9629.62633789062 17145.317590332 2257.7326171875
vertex 9631.12242858887 17118.3864746094 2251.74792480469
vertex 9623.64164550781 17125.8675048828 2242.77072143555
endloop
endfacet
facet normal 0.502138012275626 0.424895992026958 -0.75320701841347
outer loop
vertex 9629.62633789062 17145.317590332 2257.7326171875
vertex 9623.64164550781 17125.8675048828 2242.77072143555
vertex 9620.6492993164 17145.317590332 2251.74792480469
endloop
endfacet
facet normal 0.313593224416693 0.43244614051964 -0.845369519884417
outer loop
vertex 9623.64164550781 17125.8675048828 2242.77072143555
vertex 9614.66452453613 17128.8601806641 2241.27487792969
vertex 9620.6492993164 17145.317590332 2251.74792480469
endloop
endfacet
facet normal -2.25484984331266e-017 0.536880958470308 -0.843658009167224
outer loop
vertex 9614.66452453613 17145.317590332 2251.74792480469
vertex 9614.66452453613 17128.8601806641 2241.27487792969
vertex 9610.17608764648 17145.317590332 2251.74792480469
endloop
endfacet
facet normal 0.249528948831389 0.454213374704953 -0.855234186602851
outer loop
vertex 9614.66452453613 17128.8601806641 2241.27487792969
vertex 9614.66452453613 17145.317590332 2251.74792480469
vertex 9620.6492993164 17145.317590332 2251.74792480469
endloop
endfacet
facet normal -0.966294943714649 -0.0456032231078803 0.253366193075708
outer loop
vertex 9643.09189575195 17001.6849731445 2360.96872558594
vertex 9643.09189575195 16974.7538574219 2356.48020629883
vertex 9649.07667053223 16962.7841430664 2366.95341796875
endloop
endfacet
facet normal -0.800352362766181 0.213428863935695 0.560253706327509
outer loop
vertex 9646.08424194336 17028.6160888672 2354.98403320312
vertex 9643.09189575195 17001.6849731445 2360.96872558594
vertex 9646.08424194336 16997.1962890625 2366.95341796875
endloop
endfacet
facet normal 0.779811164978193 0.0519881744919329 0.623852367702768
outer loop
vertex 9644.58806884765 17033.1044433594 2356.48020629883
vertex 9643.09189575195 17001.6849731445 2360.96872558594
vertex 9646.08424194336 17028.6160888672 2354.98403320312
endloop
endfacet
facet normal 0.998016467621793 0.0539368678024119 0.032464513663125
outer loop
vertex 9646.08424194336 17055.5472045898 2332.5416015625
vertex 9644.58806884765 17033.1044433594 2356.48020629883
vertex 9646.08424194336 17028.6160888672 2354.98403320312
endloop
endfacet
facet normal 0.612235954396759 0.612275978399331 0.500285181090777
outer loop
vertex 9646.08424194336 17055.5472045898 2332.5416015625
vertex 9644.58806884765 17057.0432128906 2332.5416015625
vertex 9644.58806884765 17033.1044433594 2356.48020629883
endloop
endfacet
facet normal 0.682430160117971 0.682463642666864 0.261787037492758
outer loop
vertex 9646.08424194336 17072.0049438477 2302.61781005859
vertex 9644.58806884765 17057.0432128906 2332.5416015625
vertex 9646.08424194336 17055.5472045898 2332.5416015625
endloop
endfacet
facet normal 0.63449742284036 0.634520027490949 0.44135853353235
outer loop
vertex 9644.58806884765 17057.0432128906 2332.5416015625
vertex 9646.08424194336 17072.0049438477 2302.61781005859
vertex 9644.58806884765 17073.5012817383 2302.61781005859
endloop
endfacet
facet normal 0.999272551977351 0.0352393946557091 0.0145791607773487
outer loop
vertex 9646.08424194336 17072.0049438477 2302.61781005859
vertex 9646.08424194336 17055.5472045898 2332.5416015625
vertex 9647.58041503906 17022.6310668945 2305.61032104492
endloop
endfacet
facet normal 0.999272551977351 0.0352393946557091 0.0145791607773487
outer loop
vertex 9646.08424194336 17072.0049438477 2302.61781005859
vertex 9647.58041503906 17022.6310668945 2305.61032104492
vertex 9647.58041503906 17043.5774902344 2269.70200195313
endloop
endfacet
facet normal 0.994833463164143 0.0570703084836646 0.0839604696176607
outer loop
vertex 9649.07667053223 17001.6849731445 2343.01481323242
vertex 9649.07667053223 16899.9448730469 2363.96107177734
vertex 9649.07667053223 16899.9448730469 2359.47271728516
endloop
endfacet
facet normal 1.0 0.0 0.0
outer loop
vertex 9649.07667053223 16899.9448730469 2363.96107177734
vertex 9649.07667053223 17001.6849731445 2343.01481323242
vertex 9649.07667053223 16962.7841430664 2366.95341796875
endloop
endfacet
facet normal 0.998016467621793 0.0539368678024119 0.032464513663125
outer loop
vertex 9646.08424194336 17055.5472045898 2332.5416015625
vertex 9646.08424194336 17028.6160888672 2354.98403320312
vertex 9649.07667053223 17001.6849731445 2343.01481323242
endloop
endfacet
facet normal 0.998016467621793 0.0539368678024119 0.032464513663125
outer loop
vertex 9646.08424194336 17055.5472045898 2332.5416015625
vertex 9649.07667053223 17001.6849731445 2343.01481323242
vertex 9647.58041503906 17022.6310668945 2305.61032104492
endloop
endfacet
facet normal 0.876603052395023 -0.480140077253763 0.032134012299732
outer loop
vertex 9638.60337646484 17057.0432128906 2220.328125
vertex 9643.13924272298 17068.2646271632 2265.23185641858
vertex 9644.58806884765 17073.5012817383 2302.61781005859
endloop
endfacet
facet normal 0.876603052395023 -0.480140077253763 0.032134012299732
outer loop
vertex 9643.13924272298 17068.2646271632 2265.23185641858
vertex 9638.60337646484 17057.0432128906 2220.328125
vertex 9641.59580505371 17063.0282348633 2227.80915527344
endloop
endfacet
facet normal 0.876603052395023 -0.480140077253763 0.032134012299732
outer loop
vertex 9643.13924272298 17068.2646271632 2265.23185641858
vertex 9641.59580505371 17063.0282348633 2227.80915527344
vertex 9643.07681062904 17068.009663677 2263.40871276222
endloop
endfacet
facet normal 0.876603052395023 -0.480140077253763 0.032134012299732
outer loop
vertex 9643.07681062904 17068.009663677 2263.40871276222
vertex 9641.59580505371 17063.0282348633 2227.80915527344
vertex 9642.94928157032 17067.9116614655 2262.63805608134
endloop
endfacet
facet normal -0.997952415047694 0.0560434380691517 0.0308238600740496
outer loop
vertex 9644.58806884765 17073.5012817383 2302.61781005859
vertex 9643.13924272298 17068.2646271632 2265.23185641858
vertex 9644.58806884765 17057.0432128906 2332.5416015625
endloop
endfacet
facet normal 0.900772204114146 0.259802430562081 -0.348011685679344
outer loop
vertex 9641.59580505371 17063.0282348633 2227.80915527344
vertex 9643.13924272298 17068.2646271632 2265.23185641858
vertex 9644.58806884765 17057.0432128906 2332.5416015625
endloop
endfacet
facet normal 0.997191237683144 -0.0675574923270814 -0.0323360591048885
outer loop
vertex 9643.13924272298 17068.2646271632 2265.23185641858
vertex 9641.59580505371 17063.0282348633 2227.80915527344
vertex 9643.09189575195 17069.0125976562 2260.72512817383
endloop
endfacet
facet normal -0.999347050484246 0.0255438578095597 0.0255535519379093
outer loop
vertex 9644.58806884765 17057.0432128906 2332.5416015625
vertex 9643.07681062904 17068.009663677 2263.40871276222
vertex 9644.58806884765 17033.1044433594 2356.48020629883
endloop
endfacet
facet normal -0.999347050484246 0.0255438578095597 0.0255535519379093
outer loop
vertex 9643.07681062904 17068.009663677 2263.40871276222
vertex 9644.58806884765 17057.0432128906 2332.5416015625
vertex 9643.13924272298 17068.2646271632 2265.23185641858
endloop
endfacet
facet normal -0.854778721153879 0.481402737412391 0.193919422117527
outer loop
vertex 9643.07681062904 17068.009663677 2263.40871276222
vertex 9640.09954956055 17051.0585205078 2292.14476318359
vertex 9644.58806884765 17033.1044433594 2356.48020629883
endloop
endfacet
facet normal -0.854778721153879 0.481402737412391 0.193919422117527
outer loop
vertex 9640.09954956055 17051.0585205078 2292.14476318359
vertex 9643.07681062904 17068.009663677 2263.40871276222
vertex 9642.94928157032 17067.9116614655 2262.63805608134
endloop
endfacet
facet normal -0.994505402251929 0.0596477086745562 0.0860299700197773
outer loop
vertex 9640.09954956055 17051.0585205078 2292.14476318359
vertex 9643.09189575195 17001.6849731445 2360.96872558594
vertex 9644.58806884765 17033.1044433594 2356.48020629883
endloop
endfacet
facet normal -0.514515801286356 0.68598494125904 0.514488241452116
outer loop
vertex 9643.09189575195 17001.6849731445 2360.96872558594
vertex 9640.09954956055 17051.0585205078 2292.14476318359
vertex 9632.61868408203 17037.5927978516 2302.61781005859
endloop
endfacet
facet normal -0.986653598999636 -0.026769625577177 0.160617753463068
outer loop
vertex 9632.61868408203 17037.5927978516 2302.61781005859
vertex 9643.09189575195 16974.7538574219 2356.48020629883
vertex 9643.09189575195 17001.6849731445 2360.96872558594
endloop
endfacet
facet normal -2.23834216357651e-016 0.9778046655451 0.209518581606107
outer loop
vertex 9646.08424194336 17076.4936279297 2277.18303222656
vertex 9646.08424194336 17080.9819824219 2256.23627929688
vertex 9643.09189575195 17080.9819824219 2256.23627929688
endloop
endfacet
facet normal 0.704053734655015 0.704199596648576 0.0917129587261772
outer loop
vertex 9646.08424194336 17076.4936279297 2277.18303222656
vertex 9643.09189575195 17080.9819824219 2256.23627929688
vertex 9644.58806884765 17077.9893066406 2277.18303222656
endloop
endfacet
facet normal 0.88534641753219 0.296276461103663 -0.358304311387411
outer loop
vertex 9628.13016479492 17101.9287353516 2232.29750976562
vertex 9634.11485717773 17094.448034668 2242.77072143555
vertex 9632.61868408203 17074.9976196289 2218.8319519043
endloop
endfacet
facet normal 0.915367142624146 0.274270635642964 -0.29475178138242
outer loop
vertex 9634.11485717773 17094.448034668 2242.77072143555
vertex 9641.59580505371 17063.0282348633 2227.80915527344
vertex 9632.61868408203 17074.9976196289 2218.8319519043
endloop
endfacet
facet normal 0.989053008435565 0.145077007245983 -0.026959385621863
outer loop
vertex 9638.60337646484 17094.448034668 2260.72512817383
vertex 9641.59580505371 17063.0282348633 2227.80915527344
vertex 9634.11485717773 17094.448034668 2242.77072143555
endloop
endfacet
facet normal 0.989053008435565 0.145077007245983 -0.026959385621863
outer loop
vertex 9638.60337646484 17094.448034668 2260.72512817383
vertex 9643.09189575195 17069.0125976562 2260.72512817383
vertex 9641.59580505371 17063.0282348633 2227.80915527344
endloop
endfacet
facet normal 0.989053008435565 0.145077007245983 -0.026959385621863
outer loop
vertex 9638.60337646484 17094.448034668 2260.72512817383
vertex 9635.6111126709 17086.9666748047 2286.16007080078
vertex 9643.09189575195 17069.0125976562 2260.72512817383
endloop
endfacet
facet normal 0.971992309413885 0.151477513702646 0.179681699910503
outer loop
vertex 9642.94928157032 17067.9116614655 2262.63805608134
vertex 9635.6111126709 17086.9666748047 2286.16007080078
vertex 9640.09954956055 17051.0585205078 2292.14476318359
endloop
endfacet
facet normal 0.977888174861366 0.132739222545517 0.161601411702737
outer loop
vertex 9635.6111126709 17086.9666748047 2286.16007080078
vertex 9642.94928157032 17067.9116614655 2262.63805608134
vertex 9643.09189575195 17069.0125976562 2260.72512817383
endloop
endfacet
facet normal -0.0885069271669788 -0.947231165015156 -0.308090317711364
outer loop
vertex 9626.63390930176 17060.0358886719 2220.328125
vertex 9614.66452453613 17066.0205810547 2205.36655883789
vertex 9629.62633789062 17064.5245727539 2208.3589050293
endloop
endfacet
facet normal -0.0885069271669788 -0.947231165015156 -0.308090317711364
outer loop
vertex 9626.63390930176 17060.0358886719 2220.328125
vertex 9614.66452453613 17063.0282348633 2217.33577880859
vertex 9614.66452453613 17066.0205810547 2205.36655883789
endloop
endfacet
facet normal -4.29115592118041e-017 0.991130364509888 0.132893192250384
outer loop
vertex 9646.08424194336 17080.9819824219 2256.23627929688
vertex 9646.08424194336 17082.4779907227 2229.30516357422
vertex 9643.09189575195 17080.9819824219 2256.23627929688
endloop
endfacet
facet normal -0.77065921672211 0.637233048080103 0.00429116718456988
outer loop
vertex 9646.08424194336 17082.4779907227 2229.30516357422
vertex 9638.60337646484 17073.5012817383 2218.8319519043
vertex 9643.09189575195 17080.9819824219 2256.23627929688
endloop
endfacet
facet normal 0.824255672476982 0.326856571878066 -0.462349832712889
outer loop
vertex 9632.61868408203 17074.9976196289 2218.8319519043
vertex 9641.59580505371 17063.0282348633 2227.80915527344
vertex 9638.60337646484 17057.0432128906 2220.328125
endloop
endfacet
facet normal 0.824255672476982 0.326856571878066 -0.462349832712889
outer loop
vertex 9632.61868408203 17074.9976196289 2218.8319519043
vertex 9638.60337646484 17057.0432128906 2220.328125
vertex 9629.62633789062 17064.5245727539 2208.3589050293
endloop
endfacet
facet normal 0.775495975097603 0.361358628002287 -0.517712212117623
outer loop
vertex 9625.13773620605 17082.4779907227 2212.84725952148
vertex 9632.61868408203 17074.9976196289 2218.8319519043
vertex 9629.62633789062 17064.5245727539 2208.3589050293
endloop
endfacet
facet normal 0.199560829363557 0.840245377140211 0.504145992325868
outer loop
vertex 9614.66452453613 17083.725225194 2211.26794437886
vertex 9638.60337646484 17073.5012817383 2218.8319519043
vertex 9614.66452453613 17089.9593505859 2200.87770996094
endloop
endfacet
facet normal 0.0875598051898641 0.789729814538041 0.607173863522488
outer loop
vertex 9638.60337646484 17073.5012817383 2218.8319519043
vertex 9614.66452453613 17083.725225194 2211.26794437886
vertex 9614.66452453613 17076.4936279297 2223.32063598633
endloop
endfacet
facet normal 0.571141111564306 0.257015072902225 0.779577502870723
outer loop
vertex 9640.09954956055 17051.0585205078 2292.14476318359
vertex 9635.6111126709 17086.9666748047 2286.16007080078
vertex 9626.63390930176 17080.9819824219 2292.14476318359
endloop
endfacet
facet normal 0.571141111564306 0.257015072902225 0.779577502870723
outer loop
vertex 9640.09954956055 17051.0585205078 2292.14476318359
vertex 9626.63390930176 17080.9819824219 2292.14476318359
vertex 9632.61868408203 17037.5927978516 2302.61781005859
endloop
endfacet
facet normal 0.294012166292712 0.204753227999192 0.933612854290138
outer loop
vertex 9626.63390930176 17080.9819824219 2292.14476318359
vertex 9625.13773620605 17118.3864746094 2286.16007080078
vertex 9614.66452453613 17116.8904663086 2289.15225219727
endloop
endfacet
facet normal 0.294012166292712 0.204753227999192 0.933612854290138
outer loop
vertex 9626.63390930176 17080.9819824219 2292.14476318359
vertex 9614.66452453613 17116.8904663086 2289.15225219727
vertex 9614.66452453613 17077.9893066406 2293.64077148437
endloop
endfacet
facet normal 0.835780732491327 0.247792986690369 -0.489968573424181
outer loop
vertex 9623.64164550781 17125.8675048828 2242.77072143555
vertex 9631.12242858887 17118.3864746094 2251.74792480469
vertex 9628.13016479492 17101.9287353516 2232.29750976562
endloop
endfacet
facet normal 0.865347589597659 0.247857716350634 -0.435591668449903
outer loop
vertex 9631.12242858887 17118.3864746094 2251.74792480469
vertex 9634.11485717773 17094.448034668 2242.77072143555
vertex 9628.13016479492 17101.9287353516 2232.29750976562
endloop
endfacet
facet normal 0.892804845881224 0.208937017324317 -0.399054920985347
outer loop
vertex 9637.1072857666 17118.3864746094 2263.71730957031
vertex 9634.11485717773 17094.448034668 2242.77072143555
vertex 9631.12242858887 17118.3864746094 2251.74792480469
endloop
endfacet
facet normal 0.892804845881224 0.208937017324317 -0.399054920985347
outer loop
vertex 9637.1072857666 17118.3864746094 2263.71730957031
vertex 9638.60337646484 17094.448034668 2260.72512817383
vertex 9634.11485717773 17094.448034668 2242.77072143555
endloop
endfacet
facet normal 0.977331551777974 0.111009068499797 0.180277632029224
outer loop
vertex 9634.11485717773 17118.3864746094 2278.67904052734
vertex 9638.60337646484 17094.448034668 2260.72512817383
vertex 9637.1072857666 17118.3864746094 2263.71730957031
endloop
endfacet
facet normal 0.977331551777974 0.111009068499797 0.180277632029224
outer loop
vertex 9634.11485717773 17118.3864746094 2278.67904052734
vertex 9635.6111126709 17086.9666748047 2286.16007080078
vertex 9638.60337646484 17094.448034668 2260.72512817383
endloop
endfacet
facet normal 0.88534641753219 0.296276461103663 -0.358304311387411
outer loop
vertex 9628.13016479492 17101.9287353516 2232.29750976562
vertex 9632.61868408203 17074.9976196289 2218.8319519043
vertex 9625.13773620605 17082.4779907227 2212.84725952148
endloop
endfacet
facet normal 0.314680804446629 0.54440103366207 -0.777562541446341
outer loop
vertex 9628.13016479492 17101.9287353516 2232.29750976562
vertex 9625.13773620605 17082.4779907227 2212.84725952148
vertex 9614.66452453613 17103.4247436523 2227.80915527344
endloop
endfacet
facet normal 0.48221134323696 0.178232569255598 0.857732692457362
outer loop
vertex 9635.6111126709 17086.9666748047 2286.16007080078
vertex 9634.11485717773 17118.3864746094 2278.67904052734
vertex 9625.13773620605 17118.3864746094 2286.16007080078
endloop
endfacet
facet normal 0.48221134323696 0.178232569255598 0.857732692457362
outer loop
vertex 9635.6111126709 17086.9666748047 2286.16007080078
vertex 9625.13773620605 17118.3864746094 2286.16007080078
vertex 9626.63390930176 17080.9819824219 2292.14476318359
endloop
endfacet
facet normal 0.983244774802388 0.109239379085624 0.145933104129218
outer loop
vertex 9646.08424194336 17028.6160888672 2354.98403320312
vertex 9646.08424194336 16997.1962890625 2366.95341796875
vertex 9649.07667053223 17001.6849731445 2343.01481323242
endloop
endfacet
facet normal -0.763939342981318 -0.617623471452648 0.186916900669929
outer loop
vertex 9629.62633789062 17064.5245727539 2208.3589050293
vertex 9638.60337646484 17057.0432128906 2220.328125
vertex 9640.09954956055 17061.5318969727 2241.27487792969
endloop
endfacet
facet normal 0.43644104551545 -0.872866707944959 -0.218226771846882
outer loop
vertex 9640.09954956055 17061.5318969727 2241.27487792969
vertex 9626.63390930176 17060.0358886719 2220.328125
vertex 9629.62633789062 17064.5245727539 2208.3589050293
endloop
endfacet
facet normal 0.20275232761297 0.29939541834516 -0.93233785567328
outer loop
vertex 9629.62633789062 17064.5245727539 2208.3589050293
vertex 9614.66452453613 17083.725225194 2211.26794437886
vertex 9614.66452453613 17083.9746582031 2211.35108642578
endloop
endfacet
facet normal 0.216123012775553 0.308746432197232 -0.926264802286203
outer loop
vertex 9614.66452453613 17083.725225194 2211.26794437886
vertex 9629.62633789062 17064.5245727539 2208.3589050293
vertex 9614.66452453613 17066.0205810547 2205.36655883789
endloop
endfacet
facet normal 0.20275232761297 0.29939541834516 -0.93233785567328
outer loop
vertex 9629.62633789062 17064.5245727539 2208.3589050293
vertex 9614.66452453613 17083.9746582031 2211.35108642578
vertex 9625.13773620605 17082.4779907227 2212.84725952148
endloop
endfacet
facet normal 0.23089346676789 0.63933220330774 -0.733445663166383
outer loop
vertex 9625.13773620605 17082.4779907227 2212.84725952148
vertex 9614.66452453613 17083.9746582031 2211.35108642578
vertex 9614.66452453613 17103.4247436523 2227.80915527344
endloop
endfacet
facet normal -0.921529082065608 0.37869423566212 0.0858768116758037
outer loop
vertex 9643.09189575195 17080.9819824219 2256.23627929688
vertex 9635.6111126709 17067.5162597656 2232.29750976562
vertex 9644.58806884765 17077.9893066406 2277.18303222656
endloop
endfacet
facet normal -0.917366734698003 -0.305786832573166 0.254818930015794
outer loop
vertex 9644.58806884765 17077.9893066406 2277.18303222656
vertex 9635.6111126709 17067.5162597656 2232.29750976562
vertex 9640.09954956055 17061.5318969727 2241.27487792969
endloop
endfacet
facet normal -0.36893290106015 -0.696933213345251 0.614957405558795
outer loop
vertex 9628.13016479492 17064.5245727539 2226.31281738281
vertex 9614.66452453613 17069.0125976562 2223.32063598633
vertex 9626.63390930176 17060.0358886719 2220.328125
endloop
endfacet
facet normal -0.345779058597181 -0.677476126466429 0.649201771950516
outer loop
vertex 9614.66452453613 17069.0125976562 2223.32063598633
vertex 9614.66452453613 17063.0282348633 2217.33577880859
vertex 9626.63390930176 17060.0358886719 2220.328125
endloop
endfacet
facet normal -0.662889575695269 0.426229361531356 0.615553362270989
outer loop
vertex 9635.6111126709 17067.5162597656 2232.29750976562
vertex 9628.13016479492 17064.5245727539 2226.31281738281
vertex 9640.09954956055 17061.5318969727 2241.27487792969
endloop
endfacet
facet normal -0.74468762912348 -0.43108984446236 0.509511414034925
outer loop
vertex 9628.13016479492 17064.5245727539 2226.31281738281
vertex 9626.63390930176 17060.0358886719 2220.328125
vertex 9640.09954956055 17061.5318969727 2241.27487792969
endloop
endfacet
facet normal -0.523283841379453 0.815785399994352 0.24630916042084
outer loop
vertex 9635.6111126709 17067.5162597656 2232.29750976562
vertex 9638.60337646484 17073.5012817383 2218.8319519043
vertex 9628.13016479492 17064.5245727539 2226.31281738281
endloop
endfacet
facet normal -0.000173936246672918 0.553371873342887 -0.83293429485114
outer loop
vertex 9578.75620544434 17089.9593505859 2200.87770996094
vertex 9578.75620544434 17085.4706665039 2197.88552856445
vertex 9578.73341738844 17086.2538031327 2198.45349989393
endloop
endfacet
facet normal -0.000173936246672918 0.553371873342887 -0.83293429485114
outer loop
vertex 9578.75620544434 17085.4706665039 2197.88552856445
vertex 9578.75620544434 17089.9593505859 2200.87770996094
vertex 9614.66452453613 17089.9593505859 2200.87770996094
endloop
endfacet
facet normal -0.000173936246672918 0.553371873342887 -0.83293429485114
outer loop
vertex 9578.75620544434 17085.4706665039 2197.88552856445
vertex 9614.66452453613 17089.9593505859 2200.87770996094
vertex 9647.58041503906 17085.4706665039 2197.88552856445
endloop
endfacet
facet normal -0.000173936246672918 0.553371873342887 -0.83293429485114
outer loop
vertex 9647.58041503906 17085.4706665039 2197.88552856445
vertex 9614.66452453613 17089.9593505859 2200.87770996094
vertex 9647.58041503906 17089.9593505859 2200.87770996094
endloop
endfacet
facet normal 0.991790928868994 0.108467427289329 0.0677168415566745
outer loop
vertex 9646.08424194336 17082.4779907227 2229.30516357422
vertex 9646.08424194336 17080.9819824219 2256.23627929688
vertex 9647.58041503906 17043.5774902344 2269.70200195313
endloop
endfacet
facet normal 0.314680804446629 0.54440103366207 -0.777562541446341
outer loop
vertex 9628.13016479492 17101.9287353516 2232.29750976562
vertex 9614.66452453613 17128.8601806641 2241.27487792969
vertex 9623.64164550781 17125.8675048828 2242.77072143555
endloop
endfacet
facet normal 0.314680804446629 0.54440103366207 -0.777562541446341
outer loop
vertex 9628.13016479492 17101.9287353516 2232.29750976562
vertex 9614.66452453613 17103.4247436523 2227.80915527344
vertex 9614.66452453613 17128.8601806641 2241.27487792969
endloop
endfacet
facet normal -0.0985187553029386 0.638112166408205 0.763614377768902
outer loop
vertex 9643.09189575195 16974.7538574219 2356.48020629883
vertex 9632.61868408203 17037.5927978516 2302.61781005859
vertex 9614.66452453613 17006.1736572266 2326.55674438477
endloop
endfacet
facet normal 0.454228396604126 0.155324466670598 0.877240487991713
outer loop
vertex 9625.13773620605 17118.3864746094 2286.16007080078
vertex 9620.6492993164 17145.317590332 2284.66373291016
vertex 9614.66452453613 17116.8904663086 2289.15225219727
endloop
endfacet
facet normal 0.0574712913091176 0.143889373930088 0.987923528794243
outer loop
vertex 9620.6492993164 17145.317590332 2284.66373291016
vertex 9610.17608764648 17145.317590332 2284.66373291016
vertex 9614.66452453613 17116.8904663086 2289.15225219727
endloop
endfacet
facet normal 0.183287992834155 0.410923519351383 0.893055078327591
outer loop
vertex 9632.61868408203 17037.5927978516 2302.61781005859
vertex 9626.63390930176 17080.9819824219 2292.14476318359
vertex 9614.66452453613 17034.6011108398 2308.60250244141
endloop
endfacet
facet normal 0.294012166292712 0.204753227999192 0.933612854290138
outer loop
vertex 9626.63390930176 17080.9819824219 2292.14476318359
vertex 9614.66452453613 17077.9893066406 2293.64077148437
vertex 9614.66452453613 17034.6011108398 2308.60250244141
endloop
endfacet
facet normal -0.820636405185958 0.561785543200177 0.104656074523887
outer loop
vertex 9647.58041503906 17089.9593505859 2200.87770996094
vertex 9638.60337646484 17073.5012817383 2218.8319519043
vertex 9646.08424194336 17082.4779907227 2229.30516357422
endloop
endfacet
facet normal 0.0875598051898641 0.789729814538041 0.607173863522488
outer loop
vertex 9638.60337646484 17073.5012817383 2218.8319519043
vertex 9647.58041503906 17089.9593505859 2200.87770996094
vertex 9614.66452453613 17089.9593505859 2200.87770996094
endloop
endfacet
facet normal -0.981231074140413 0.189671684118002 0.0347883800297212
outer loop
vertex 9644.58806884765 17073.5012817383 2302.61781005859
vertex 9640.09954956055 17061.5318969727 2241.27487792969
vertex 9638.60337646484 17057.0432128906 2220.328125
endloop
endfacet
facet normal -0.980587604172148 0.193098431628434 0.034072661278
outer loop
vertex 9644.58806884765 17077.9893066406 2277.18303222656
vertex 9640.09954956055 17061.5318969727 2241.27487792969
vertex 9644.58806884765 17073.5012817383 2302.61781005859
endloop
endfacet
facet normal 0.688863310083965 0.688908524745682 0.22554907349154
outer loop
vertex 9644.58806884765 17073.5012817383 2302.61781005859
vertex 9646.08424194336 17076.4936279297 2277.18303222656
vertex 9644.58806884765 17077.9893066406 2277.18303222656
endloop
endfacet
facet normal 0.704053734655015 0.704199596648576 0.0917129587261772
outer loop
vertex 9646.08424194336 17076.4936279297 2277.18303222656
vertex 9644.58806884765 17073.5012817383 2302.61781005859
vertex 9646.08424194336 17072.0049438477 2302.61781005859
endloop
endfacet
facet normal 0.999018208268753 0.0434829945695976 0.00847636306151148
outer loop
vertex 9646.08424194336 17076.4936279297 2277.18303222656
vertex 9646.08424194336 17072.0049438477 2302.61781005859
vertex 9647.58041503906 17043.5774902344 2269.70200195313
endloop
endfacet
facet normal 0.99912194765002 0.0416380609107626 0.00464818326031715
outer loop
vertex 9646.08424194336 17080.9819824219 2256.23627929688
vertex 9646.08424194336 17076.4936279297 2277.18303222656
vertex 9647.58041503906 17043.5774902344 2269.70200195313
endloop
endfacet
facet normal -0.999649129949343 0.0138849546575729 0.0225571502118041
outer loop
vertex 9577.26011474609 16962.7841430664 2366.95341796875
vertex 9577.26011474609 16899.9448730469 2359.47271728516
vertex 9577.26011474609 16899.9448730469 2363.96107177734
endloop
endfacet
facet normal -0.999999999975944 1.81383868325563e-007 -6.9339648609477e-006
outer loop
vertex 9577.26011474609 16899.9448730469 2359.47271728516
vertex 9577.26011474609 16962.7841430664 2366.95341796875
vertex 9577.26047461675 16979.9855960569 2346.56570684542
endloop
endfacet
facet normal -0.999999999975944 1.81383868325563e-007 -6.9339648609477e-006
outer loop
vertex 9577.26047461675 16979.9855960569 2346.56570684542
vertex 9577.26011474609 16962.7841430664 2366.95341796875
vertex 9577.26011474609 17001.6849731445 2343.01481323242
endloop
endfacet
facet normal -0.992219831687021 0.060382747479093 0.108874833703001
outer loop
vertex 9577.26011474609 17001.6849731445 2343.01481323242
vertex 9577.26011474609 16962.7841430664 2366.95341796875
vertex 9580.25254333496 17001.6849731445 2360.96872558594
endloop
endfacet
facet normal -0.196122366181956 -1.56427114159654e-017 0.980579429461577
outer loop
vertex 9614.66452453613 17076.4936279297 2223.32063598633
vertex 9592.22184570312 17073.5012817383 2218.8319519043
vertex 9614.66452453613 17069.0125976562 2223.32063598633
endloop
endfacet
facet normal -0.1872765729009 0.130930927139964 0.973542283396445
outer loop
vertex 9614.66452453613 17069.0125976562 2223.32063598633
vertex 9592.22184570312 17073.5012817383 2218.8319519043
vertex 9602.69513977051 17063.0282348633 2223.32063598633
endloop
endfacet
facet normal -0.998537559673496 0.0537896470465481 0.00542363272244878
outer loop
vertex 9578.75620544434 17043.5774902344 2269.70200195313
vertex 9578.73341738844 17086.2538031327 2198.45349989393
vertex 9578.75620544434 17085.4706665039 2197.88552856445
endloop
endfacet
facet normal -0.999998735228945 0.00130265064704612 0.000912492082920123
outer loop
vertex 9578.73341738844 17086.2538031327 2198.45349989393
vertex 9578.75620544434 17043.5774902344 2269.70200195313
vertex 9578.75620544434 17089.9593505859 2200.87770996094
endloop
endfacet
facet normal -0.999534691511348 0.0252809598945645 0.0170667375946269
outer loop
vertex 9578.75620544434 17089.9593505859 2200.87770996094
vertex 9578.75620544434 17043.5774902344 2269.70200195313
vertex 9580.25254333496 17080.9819824219 2227.80915527344
endloop
endfacet
facet normal -0.607652016169273 0.207131019374202 0.766717528206068
outer loop
vertex 9610.17608764648 17145.317590332 2284.66373291016
vertex 9601.19904907226 17145.317590332 2277.18303222656
vertex 9596.7104473877 17116.8904663086 2281.67138671875
endloop
endfacet
facet normal -0.607652016169273 0.207131019374202 0.766717528206068
outer loop
vertex 9610.17608764648 17145.317590332 2284.66373291016
vertex 9596.7104473877 17116.8904663086 2281.67138671875
vertex 9605.68740356445 17116.8904663086 2287.65607910156
endloop
endfacet
facet normal -0.940384991794599 0.131990377984458 0.313455909701814
outer loop
vertex 9598.20670288086 17145.317590332 2268.20582885742
vertex 9593.71801879883 17116.8904663086 2266.70965576172
vertex 9601.19904907226 17145.317590332 2277.18303222656
endloop
endfacet
facet normal -0.949340004167992 0.147624572081624 0.277417631386387
outer loop
vertex 9601.19904907226 17145.317590332 2277.18303222656
vertex 9593.71801879883 17116.8904663086 2266.70965576172
vertex 9596.7104473877 17116.8904663086 2281.67138671875
endloop
endfacet
facet normal -0.924410425075516 0.134858869555427 -0.356761056330334
outer loop
vertex 9601.19904907226 17145.317590332 2257.7326171875
vertex 9598.20670288086 17116.8904663086 2254.74043579102
vertex 9598.20670288086 17145.317590332 2268.20582885742
endloop
endfacet
facet normal -0.946206269009274 0.13851262410484 -0.292417423302958
outer loop
vertex 9598.20670288086 17145.317590332 2268.20582885742
vertex 9598.20670288086 17116.8904663086 2254.74043579102
vertex 9593.71801879883 17116.8904663086 2266.70965576172
endloop
endfacet
facet normal -0.519722760031268 0.352233753491106 -0.778344162698641
outer loop
vertex 9610.17608764648 17145.317590332 2251.74792480469
vertex 9607.18365905761 17124.371496582 2244.26705932617
vertex 9601.19904907226 17145.317590332 2257.7326171875
endloop
endfacet
facet normal -0.924410425075516 0.134858869555427 -0.356761056330334
outer loop
vertex 9601.19904907226 17145.317590332 2257.7326171875
vertex 9607.18365905761 17124.371496582 2244.26705932617
vertex 9598.20670288086 17116.8904663086 2254.74043579102
endloop
endfacet
facet normal -0.530536976841199 0.366831491650871 -0.76417613999483
outer loop
vertex 9614.66452453613 17128.8601806641 2241.27487792969
vertex 9607.18365905761 17124.371496582 2244.26705932617
vertex 9610.17608764648 17145.317590332 2251.74792480469
endloop
endfacet
facet normal 0.370086201282429 0.172590946860525 0.912824500483049
outer loop
vertex 9583.24480712891 17003.1809814453 2359.47271728516
vertex 9580.25254333496 17001.6849731445 2360.96872558594
vertex 9577.26011474609 16962.7841430664 2366.95341796875
endloop
endfacet
facet normal -0.731773536014235 0.0340386155976222 0.680697337028301
outer loop
vertex 9583.24480712891 17033.1044433594 2357.97637939453
vertex 9580.25254333496 17028.6160888672 2354.98403320312
vertex 9583.24480712891 17003.1809814453 2359.47271728516
endloop
endfacet
facet normal 0.370086201282429 0.172590946860525 0.912824500483049
outer loop
vertex 9583.24480712891 17003.1809814453 2359.47271728516
vertex 9580.25254333496 17028.6160888672 2354.98403320312
vertex 9580.25254333496 17001.6849731445 2360.96872558594
endloop
endfacet
facet normal -0.546329508925965 0.642966480911973 0.53676640366214
outer loop
vertex 9583.24480712891 17055.5472045898 2335.53378295898
vertex 9580.25254333496 17055.5472045898 2332.5416015625
vertex 9583.24480712891 17033.1044433594 2357.97637939453
endloop
endfacet
facet normal -0.865581578299462 0.320582434777037 0.384701746579139
outer loop
vertex 9580.25254333496 17055.5472045898 2332.5416015625
vertex 9580.25254333496 17028.6160888672 2354.98403320312
vertex 9583.24480712891 17033.1044433594 2357.97637939453
endloop
endfacet
facet normal -0.690950578039699 0.690855458191361 0.212852142563357
outer loop
vertex 9583.24480712891 17074.9976196289 2302.61781005859
vertex 9580.25254333496 17072.0049438477 2302.61781005859
vertex 9583.24480712891 17055.5472045898 2335.53378295898
endloop
endfacet
facet normal -0.546329508925965 0.642966480911973 0.53676640366214
outer loop
vertex 9583.24480712891 17055.5472045898 2335.53378295898
vertex 9580.25254333496 17072.0049438477 2302.61781005859
vertex 9580.25254333496 17055.5472045898 2332.5416015625
endloop
endfacet
facet normal -0.99836464308089 0.0557320765946277 0.0127269432472502
outer loop
vertex 9580.25254333496 17072.0049438477 2302.61781005859
vertex 9578.75620544434 17043.5774902344 2269.70200195313
vertex 9577.26011474609 17022.6310668945 2305.61032104492
endloop
endfacet
facet normal -0.99696633177114 0.0641221422322516 0.0441189776665718
outer loop
vertex 9580.25254333496 17055.5472045898 2332.5416015625
vertex 9577.26011474609 17022.6310668945 2305.61032104492
vertex 9577.26011474609 17001.6849731445 2343.01481323242
endloop
endfacet
facet normal -0.997861257176489 0.0616518896007501 0.0217245468264303
outer loop
vertex 9577.26011474609 17022.6310668945 2305.61032104492
vertex 9580.25254333496 17055.5472045898 2332.5416015625
vertex 9580.25254333496 17072.0049438477 2302.61781005859
endloop
endfacet
facet normal -0.99696633177114 0.0641221422322516 0.0441189776665718
outer loop
vertex 9580.25254333496 17055.5472045898 2332.5416015625
vertex 9577.26011474609 17001.6849731445 2343.01481323242
vertex 9580.25254333496 17028.6160888672 2354.98403320312
endloop
endfacet
facet normal 0.990479972205594 0.118526779627589 0.0700059081129435
outer loop
vertex 9583.24480712891 17055.5472045898 2335.53378295898
vertex 9588.34092868199 17064.7764778513 2247.69923242621
vertex 9583.24480712891 17074.9976196289 2302.61781005859
endloop
endfacet
facet normal 0.990479972205594 0.118526779627589 0.0700059081129435
outer loop
vertex 9588.34092868199 17064.7764778513 2247.69923242621
vertex 9583.24480712891 17055.5472045898 2335.53378295898
vertex 9589.22958190918 17063.0282348633 2238.28236694336
endloop
endfacet
facet normal -0.891799711105407 -0.452428741898899 0.00122832247061867
outer loop
vertex 9591.30663129112 17058.8409594958 2232.52884836546
vertex 9589.22958190918 17063.0282348633 2238.28236694336
vertex 9592.22184570312 17057.0432128906 2224.81680908203
endloop
endfacet
facet normal -0.891799711105407 -0.452428741898899 0.00122832247061867
outer loop
vertex 9589.22958190918 17063.0282348633 2238.28236694336
vertex 9591.30663129112 17058.8409594958 2232.52884836546
vertex 9588.83869971137 17063.6617205606 2245.16541765906
endloop
endfacet
facet normal -0.891799711105407 -0.452428741898899 0.00122832247061867
outer loop
vertex 9588.83869971137 17063.6617205606 2245.16541765906
vertex 9591.30663129112 17058.8409594958 2232.52884836546
vertex 9588.21858614438 17065.0501083673 2259.51252043017
endloop
endfacet
facet normal 0.993489576925497 0.0805554630069421 0.0805560545218883
outer loop
vertex 9587.73349121094 17066.0205810547 2269.70200195313
vertex 9583.24480712891 17055.5472045898 2335.53378295898
vertex 9583.24480712891 17033.1044433594 2357.97637939453
endloop
endfacet
facet normal -0.995007413323844 0.08359333728175 -0.0545197339748978
outer loop
vertex 9583.24480712891 17055.5472045898 2335.53378295898
vertex 9588.83869971137 17063.6617205606 2245.16541765906
vertex 9589.22958190918 17063.0282348633 2238.28236694336
endloop
endfacet
facet normal -0.995007413323844 0.08359333728175 -0.0545197339748978
outer loop
vertex 9588.83869971137 17063.6617205606 2245.16541765906
vertex 9583.24480712891 17055.5472045898 2335.53378295898
vertex 9587.73349121094 17066.0205810547 2269.70200195313
endloop
endfacet
facet normal -0.995007413323844 0.08359333728175 -0.0545197339748978
outer loop
vertex 9588.83869971137 17063.6617205606 2245.16541765906
vertex 9587.73349121094 17066.0205810547 2269.70200195313
vertex 9588.21858614438 17065.0501083673 2259.51252043017
endloop
endfacet
facet normal 0.992446424327842 0.00612696141233383 0.122525732736972
outer loop
vertex 9590.72575500488 17048.0658447266 2296.6332824707
vertex 9583.24480712891 17033.1044433594 2357.97637939453
vertex 9583.24480712891 17003.1809814453 2359.47271728516
endloop
endfacet
facet normal 0.854479575511217 0.471025698324252 0.219087759932683
outer loop
vertex 9587.73349121094 17066.0205810547 2269.70200195313
vertex 9583.24480712891 17033.1044433594 2357.97637939453
vertex 9590.72575500488 17048.0658447266 2296.6332824707
endloop
endfacet
facet normal 0.94626657286147 0.111591095688706 0.303524299600548
outer loop
vertex 9598.20670288086 17039.0897949219 2299.62562866211
vertex 9583.24480712891 17003.1809814453 2359.47271728516
vertex 9587.73349121094 16973.2575195312 2356.48020629883
endloop
endfacet
facet normal 0.55967668074376 0.641393909040871 0.524762676337522
outer loop
vertex 9583.24480712891 17003.1809814453 2359.47271728516
vertex 9598.20670288086 17039.0897949219 2299.62562866211
vertex 9590.72575500488 17048.0658447266 2296.6332824707
endloop
endfacet
facet normal -0.457209185493693 0.878667106029023 0.137491372393964
outer loop
vertex 9583.24480712891 17077.9893066406 2277.18303222656
vertex 9583.24480712891 17080.9819824219 2256.23627929688
vertex 9580.25254333496 17076.4936279297 2277.18303222656
endloop
endfacet
facet normal 1.11923271948572e-016 0.9778046655451 0.209518581606107
outer loop
vertex 9580.25254333496 17076.4936279297 2277.18303222656
vertex 9583.24480712891 17080.9819824219 2256.23627929688
vertex 9580.25254333496 17080.9819824219 2256.23627929688
endloop
endfacet
facet normal -0.945810202120205 0.207468933246627 -0.249799326065631
outer loop
vertex 9596.7104473877 17094.448034668 2247.25924072266
vertex 9598.20670288086 17074.9976196289 2224.81680908203
vertex 9589.22958190918 17063.0282348633 2238.28236694336
endloop
endfacet
facet normal -0.892574274420156 0.265837833262596 -0.364199685680234
outer loop
vertex 9602.69513977051 17100.4323974609 2235.28985595703
vertex 9598.20670288086 17074.9976196289 2224.81680908203
vertex 9596.7104473877 17094.448034668 2247.25924072266
endloop
endfacet
facet normal -0.976886235095373 0.203591525226642 -0.0651442594330243
outer loop
vertex 9588.83869971137 17063.6617205606 2245.16541765906
vertex 9592.22184570312 17089.9593505859 2277.18303222656
vertex 9589.22958190918 17063.0282348633 2238.28236694336
endloop
endfacet
facet normal -0.984287041378171 0.135102215685915 -0.113694377573224
outer loop
vertex 9592.22184570312 17089.9593505859 2277.18303222656
vertex 9588.83869971137 17063.6617205606 2245.16541765906
vertex 9588.21858614438 17065.0501083673 2259.51252043017
endloop
endfacet
facet normal -0.984287041378171 0.135102215685915 -0.113694377573224
outer loop
vertex 9592.22184570312 17089.9593505859 2277.18303222656
vertex 9588.21858614438 17065.0501083673 2259.51252043017
vertex 9587.73349121094 17066.0205810547 2269.70200195313
endloop
endfacet
facet normal -0.945810202120205 0.207468933246627 -0.249799326065631
outer loop
vertex 9596.7104473877 17094.448034668 2247.25924072266
vertex 9589.22958190918 17063.0282348633 2238.28236694336
vertex 9592.22184570312 17089.9593505859 2277.18303222656
endloop
endfacet
facet normal -0.94301636966705 0.109370990598976 0.314258035625783
outer loop
vertex 9595.21427429199 17085.4706665039 2286.16007080078
vertex 9587.73349121094 17066.0205810547 2269.70200195313
vertex 9590.72575500488 17048.0658447266 2296.6332824707
endloop
endfacet
facet normal -0.939619230659623 0.0896339394394464 0.330274822345246
outer loop
vertex 9592.22184570312 17089.9593505859 2277.18303222656
vertex 9587.73349121094 17066.0205810547 2269.70200195313
vertex 9595.21427429199 17085.4706665039 2286.16007080078
endloop
endfacet
facet normal 0.0527643893199741 -0.975453498981787 -0.213790529593522
outer loop
vertex 9604.19123046875 17061.5318969727 2224.81680908203
vertex 9614.66452453613 17066.0205810547 2205.36655883789
vertex 9614.66452453613 17063.0282348633 2217.33577880859
endloop
endfacet
facet normal 0.0527643893199741 -0.975453498981787 -0.213790529593522
outer loop
vertex 9604.19123046875 17061.5318969727 2224.81680908203
vertex 9601.19904907226 17064.5245727539 2209.855078125
vertex 9614.66452453613 17066.0205810547 2205.36655883789
endloop
endfacet
facet normal 0.500542265011506 0.864107323657399 -0.0526875140692537
outer loop
vertex 9583.24480712891 17080.9819824219 2256.23627929688
vertex 9592.22184570312 17073.5012817383 2218.8319519043
vertex 9580.25254333496 17080.9819824219 2227.80915527344
endloop
endfacet
facet normal 5.56162723220414e-017 0.994565498078134 0.104112775549373
outer loop
vertex 9583.24480712891 17080.9819824219 2256.23627929688
vertex 9580.25254333496 17080.9819824219 2227.80915527344
vertex 9580.25254333496 17080.9819824219 2256.23627929688
endloop
endfacet
facet normal -0.883202688440547 0.302534922125927 -0.358365221562652
outer loop
vertex 9598.20670288086 17074.9976196289 2224.81680908203
vertex 9592.22184570312 17057.0432128906 2224.81680908203
vertex 9589.22958190918 17063.0282348633 2238.28236694336
endloop
endfacet
facet normal -0.86911799118818 0.309422039115819 -0.385865156631733
outer loop
vertex 9604.19123046875 17082.4779907227 2217.33577880859
vertex 9601.19904907226 17064.5245727539 2209.855078125
vertex 9598.20670288086 17074.9976196289 2224.81680908203
endloop
endfacet
facet normal -0.883202688440547 0.302534922125927 -0.358365221562652
outer loop
vertex 9598.20670288086 17074.9976196289 2224.81680908203
vertex 9601.19904907226 17064.5245727539 2209.855078125
vertex 9592.22184570312 17057.0432128906 2224.81680908203
endloop
endfacet
facet normal -0.0900931204615954 0.787696650180845 0.609440084782227
outer loop
vertex 9592.22184570312 17073.5012817383 2218.8319519043
vertex 9614.66452453613 17083.725225194 2211.26794437886
vertex 9614.66452453613 17089.9593505859 2200.87770996094
endloop
endfacet
facet normal -0.212283242588868 0.837949643263675 0.50276855537139
outer loop
vertex 9614.66452453613 17083.725225194 2211.26794437886
vertex 9592.22184570312 17073.5012817383 2218.8319519043
vertex 9614.66452453613 17076.4936279297 2223.32063598633
endloop
endfacet
facet normal -0.284332351716288 0.203486522516355 0.936882249229692
outer loop
vertex 9604.19123046875 17080.9819824219 2290.64859008789
vertex 9590.72575500488 17048.0658447266 2296.6332824707
vertex 9598.20670288086 17039.0897949219 2299.62562866211
endloop
endfacet
facet normal -0.284332351716288 0.203486522516355 0.936882249229692
outer loop
vertex 9604.19123046875 17080.9819824219 2290.64859008789
vertex 9595.21427429199 17085.4706665039 2286.16007080078
vertex 9590.72575500488 17048.0658447266 2296.6332824707
endloop
endfacet
facet normal 0.0301745634219096 0.124685190145107 0.991737414379822
outer loop
vertex 9614.66452453613 17116.8904663086 2289.15225219727
vertex 9604.19123046875 17080.9819824219 2290.64859008789
vertex 9614.66452453613 17077.9893066406 2293.64077148437
endloop
endfacet
facet normal 0.0301745634219096 0.124685190145107 0.991737414379822
outer loop
vertex 9614.66452453613 17116.8904663086 2289.15225219727
vertex 9605.68740356445 17116.8904663086 2287.65607910156
vertex 9604.19123046875 17080.9819824219 2290.64859008789
endloop
endfacet
facet normal -0.888985892776161 0.199178123936 -0.412349557281571
outer loop
vertex 9598.20670288086 17116.8904663086 2254.74043579102
vertex 9602.69513977051 17100.4323974609 2235.28985595703
vertex 9596.7104473877 17094.448034668 2247.25924072266
endloop
endfacet
facet normal -0.81415477938847 0.231385950100227 -0.532552849297727
outer loop
vertex 9607.18365905761 17124.371496582 2244.26705932617
vertex 9602.69513977051 17100.4323974609 2235.28985595703
vertex 9598.20670288086 17116.8904663086 2254.74043579102
endloop
endfacet
facet normal -0.950798879348696 0.116294534235084 -0.287153395132825
outer loop
vertex 9593.71801879883 17116.8904663086 2266.70965576172
vertex 9596.7104473877 17094.448034668 2247.25924072266
vertex 9592.22184570312 17089.9593505859 2277.18303222656
endloop
endfacet
facet normal -0.888985892776161 0.199178123936 -0.412349557281571
outer loop
vertex 9598.20670288086 17116.8904663086 2254.74043579102
vertex 9596.7104473877 17094.448034668 2247.25924072266
vertex 9593.71801879883 17116.8904663086 2266.70965576172
endloop
endfacet
facet normal -0.965806495109554 0.15072958544683 0.210946453099421
outer loop
vertex 9596.7104473877 17116.8904663086 2281.67138671875
vertex 9592.22184570312 17089.9593505859 2277.18303222656
vertex 9595.21427429199 17085.4706665039 2286.16007080078
endloop
endfacet
facet normal -0.96616811734056 0.153265484637764 0.207433990110951
outer loop
vertex 9593.71801879883 17116.8904663086 2266.70965576172
vertex 9592.22184570312 17089.9593505859 2277.18303222656
vertex 9596.7104473877 17116.8904663086 2281.67138671875
endloop
endfacet
facet normal -0.536955869501822 0.491634660422873 -0.685546318550708
outer loop
vertex 9614.66452453613 17103.4247436523 2227.80915527344
vertex 9604.19123046875 17082.4779907227 2217.33577880859
vertex 9602.69513977051 17100.4323974609 2235.28985595703
endloop
endfacet
facet normal -0.892574274420156 0.265837833262596 -0.364199685680234
outer loop
vertex 9602.69513977051 17100.4323974609 2235.28985595703
vertex 9604.19123046875 17082.4779907227 2217.33577880859
vertex 9598.20670288086 17074.9976196289 2224.81680908203
endloop
endfacet
facet normal -0.362361467298047 0.134168816731773 0.922330144598128
outer loop
vertex 9605.68740356445 17116.8904663086 2287.65607910156
vertex 9595.21427429199 17085.4706665039 2286.16007080078
vertex 9604.19123046875 17080.9819824219 2290.64859008789
endloop
endfacet
facet normal -0.362361467298047 0.134168816731773 0.922330144598128
outer loop
vertex 9605.68740356445 17116.8904663086 2287.65607910156
vertex 9596.7104473877 17116.8904663086 2281.67138671875
vertex 9595.21427429199 17085.4706665039 2286.16007080078
endloop
endfacet
facet normal -0.992415961036565 0.0634901132751771 0.105259516416219
outer loop
vertex 9580.25254333496 17028.6160888672 2354.98403320312
vertex 9577.26011474609 17001.6849731445 2343.01481323242
vertex 9580.25254333496 17001.6849731445 2360.96872558594
endloop
endfacet
facet normal 0.0527643893199741 -0.975453498981787 -0.213790529593522
outer loop
vertex 9604.19123046875 17061.5318969727 2224.81680908203
vertex 9591.30663129112 17058.8409594958 2232.52884836546
vertex 9601.19904907226 17064.5245727539 2209.855078125
endloop
endfacet
facet normal 0.0769852680829588 -0.974599094421535 -0.210308995649065
outer loop
vertex 9591.30663129112 17058.8409594958 2232.52884836546
vertex 9604.19123046875 17061.5318969727 2224.81680908203
vertex 9590.72575500488 17058.5395507813 2233.79368286133
endloop
endfacet
facet normal 0.816118566792292 -0.533044333410158 0.223191002408733
outer loop
vertex 9601.19904907226 17064.5245727539 2209.855078125
vertex 9591.30663129112 17058.8409594958 2232.52884836546
vertex 9592.22184570312 17057.0432128906 2224.81680908203
endloop
endfacet
facet normal -0.452778895080105 0.461848435832922 -0.76268426920235
outer loop
vertex 9614.66452453613 17083.9746582031 2211.35108642578
vertex 9601.19904907226 17064.5245727539 2209.855078125
vertex 9604.19123046875 17082.4779907227 2217.33577880859
endloop
endfacet
facet normal -0.452778895080105 0.461848435832922 -0.76268426920235
outer loop
vertex 9614.66452453613 17083.9746582031 2211.35108642578
vertex 9614.66452453613 17066.0205810547 2205.36655883789
vertex 9601.19904907226 17064.5245727539 2209.855078125
endloop
endfacet
facet normal -0.331495327676752 0.298339861535641 -0.895044230609514
outer loop
vertex 9614.66452453613 17066.0205810547 2205.36655883789
vertex 9614.66452453613 17083.9746582031 2211.35108642578
vertex 9614.66452453613 17083.725225194 2211.26794437886
endloop
endfacet
facet normal -0.452778895080105 0.461848435832922 -0.76268426920235
outer loop
vertex 9614.66452453613 17083.9746582031 2211.35108642578
vertex 9604.19123046875 17082.4779907227 2217.33577880859
vertex 9614.66452453613 17103.4247436523 2227.80915527344
endloop
endfacet
facet normal 0.927532407600736 -0.254005156609891 0.274162384848775
outer loop
vertex 9593.71801879883 17064.5245727539 2229.30516357422
vertex 9588.83869971137 17063.6617205606 2245.16541765906
vertex 9590.72575500488 17058.5395507813 2233.79368286133
endloop
endfacet
facet normal 0.927532407600736 -0.254005156609891 0.274162384848775
outer loop
vertex 9588.83869971137 17063.6617205606 2245.16541765906
vertex 9593.71801879883 17064.5245727539 2229.30516357422
vertex 9588.34092868199 17064.7764778513 2247.69923242621
endloop
endfacet
facet normal 0.927532407600736 -0.254005156609891 0.274162384848775
outer loop
vertex 9588.34092868199 17064.7764778513 2247.69923242621
vertex 9593.71801879883 17064.5245727539 2229.30516357422
vertex 9583.24480712891 17077.9893066406 2277.18303222656
endloop
endfacet
facet normal 0.893405974119415 0.442609150862324 0.0769604117756089
outer loop
vertex 9583.24480712891 17080.9819824219 2256.23627929688
vertex 9583.24480712891 17077.9893066406 2277.18303222656
vertex 9593.71801879883 17064.5245727539 2229.30516357422
endloop
endfacet
facet normal 0.518321551930741 -0.60473266182576 0.604682707314537
outer loop
vertex 9604.19123046875 17061.5318969727 2224.81680908203
vertex 9614.66452453613 17063.0282348633 2217.33577880859
vertex 9614.66452453613 17069.0125976562 2223.32063598633
endloop
endfacet
facet normal -0.1872765729009 0.130930927139964 0.973542283396445
outer loop
vertex 9614.66452453613 17069.0125976562 2223.32063598633
vertex 9602.69513977051 17063.0282348633 2223.32063598633
vertex 9604.19123046875 17061.5318969727 2224.81680908203
endloop
endfacet
facet normal 0.210262037652806 0.788348049805623 0.57818442376958
outer loop
vertex 9590.72575500488 17058.5395507813 2233.79368286133
vertex 9604.19123046875 17061.5318969727 2224.81680908203
vertex 9602.69513977051 17063.0282348633 2223.32063598633
endloop
endfacet
facet normal 0.563463940129411 0.296565899612265 0.771075259206913
outer loop
vertex 9602.69513977051 17063.0282348633 2223.32063598633
vertex 9593.71801879883 17064.5245727539 2229.30516357422
vertex 9590.72575500488 17058.5395507813 2233.79368286133
endloop
endfacet
facet normal 0.0 1.0 0.0
outer loop
vertex 9601.19904907226 17145.317590332 2257.7326171875
vertex 9614.66452453613 17145.317590332 2251.74792480469
vertex 9610.17608764648 17145.317590332 2251.74792480469
endloop
endfacet
facet normal 0.0 1.0 0.0
outer loop
vertex 9614.66452453613 17145.317590332 2251.74792480469
vertex 9601.19904907226 17145.317590332 2257.7326171875
vertex 9620.6492993164 17145.317590332 2251.74792480469
endloop
endfacet
facet normal 0.0 1.0 0.0
outer loop
vertex 9620.6492993164 17145.317590332 2251.74792480469
vertex 9601.19904907226 17145.317590332 2257.7326171875
vertex 9629.62633789062 17145.317590332 2257.7326171875
endloop
endfacet
facet normal 0.0 1.0 0.0
outer loop
vertex 9629.62633789062 17145.317590332 2257.7326171875
vertex 9601.19904907226 17145.317590332 2257.7326171875
vertex 9598.20670288086 17145.317590332 2268.20582885742
endloop
endfacet
facet normal 0.0 1.0 0.0
outer loop
vertex 9629.62633789062 17145.317590332 2257.7326171875
vertex 9598.20670288086 17145.317590332 2268.20582885742
vertex 9632.61868408203 17145.317590332 2268.20582885742
endloop
endfacet
facet normal 0.0 1.0 0.0
outer loop
vertex 9632.61868408203 17145.317590332 2268.20582885742
vertex 9598.20670288086 17145.317590332 2268.20582885742
vertex 9601.19904907226 17145.317590332 2277.18303222656
endloop
endfacet
facet normal 0.0 1.0 0.0
outer loop
vertex 9632.61868408203 17145.317590332 2268.20582885742
vertex 9601.19904907226 17145.317590332 2277.18303222656
vertex 9629.62633789062 17145.317590332 2277.18303222656
endloop
endfacet
facet normal 0.0 1.0 0.0
outer loop
vertex 9629.62633789062 17145.317590332 2277.18303222656
vertex 9601.19904907226 17145.317590332 2277.18303222656
vertex 9610.17608764648 17145.317590332 2284.66373291016
endloop
endfacet
facet normal 0.0 1.0 0.0
outer loop
vertex 9629.62633789062 17145.317590332 2277.18303222656
vertex 9610.17608764648 17145.317590332 2284.66373291016
vertex 9620.6492993164 17145.317590332 2284.66373291016
endloop
endfacet
facet normal 0.472629380279876 0.701342656827194 0.533610294700949
outer loop
vertex 9593.71801879883 17064.5245727539 2229.30516357422
vertex 9602.69513977051 17063.0282348633 2223.32063598633
vertex 9592.22184570312 17073.5012817383 2218.8319519043
endloop
endfacet
facet normal -0.987163358726407 0.135027033399914 0.0853006649400635
outer loop
vertex 9580.25254333496 17080.9819824219 2227.80915527344
vertex 9578.75620544434 17043.5774902344 2269.70200195313
vertex 9580.25254333496 17080.9819824219 2256.23627929688
endloop
endfacet
facet normal -0.536955869501822 0.491634660422873 -0.685546318550708
outer loop
vertex 9614.66452453613 17103.4247436523 2227.80915527344
vertex 9602.69513977051 17100.4323974609 2235.28985595703
vertex 9614.66452453613 17128.8601806641 2241.27487792969
endloop
endfacet
facet normal -0.530536976841199 0.366831491650871 -0.76417613999483
outer loop
vertex 9614.66452453613 17128.8601806641 2241.27487792969
vertex 9602.69513977051 17100.4323974609 2235.28985595703
vertex 9607.18365905761 17124.371496582 2244.26705932617
endloop
endfacet
facet normal 0.0524067794527808 0.647929383763328 0.759895415911599
outer loop
vertex 9614.66452453613 17006.1736572266 2326.55674438477
vertex 9598.20670288086 17039.0897949219 2299.62562866211
vertex 9587.73349121094 16973.2575195312 2356.48020629883
endloop
endfacet
facet normal 0.0301745634219096 0.124685190145107 0.991737414379822
outer loop
vertex 9614.66452453613 17116.8904663086 2289.15225219727
vertex 9610.17608764648 17145.317590332 2284.66373291016
vertex 9605.68740356445 17116.8904663086 2287.65607910156
endloop
endfacet
facet normal -0.0721767206497057 0.240966493282028 0.96784589171604
outer loop
vertex 9614.66452453613 17077.9893066406 2293.64077148437
vertex 9604.19123046875 17080.9819824219 2290.64859008789
vertex 9614.66452453613 17034.6011108398 2308.60250244141
endloop
endfacet
facet normal -0.0654597547450983 0.439060212753288 0.896069835495955
outer loop
vertex 9614.66452453613 17034.6011108398 2308.60250244141
vertex 9604.19123046875 17080.9819824219 2290.64859008789
vertex 9598.20670288086 17039.0897949219 2299.62562866211
endloop
endfacet
facet normal -0.0900931204615954 0.787696650180845 0.609440084782227
outer loop
vertex 9592.22184570312 17073.5012817383 2218.8319519043
vertex 9614.66452453613 17089.9593505859 2200.87770996094
vertex 9578.75620544434 17089.9593505859 2200.87770996094
endloop
endfacet
facet normal 0.555214499551606 0.830298912294203 0.048379497007759
outer loop
vertex 9580.25254333496 17080.9819824219 2227.80915527344
vertex 9592.22184570312 17073.5012817383 2218.8319519043
vertex 9578.75620544434 17089.9593505859 2200.87770996094
endloop
endfacet
facet normal 0.959649641187779 0.278649280782485 0.0377775659296689
outer loop
vertex 9588.83869971137 17063.6617205606 2245.16541765906
vertex 9583.24480712891 17074.9976196289 2302.61781005859
vertex 9590.72575500488 17058.5395507813 2233.79368286133
endloop
endfacet
facet normal 0.959649641187779 0.278649280782485 0.0377775659296689
outer loop
vertex 9583.24480712891 17074.9976196289 2302.61781005859
vertex 9588.83869971137 17063.6617205606 2245.16541765906
vertex 9588.34092868199 17064.7764778513 2247.69923242621
endloop
endfacet
facet normal -0.77082067310561 0.595544486631523 -0.226190747723707
outer loop
vertex 9590.72575500488 17058.5395507813 2233.79368286133
vertex 9588.21858614438 17065.0501083673 2259.51252043017
vertex 9591.30663129112 17058.8409594958 2232.52884836546
endloop
endfacet
facet normal -0.77082067310561 0.595544486631523 -0.226190747723707
outer loop
vertex 9588.21858614438 17065.0501083673 2259.51252043017
vertex 9590.72575500488 17058.5395507813 2233.79368286133
vertex 9583.24480712891 17074.9976196289 2302.61781005859
endloop
endfacet
facet normal -0.668880487090559 0.695296782857964 0.262985318481587
outer loop
vertex 9580.25254333496 17072.0049438477 2302.61781005859
vertex 9583.24480712891 17077.9893066406 2277.18303222656
vertex 9580.25254333496 17076.4936279297 2277.18303222656
endloop
endfacet
facet normal -0.457209185493693 0.878667106029023 0.137491372393964
outer loop
vertex 9583.24480712891 17077.9893066406 2277.18303222656
vertex 9580.25254333496 17072.0049438477 2302.61781005859
vertex 9583.24480712891 17074.9976196289 2302.61781005859
endloop
endfacet
facet normal -0.999017992297835 0.043487774571014 0.0084772948552685
outer loop
vertex 9580.25254333496 17076.4936279297 2277.18303222656
vertex 9578.75620544434 17043.5774902344 2269.70200195313
vertex 9580.25254333496 17072.0049438477 2302.61781005859
endloop
endfacet
facet normal -0.999148775752168 0.0411266805607847 0.00321248486312087
outer loop
vertex 9580.25254333496 17080.9819824219 2256.23627929688
vertex 9578.75620544434 17043.5774902344 2269.70200195313
vertex 9580.25254333496 17076.4936279297 2277.18303222656
endloop
endfacet
facet normal 0.0 -1.0 0.0
outer loop
vertex 9649.07667053223 16899.9448730469 2363.96107177734
vertex 9577.26011474609 16899.9448730469 2359.47271728516
vertex 9649.07667053223 16899.9448730469 2359.47271728516
endloop
endfacet
facet normal 0.0 -1.0 0.0
outer loop
vertex 9577.26011474609 16899.9448730469 2359.47271728516
vertex 9649.07667053223 16899.9448730469 2363.96107177734
vertex 9577.26011474609 16899.9448730469 2363.96107177734
endloop
endfacet
facet normal -0.921529082065608 0.37869423566212 0.0858768116758037
outer loop
vertex 9643.09189575195 17080.9819824219 2256.23627929688
vertex 9638.60337646484 17073.5012817383 2218.8319519043
vertex 9635.6111126709 17067.5162597656 2232.29750976562
endloop
endfacet
facet normal 0.893405974119415 0.442609150862324 0.0769604117756089
outer loop
vertex 9583.24480712891 17080.9819824219 2256.23627929688
vertex 9593.71801879883 17064.5245727539 2229.30516357422
vertex 9592.22184570312 17073.5012817383 2218.8319519043
endloop
endfacet
facet normal 0.06593338952549 -0.131884936516697 0.989069841652078
outer loop
vertex 9496.4666027832 16994.2036132813 2299.62562866211
vertex 9483.00104492187 16998.6922973633 2301.12180175781
vertex 9480.00861633301 16997.1962890625 2301.12180175781
endloop
endfacet
facet normal -0.0641848943422557 -0.705726462728471 0.705571016371162
outer loop
vertex 9480.00861633301 16997.1962890625 2301.12180175781
vertex 9496.4666027832 16992.7076049805 2298.12929077148
vertex 9496.4666027832 16994.2036132813 2299.62562866211
endloop
endfacet
facet normal -0.311410542090299 -0.77853064273737 -0.544897708376503
outer loop
vertex 9480.00861633301 16997.1962890625 2301.12180175781
vertex 9481.50478942871 16998.6922973633 2298.12929077148
vertex 9496.4666027832 16992.7076049805 2298.12929077148
endloop
endfacet
facet normal -0.309046237406888 -0.772619848477009 -0.55457099895686
outer loop
vertex 9481.50478942871 16998.6922973633 2298.12929077148
vertex 9496.4666027832 16994.2036132813 2296.6332824707
vertex 9496.4666027832 16992.7076049805 2298.12929077148
endloop
endfacet
facet normal 0.277092001724528 0.953086417834219 -0.121845405002533
outer loop
vertex 9483.00104492187 16998.6922973633 2301.12180175781
vertex 9496.4666027832 16994.2036132813 2296.6332824707
vertex 9481.50478942871 16998.6922973633 2298.12929077148
endloop
endfacet
facet normal 0.277092001724528 0.953086417834219 -0.121845405002533
outer loop
vertex 9483.00104492187 16998.6922973633 2301.12180175781
vertex 9496.4666027832 16994.2036132813 2299.62562866211
vertex 9496.4666027832 16994.2036132813 2296.6332824707
endloop
endfacet
facet normal 0.154883395426256 -0.526401638497609 0.836009837746104
outer loop
vertex 9493.47417419433 17013.6543579102 2308.60250244141
vertex 9490.48191040039 17015.1503662109 2310.09884033203
vertex 9483.00104492187 16998.6922973633 2301.12180175781
endloop
endfacet
facet normal 0.163852705913491 -0.528738313791883 0.832819359941484
outer loop
vertex 9490.48191040039 17015.1503662109 2310.09884033203
vertex 9480.00861633301 16997.1962890625 2301.12180175781
vertex 9483.00104492187 16998.6922973633 2301.12180175781
endloop
endfacet
facet normal -0.717135665546601 0.597616439860662 -0.358568024242684
outer loop
vertex 9490.48191040039 17015.1503662109 2310.09884033203
vertex 9491.37965216249 17014.2527226435 2306.80727916042
vertex 9480.00861633301 16997.1962890625 2301.12180175781
endloop
endfacet
facet normal -0.769493034778251 0.592253438912348 -0.238990237299048
outer loop
vertex 9491.37965216249 17014.2527226435 2306.80727916042
vertex 9490.48191040039 17015.1503662109 2310.09884033203
vertex 9491.97808349609 17015.1503662109 2307.10649414062
endloop
endfacet
facet normal -0.769493034778251 0.592253438912348 -0.238990237299048
outer loop
vertex 9491.37965216249 17014.2527226435 2306.80727916042
vertex 9481.50478942871 16998.6922973633 2298.12929077148
vertex 9480.00861633301 16997.1962890625 2301.12180175781
endloop
endfacet
facet normal -0.808715981362106 0.576781334487564 -0.115333228846984
outer loop
vertex 9481.50478942871 16998.6922973633 2298.12929077148
vertex 9491.37965216249 17014.2527226435 2306.80727916042
vertex 9491.37423140477 17014.2841584962 2306.6446576805
endloop
endfacet
facet normal -0.808715981362106 0.576781334487564 -0.115333228846984
outer loop
vertex 9491.37423140477 17014.2841584962 2306.6446576805
vertex 9491.37965216249 17014.2527226435 2306.80727916042
vertex 9491.97808349609 17015.1503662109 2307.10649414062
endloop
endfacet
facet normal 0.681755515842346 -0.0339655353591516 -0.730791187020139
outer loop
vertex 9491.37423140477 17014.2841584962 2306.6446576805
vertex 9493.47417419433 17013.6543579102 2308.60250244141
vertex 9481.50478942871 16998.6922973633 2298.12929077148
endloop
endfacet
facet normal 0.681755515842346 -0.0339655353591516 -0.730791187020139
outer loop
vertex 9493.47417419433 17013.6543579102 2308.60250244141
vertex 9491.37423140477 17014.2841584962 2306.6446576805
vertex 9491.97808349609 17015.1503662109 2307.10649414062
endloop
endfacet
facet normal 0.829742361827036 -0.373375837778893 -0.414871180913549
outer loop
vertex 9493.47417419433 17013.6543579102 2308.60250244141
vertex 9483.00104492187 16998.6922973633 2301.12180175781
vertex 9481.50478942871 16998.6922973633 2298.12929077148
endloop
endfacet
facet normal 0.534509866664738 0.801794239844335 0.267254933332369
outer loop
vertex 9490.48191040039 17015.1503662109 2310.09884033203
vertex 9493.47417419433 17013.6543579102 2308.60250244141
vertex 9491.97808349609 17015.1503662109 2307.10649414062
endloop
endfacet
facet normal 0.0 1.0 0.0
outer loop
vertex 9611.67226074219 17191.6991210937 2262.22097167969
vertex 9617.65687072754 17191.6991210937 2262.22097167969
vertex 9614.66452453613 17191.6991210937 2260.72512817383
endloop
endfacet
facet normal 0.0 1.0 0.0
outer loop
vertex 9617.65687072754 17191.6991210937 2262.22097167969
vertex 9611.67226074219 17191.6991210937 2262.22097167969
vertex 9608.67983215332 17191.6991210937 2265.21348266602
endloop
endfacet
facet normal 0.0 1.0 0.0
outer loop
vertex 9617.65687072754 17191.6991210937 2262.22097167969
vertex 9608.67983215332 17191.6991210937 2265.21348266602
vertex 9620.6492993164 17191.6991210937 2265.21348266602
endloop
endfacet
facet normal 0.0 1.0 0.0
outer loop
vertex 9620.6492993164 17191.6991210937 2265.21348266602
vertex 9608.67983215332 17191.6991210937 2265.21348266602
vertex 9608.67983215332 17191.6991210937 2268.20582885742
endloop
endfacet
facet normal 0.0 1.0 0.0
outer loop
vertex 9620.6492993164 17191.6991210937 2265.21348266602
vertex 9608.67983215332 17191.6991210937 2268.20582885742
vertex 9622.14547241211 17191.6991210937 2268.20582885742
endloop
endfacet
facet normal 0.0 1.0 0.0
outer loop
vertex 9622.14547241211 17191.6991210937 2268.20582885742
vertex 9608.67983215332 17191.6991210937 2268.20582885742
vertex 9608.67983215332 17191.6991210937 2271.19833984375
endloop
endfacet
facet normal 0.0 1.0 0.0
outer loop
vertex 9622.14547241211 17191.6991210937 2268.20582885742
vertex 9608.67983215332 17191.6991210937 2271.19833984375
vertex 9620.6492993164 17191.6991210937 2271.19833984375
endloop
endfacet
facet normal 0.0 1.0 0.0
outer loop
vertex 9620.6492993164 17191.6991210937 2271.19833984375
vertex 9608.67983215332 17191.6991210937 2271.19833984375
vertex 9611.67226074219 17191.6991210937 2274.19052124023
endloop
endfacet
facet normal 0.0 1.0 0.0
outer loop
vertex 9620.6492993164 17191.6991210937 2271.19833984375
vertex 9611.67226074219 17191.6991210937 2274.19052124023
vertex 9617.65687072754 17191.6991210937 2274.19052124023
endloop
endfacet
facet normal 0.0 1.0 0.0
outer loop
vertex 9617.65687072754 17191.6991210937 2274.19052124023
vertex 9611.67226074219 17191.6991210937 2274.19052124023
vertex 9614.66452453613 17191.6991210937 2274.19052124023
endloop
endfacet
facet normal 0.0 1.0 0.0
outer loop
vertex 9825.62542541504 17446.0488769531 2262.22097167969
vertex 9828.6178540039 17446.0488769531 2263.71730957031
vertex 9831.61011779785 17446.0488769531 2262.22097167969
endloop
endfacet
facet normal 0.0 1.0 0.0
outer loop
vertex 9828.6178540039 17446.0488769531 2263.71730957031
vertex 9825.62542541504 17446.0488769531 2262.22097167969
vertex 9824.1293347168 17446.0488769531 2266.70965576172
endloop
endfacet
facet normal 0.0 1.0 0.0
outer loop
vertex 9828.6178540039 17446.0488769531 2263.71730957031
vertex 9824.1293347168 17446.0488769531 2266.70965576172
vertex 9827.1216809082 17446.0488769531 2266.70965576172
endloop
endfacet
facet normal 0.0 1.0 0.0
outer loop
vertex 9827.1216809082 17446.0488769531 2266.70965576172
vertex 9824.1293347168 17446.0488769531 2266.70965576172
vertex 9824.1293347168 17446.0488769531 2271.19833984375
endloop
endfacet
facet normal 0.0 1.0 0.0
outer loop
vertex 9827.1216809082 17446.0488769531 2266.70965576172
vertex 9824.1293347168 17446.0488769531 2271.19833984375
vertex 9827.1216809082 17446.0488769531 2269.70200195313
endloop
endfacet
facet normal 0.0 1.0 0.0
outer loop
vertex 9827.1216809082 17446.0488769531 2269.70200195313
vertex 9824.1293347168 17446.0488769531 2271.19833984375
vertex 9828.6178540039 17446.0488769531 2272.69434814453
endloop
endfacet
facet normal 0.0 1.0 0.0
outer loop
vertex 9828.6178540039 17446.0488769531 2272.69434814453
vertex 9824.1293347168 17446.0488769531 2271.19833984375
vertex 9825.62542541504 17446.0488769531 2275.68669433594
endloop
endfacet
facet normal 0.0 1.0 0.0
outer loop
vertex 9828.6178540039 17446.0488769531 2272.69434814453
vertex 9825.62542541504 17446.0488769531 2275.68669433594
vertex 9831.61011779785 17446.0488769531 2274.19052124023
endloop
endfacet
facet normal 0.0 1.0 0.0
outer loop
vertex 9831.61011779785 17446.0488769531 2274.19052124023
vertex 9825.62542541504 17446.0488769531 2275.68669433594
vertex 9834.60254638672 17446.0488769531 2274.19052124023
endloop
endfacet
facet normal 0.0 1.0 0.0
outer loop
vertex 9825.62542541504 17446.0488769531 2262.22097167969
vertex 9834.60254638672 17446.0488769531 2259.2287902832
vertex 9830.11386230469 17446.0488769531 2259.2287902832
endloop
endfacet
facet normal 0.0 1.0 0.0
outer loop
vertex 9834.60254638672 17446.0488769531 2259.2287902832
vertex 9825.62542541504 17446.0488769531 2262.22097167969
vertex 9839.09098327637 17446.0488769531 2262.22097167969
endloop
endfacet
facet normal 0.0 1.0 0.0
outer loop
vertex 9839.09098327637 17446.0488769531 2262.22097167969
vertex 9825.62542541504 17446.0488769531 2262.22097167969
vertex 9831.61011779785 17446.0488769531 2262.22097167969
endloop
endfacet
facet normal 0.0 1.0 0.0
outer loop
vertex 9839.09098327637 17446.0488769531 2262.22097167969
vertex 9831.61011779785 17446.0488769531 2262.22097167969
vertex 9834.60254638672 17446.0488769531 2262.22097167969
endloop
endfacet
facet normal 0.0 1.0 0.0
outer loop
vertex 9839.09098327637 17446.0488769531 2262.22097167969
vertex 9834.60254638672 17446.0488769531 2262.22097167969
vertex 9837.59497497559 17446.0488769531 2263.71730957031
endloop
endfacet
facet normal 0.0 1.0 0.0
outer loop
vertex 9839.09098327637 17446.0488769531 2262.22097167969
vertex 9837.59497497559 17446.0488769531 2263.71730957031
vertex 9842.08324707031 17446.0488769531 2266.70965576172
endloop
endfacet
facet normal 0.0 1.0 0.0
outer loop
vertex 9842.08324707031 17446.0488769531 2266.70965576172
vertex 9837.59497497559 17446.0488769531 2263.71730957031
vertex 9839.09098327637 17446.0488769531 2266.70965576172
endloop
endfacet
facet normal 0.0 1.0 0.0
outer loop
vertex 9842.08324707031 17446.0488769531 2266.70965576172
vertex 9839.09098327637 17446.0488769531 2266.70965576172
vertex 9839.09098327637 17446.0488769531 2269.70200195313
endloop
endfacet
facet normal 0.0 1.0 0.0
outer loop
vertex 9842.08324707031 17446.0488769531 2266.70965576172
vertex 9839.09098327637 17446.0488769531 2269.70200195313
vertex 9842.08324707031 17446.0488769531 2271.19833984375
endloop
endfacet
facet normal 0.0 1.0 0.0
outer loop
vertex 9842.08324707031 17446.0488769531 2271.19833984375
vertex 9839.09098327637 17446.0488769531 2269.70200195313
vertex 9837.59497497559 17446.0488769531 2272.69434814453
endloop
endfacet
facet normal 0.0 1.0 0.0
outer loop
vertex 9842.08324707031 17446.0488769531 2271.19833984375
vertex 9837.59497497559 17446.0488769531 2272.69434814453
vertex 9839.09098327637 17446.0488769531 2275.68669433594
endloop
endfacet
facet normal 0.0 1.0 0.0
outer loop
vertex 9839.09098327637 17446.0488769531 2275.68669433594
vertex 9837.59497497559 17446.0488769531 2272.69434814453
vertex 9834.60254638672 17446.0488769531 2274.19052124023
endloop
endfacet
facet normal 0.0 1.0 0.0
outer loop
vertex 9839.09098327637 17446.0488769531 2275.68669433594
vertex 9834.60254638672 17446.0488769531 2274.19052124023
vertex 9825.62542541504 17446.0488769531 2275.68669433594
endloop
endfacet
facet normal 0.0 1.0 0.0
outer loop
vertex 9839.09098327637 17446.0488769531 2275.68669433594
vertex 9825.62542541504 17446.0488769531 2275.68669433594
vertex 9830.11386230469 17446.0488769531 2277.18303222656
endloop
endfacet
facet normal 0.0 1.0 0.0
outer loop
vertex 9839.09098327637 17446.0488769531 2275.68669433594
vertex 9830.11386230469 17446.0488769531 2277.18303222656
vertex 9834.60254638672 17446.0488769531 2277.18303222656
endloop
endfacet
facet normal -0.928363962038552 0.0156796304005056 -0.371341491323803
outer loop
vertex 9816.64838684082 17197.6841430664 2268.20582885742
vertex 9819.64065063476 17001.6849731445 2259.2287902832
vertex 9816.64838684082 17001.6849731445 2266.70965576172
endloop
endfacet
facet normal -0.928475075196548 0.0028351405349326 -0.371383893992337
outer loop
vertex 9819.64065063476 17001.6849731445 2259.2287902832
vertex 9816.64838684082 17197.6841430664 2268.20582885742
vertex 9819.64065063476 17197.6841430664 2260.72512817383
endloop
endfacet
facet normal -0.603074192295582 0.00594137364452101 -0.797662973107219
outer loop
vertex 9825.62542541504 17001.6849731445 2254.74043579102
vertex 9819.64065063476 17001.6849731445 2259.2287902832
vertex 9819.64065063476 17197.6841430664 2260.72512817383
endloop
endfacet
facet normal -0.603074192295582 0.00594137364452101 -0.797662973107219
outer loop
vertex 9825.62542541504 17001.6849731445 2254.74043579102
vertex 9819.64065063476 17197.6841430664 2260.72512817383
vertex 9825.62542541504 17197.6841430664 2254.74043579102
endloop
endfacet
facet normal -0.370107602721068 0.0121528425192945 -0.928909398610416
outer loop
vertex 9833.10637329101 17197.6841430664 2251.74792480469
vertex 9825.62542541504 17001.6849731445 2254.74043579102
vertex 9825.62542541504 17197.6841430664 2254.74043579102
endloop
endfacet
facet normal -0.371404781781169 -4.16503042464262e-019 -0.928471048590145
outer loop
vertex 9825.62542541504 17001.6849731445 2254.74043579102
vertex 9833.10637329101 17197.6841430664 2251.74792480469
vertex 9833.10637329101 17001.6849731445 2251.74792480469
endloop
endfacet
facet normal -0.371404781781169 -4.16503042464262e-019 -0.928471048590145
outer loop
vertex 9833.10637329101 17001.6849731445 2251.74792480469
vertex 9833.10637329101 17197.6841430664 2251.74792480469
vertex 9833.10637329101 17145.317590332 2251.74792480469
endloop
endfacet
facet normal 0.549533740316054 0.0155399221949503 -0.835326989311624
outer loop
vertex 9840.58715637207 17197.6841430664 2254.74043579102
vertex 9833.10637329101 17145.317590332 2251.74792480469
vertex 9833.10637329101 17197.6841430664 2251.74792480469
endloop
endfacet
facet normal 0.371411834864367 -4.16520127337945e-019 -0.928468227201494
outer loop
vertex 9833.10637329101 17145.317590332 2251.74792480469
vertex 9840.58715637207 17197.6841430664 2254.74043579102
vertex 9833.10637329101 17001.6849731445 2251.74792480469
endloop
endfacet
facet normal 0.371411834864367 -4.16520127337945e-019 -0.928468227201494
outer loop
vertex 9833.10637329101 17001.6849731445 2251.74792480469
vertex 9840.58715637207 17197.6841430664 2254.74043579102
vertex 9840.58715637207 17001.6849731445 2254.74043579102
endloop
endfacet
facet normal 0.603076303021394 0.000147906603029011 -0.7976834904006
outer loop
vertex 9846.57193115234 17001.6849731445 2259.2287902832
vertex 9840.58715637207 17001.6849731445 2254.74043579102
vertex 9840.58715637207 17197.6841430664 2254.74043579102
endloop
endfacet
facet normal 0.603076303021394 0.000147906603029011 -0.7976834904006
outer loop
vertex 9846.57193115234 17001.6849731445 2259.2287902832
vertex 9840.58715637207 17197.6841430664 2254.74043579102
vertex 9846.57193115234 17197.6841430664 2260.72512817383
endloop
endfacet
facet normal 0.980488625722961 0.0134993725515744 -0.196111758363982
outer loop
vertex 9846.57193115234 17197.6841430664 2260.72512817383
vertex 9848.06818664551 17001.6849731445 2266.70965576172
vertex 9846.57193115234 17001.6849731445 2259.2287902832
endloop
endfacet
facet normal 0.980577084065825 0.00149724186259864 -0.196128377528009
outer loop
vertex 9848.06818664551 17001.6849731445 2266.70965576172
vertex 9846.57193115234 17197.6841430664 2260.72512817383
vertex 9848.06818664551 17197.6841430664 2268.20582885742
endloop
endfacet
facet normal 0.980609767263996 0.0112508618338154 0.195647393170593
outer loop
vertex 9848.06818664551 17197.6841430664 2268.20582885742
vertex 9846.57193115234 17001.6849731445 2275.68669433594
vertex 9848.06818664551 17001.6849731445 2266.70965576172
endloop
endfacet
facet normal 0.980421486680592 0.0113183774544237 0.196584848823141
outer loop
vertex 9846.57193115234 17197.6841430664 2275.68669433594
vertex 9846.57193115234 17001.6849731445 2275.68669433594
vertex 9848.06818664551 17197.6841430664 2268.20582885742
endloop
endfacet
facet normal 0.705858437184663 0.00819607125865651 0.708305506876198
outer loop
vertex 9846.57193115234 17197.6841430664 2275.68669433594
vertex 9840.58715637207 17001.6849731445 2280.17521362305
vertex 9846.57193115234 17001.6849731445 2275.68669433594
endloop
endfacet
facet normal 0.705858437184663 0.00819607125865651 0.708305506876198
outer loop
vertex 9846.57193115234 17197.6841430664 2275.68669433594
vertex 9840.58715637207 17197.6841430664 2281.67138671875
vertex 9840.58715637207 17001.6849731445 2280.17521362305
endloop
endfacet
facet normal 0.198464787291894 0.0126771102939823 0.980026029797055
outer loop
vertex 9840.58715637207 17197.6841430664 2281.67138671875
vertex 9833.10637329101 17001.6849731445 2283.16772460938
vertex 9840.58715637207 17001.6849731445 2280.17521362305
endloop
endfacet
facet normal 0.198464787291894 0.0126771102939823 0.980026029797055
outer loop
vertex 9840.58715637207 17197.6841430664 2281.67138671875
vertex 9833.10637329101 17197.6841430664 2283.16772460938
vertex 9833.10637329101 17001.6849731445 2283.16772460938
endloop
endfacet
facet normal -0.198467214931575 0.00764481458910322 0.980077711922479
outer loop
vertex 9833.10637329101 17197.6841430664 2283.16772460938
vertex 9825.62542541504 17001.6849731445 2280.17521362305
vertex 9833.10637329101 17001.6849731445 2283.16772460938
endloop
endfacet
facet normal -0.198467214931575 0.00764481458910322 0.980077711922479
outer loop
vertex 9833.10637329101 17197.6841430664 2283.16772460938
vertex 9825.62542541504 17197.6841430664 2281.67138671875
vertex 9825.62542541504 17001.6849731445 2280.17521362305
endloop
endfacet
facet normal -0.705841725967486 0.010783093729497 0.708287500082319
outer loop
vertex 9825.62542541504 17197.6841430664 2281.67138671875
vertex 9819.64065063476 17001.6849731445 2275.68669433594
vertex 9825.62542541504 17001.6849731445 2280.17521362305
endloop
endfacet
facet normal -0.705841725967486 0.010783093729497 0.708287500082319
outer loop
vertex 9825.62542541504 17197.6841430664 2281.67138671875
vertex 9819.64065063476 17197.6841430664 2275.68669433594
vertex 9819.64065063476 17001.6849731445 2275.68669433594
endloop
endfacet
facet normal -0.928760727537045 0.0107715172421876 0.370523258920625
outer loop
vertex 9819.64065063476 17197.6841430664 2275.68669433594
vertex 9816.64838684082 17001.6849731445 2266.70965576172
vertex 9819.64065063476 17001.6849731445 2275.68669433594
endloop
endfacet
facet normal -0.928932720930599 0.0107003486340564 0.370093910411375
outer loop
vertex 9816.64838684082 17197.6841430664 2268.20582885742
vertex 9816.64838684082 17001.6849731445 2266.70965576172
vertex 9819.64065063476 17197.6841430664 2275.68669433594
endloop
endfacet
facet normal -0.948353463980447 0.0134411687620892 -0.316930658565239
outer loop
vertex 9822.63316162109 17392.1869750977 2268.20582885742
vertex 9819.64065063476 17197.6841430664 2260.72512817383
vertex 9816.64838684082 17197.6841430664 2268.20582885742
endloop
endfacet
facet normal -0.897723664956305 0.0116681541122715 -0.440404445432869
outer loop
vertex 9824.1293347168 17392.1869750977 2263.71730957031
vertex 9819.64065063476 17197.6841430664 2260.72512817383
vertex 9822.63316162109 17392.1869750977 2268.20582885742
endloop
endfacet
facet normal -0.70826372312517 0.0134811162325502 -0.70581921057024
outer loop
vertex 9825.62542541504 17197.6841430664 2254.74043579102
vertex 9819.64065063476 17197.6841430664 2260.72512817383
vertex 9824.1293347168 17392.1869750977 2263.71730957031
endloop
endfacet
facet normal -0.832011595646233 0.00964457955136928 -0.554674397097511
outer loop
vertex 9827.1216809082 17392.1869750977 2259.2287902832
vertex 9825.62542541504 17197.6841430664 2254.74043579102
vertex 9824.1293347168 17392.1869750977 2263.71730957031
endloop
endfacet
facet normal -0.370107602721068 0.0121528425192945 -0.928909398610416
outer loop
vertex 9833.10637329101 17197.6841430664 2251.74792480469
vertex 9825.62542541504 17197.6841430664 2254.74043579102
vertex 9827.1216809082 17392.1869750977 2259.2287902832
endloop
endfacet
facet normal -0.370107602721068 0.0121528425192945 -0.928909398610416
outer loop
vertex 9833.10637329101 17197.6841430664 2251.74792480469
vertex 9827.1216809082 17392.1869750977 2259.2287902832
vertex 9833.10637329101 17392.1869750977 2257.7326171875
endloop
endfacet
facet normal 0.549533740316054 0.0155399221949503 -0.835326989311624
outer loop
vertex 9840.58715637207 17197.6841430664 2254.74043579102
vertex 9833.10637329101 17197.6841430664 2251.74792480469
vertex 9833.10637329101 17392.1869750977 2257.7326171875
endloop
endfacet
facet normal 0.549533740316054 0.0155399221949503 -0.835326989311624
outer loop
vertex 9840.58715637207 17197.6841430664 2254.74043579102
vertex 9833.10637329101 17392.1869750977 2257.7326171875
vertex 9837.59497497559 17392.1869750977 2259.2287902832
endloop
endfacet
facet normal 0.707052885145867 0.0136176052647475 -0.707029545658284
outer loop
vertex 9837.59497497559 17392.1869750977 2259.2287902832
vertex 9846.57193115234 17197.6841430664 2260.72512817383
vertex 9840.58715637207 17197.6841430664 2254.74043579102
endloop
endfacet
facet normal 0.707012434394922 0.0162928359124722 -0.707013409426508
outer loop
vertex 9846.57193115234 17197.6841430664 2260.72512817383
vertex 9837.59497497559 17392.1869750977 2259.2287902832
vertex 9842.08324707031 17392.1869750977 2263.71730957031
endloop
endfacet
facet normal 0.949107548599135 0.011018838609182 -0.314759346783927
outer loop
vertex 9842.08324707031 17392.1869750977 2263.71730957031
vertex 9848.06818664551 17197.6841430664 2268.20582885742
vertex 9846.57193115234 17197.6841430664 2260.72512817383
endloop
endfacet
facet normal 0.948620988600045 0.0109700618184487 -0.316224410397383
outer loop
vertex 9843.57950256348 17392.1869750977 2268.20582885742
vertex 9848.06818664551 17197.6841430664 2268.20582885742
vertex 9842.08324707031 17392.1869750977 2263.71730957031
endloop
endfacet
facet normal 0.970211533709875 0.012126182235781 0.24195564792068
outer loop
vertex 9843.57950256348 17392.1869750977 2268.20582885742
vertex 9846.57193115234 17197.6841430664 2275.68669433594
vertex 9848.06818664551 17197.6841430664 2268.20582885742
endloop
endfacet
facet normal 0.970067962962711 0.0121317013152964 0.242530346671447
outer loop
vertex 9842.08324707031 17392.1869750977 2274.19052124023
vertex 9846.57193115234 17197.6841430664 2275.68669433594
vertex 9843.57950256348 17392.1869750977 2268.20582885742
endloop
endfacet
facet normal 0.705858437184663 0.00819607125865651 0.708305506876198
outer loop
vertex 9846.57193115234 17197.6841430664 2275.68669433594
vertex 9842.08324707031 17392.1869750977 2274.19052124023
vertex 9840.58715637207 17197.6841430664 2281.67138671875
endloop
endfacet
facet normal 0.556934540824267 0.0138535411711414 0.830440844752883
outer loop
vertex 9842.08324707031 17392.1869750977 2274.19052124023
vertex 9837.59497497559 17392.1869750977 2277.18303222656
vertex 9840.58715637207 17197.6841430664 2281.67138671875
endloop
endfacet
facet normal 0.198464787291894 0.0126771102939823 0.980026029797055
outer loop
vertex 9840.58715637207 17197.6841430664 2281.67138671875
vertex 9837.59497497559 17392.1869750977 2277.18303222656
vertex 9833.10637329101 17197.6841430664 2283.16772460938
endloop
endfacet
facet normal 0.43848442893348 0.0125517060923814 0.898651133787217
outer loop
vertex 9837.59497497559 17392.1869750977 2277.18303222656
vertex 9833.10637329101 17392.1869750977 2278.67904052734
vertex 9833.10637329101 17197.6841430664 2283.16772460938
endloop
endfacet
facet normal -0.241918497503718 0.0121253897773903 0.970220807593967
outer loop
vertex 9833.10637329101 17392.1869750977 2278.67904052734
vertex 9825.62542541504 17197.6841430664 2281.67138671875
vertex 9833.10637329101 17197.6841430664 2283.16772460938
endloop
endfacet
facet normal -0.241918497503718 0.0121253897773903 0.970220807593967
outer loop
vertex 9833.10637329101 17392.1869750977 2278.67904052734
vertex 9827.1216809082 17392.1869750977 2277.18303222656
vertex 9825.62542541504 17197.6841430664 2281.67138671875
endloop
endfacet
facet normal -0.707074366865515 0.0109142136891079 0.707054962263387
outer loop
vertex 9827.1216809082 17392.1869750977 2277.18303222656
vertex 9819.64065063476 17197.6841430664 2275.68669433594
vertex 9825.62542541504 17197.6841430664 2281.67138671875
endloop
endfacet
facet normal -0.707062801503884 0.010838905496029 0.707067686192155
outer loop
vertex 9819.64065063476 17197.6841430664 2275.68669433594
vertex 9827.1216809082 17392.1869750977 2277.18303222656
vertex 9824.1293347168 17392.1869750977 2274.19052124023
endloop
endfacet
facet normal -0.969602525826352 0.0148596619121399 0.244233765804436
outer loop
vertex 9824.1293347168 17392.1869750977 2274.19052124023
vertex 9816.64838684082 17197.6841430664 2268.20582885742
vertex 9819.64065063476 17197.6841430664 2275.68669433594
endloop
endfacet
facet normal -0.970033995194241 0.0149558074997017 0.24250849879856
outer loop
vertex 9822.63316162109 17392.1869750977 2268.20582885742
vertex 9816.64838684082 17197.6841430664 2268.20582885742
vertex 9824.1293347168 17392.1869750977 2274.19052124023
endloop
endfacet
facet normal -0.948683298050524 -2.73824854196241e-029 -0.316227766016807
outer loop
vertex 9822.63316162109 17444.5531982422 2268.20582885742
vertex 9824.1293347168 17392.1869750977 2263.71730957031
vertex 9822.63316162109 17392.1869750977 2268.20582885742
endloop
endfacet
facet normal -0.897723664956305 0.0116681541122715 -0.440404445432869
outer loop
vertex 9824.1293347168 17392.1869750977 2263.71730957031
vertex 9822.63316162109 17444.5531982422 2268.20582885742
vertex 9824.1293347168 17444.5531982422 2263.71730957031
endloop
endfacet
facet normal -0.887476188938433 0.0459906291518384 -0.458553024303115
outer loop
vertex 9824.1293347168 17444.5531982422 2263.71730957031
vertex 9827.1216809082 17392.1869750977 2259.2287902832
vertex 9824.1293347168 17392.1869750977 2263.71730957031
endloop
endfacet
facet normal -0.832011595646233 0.00964457955136928 -0.554674397097511
outer loop
vertex 9827.1216809082 17392.1869750977 2259.2287902832
vertex 9824.1293347168 17444.5531982422 2263.71730957031
vertex 9827.1216809082 17444.5531982422 2259.2287902832
endloop
endfacet
facet normal -0.242535625036324 0.0 -0.970142500145334
outer loop
vertex 9833.10637329101 17444.5531982422 2257.7326171875
vertex 9827.1216809082 17392.1869750977 2259.2287902832
vertex 9827.1216809082 17444.5531982422 2259.2287902832
endloop
endfacet
facet normal -0.244234114496745 0.0148594465272135 -0.969602441294831
outer loop
vertex 9827.1216809082 17392.1869750977 2259.2287902832
vertex 9833.10637329101 17444.5531982422 2257.7326171875
vertex 9833.10637329101 17392.1869750977 2257.7326171875
endloop
endfacet
facet normal 0.316222541495981 0.0 -0.948685039541482
outer loop
vertex 9837.59497497559 17444.5531982422 2259.2287902832
vertex 9833.10637329101 17392.1869750977 2257.7326171875
vertex 9833.10637329101 17444.5531982422 2257.7326171875
endloop
endfacet
facet normal 0.316925830118991 0.0134403556187216 -0.94835508911179
outer loop
vertex 9833.10637329101 17392.1869750977 2257.7326171875
vertex 9837.59497497559 17444.5531982422 2259.2287902832
vertex 9837.59497497559 17392.1869750977 2259.2287902832
endloop
endfacet
facet normal 0.707126252398021 -3.06153924116409e-029 -0.707087309438892
outer loop
vertex 9837.59497497559 17444.5531982422 2259.2287902832
vertex 9842.08324707031 17392.1869750977 2263.71730957031
vertex 9837.59497497559 17392.1869750977 2259.2287902832
endloop
endfacet
facet normal 0.707052885159051 0.0136176039725433 -0.707029545669987
outer loop
vertex 9842.08324707031 17392.1869750977 2263.71730957031
vertex 9837.59497497559 17444.5531982422 2259.2287902832
vertex 9842.08324707031 17444.5531982422 2263.71730957031
endloop
endfacet
facet normal 0.948678073347448 -6.84709165776226e-030 -0.316243439694444
outer loop
vertex 9842.08324707031 17444.5531982422 2263.71730957031
vertex 9843.57950256348 17392.1869750977 2268.20582885742
vertex 9842.08324707031 17392.1869750977 2263.71730957031
endloop
endfacet
facet normal 0.948620988600045 0.0109700618184487 -0.316224410397383
outer loop
vertex 9843.57950256348 17392.1869750977 2268.20582885742
vertex 9842.08324707031 17444.5531982422 2263.71730957031
vertex 9843.57950256348 17444.5531982422 2268.20582885742
endloop
endfacet
facet normal 0.970139357260652 -2.10013395880783e-029 0.242548196228892
outer loop
vertex 9843.57950256348 17444.5531982422 2268.20582885742
vertex 9842.08324707031 17392.1869750977 2274.19052124023
vertex 9843.57950256348 17392.1869750977 2268.20582885742
endloop
endfacet
facet normal 0.970067962962711 0.0121317013152964 0.242530346671447
outer loop
vertex 9842.08324707031 17392.1869750977 2274.19052124023
vertex 9843.57950256348 17444.5531982422 2268.20582885742
vertex 9842.08324707031 17444.5531982422 2274.19052124023
endloop
endfacet
facet normal 0.556934540824267 0.0138535411711414 0.830440844752883
outer loop
vertex 9842.08324707031 17392.1869750977 2274.19052124023
vertex 9837.59497497559 17444.5531982422 2277.18303222656
vertex 9837.59497497559 17392.1869750977 2277.18303222656
endloop
endfacet
facet normal 0.458564907130663 0.0460233378937229 0.887468353417386
outer loop
vertex 9837.59497497559 17444.5531982422 2277.18303222656
vertex 9842.08324707031 17392.1869750977 2274.19052124023
vertex 9842.08324707031 17444.5531982422 2274.19052124023
endloop
endfacet
facet normal 0.43848442893348 0.0125517060923814 0.898651133787217
outer loop
vertex 9837.59497497559 17392.1869750977 2277.18303222656
vertex 9833.10637329101 17444.5531982422 2278.67904052734
vertex 9833.10637329101 17392.1869750977 2278.67904052734
endloop
endfacet
facet normal 0.316191193766732 -8.21485118005608e-029 0.948695488017293
outer loop
vertex 9833.10637329101 17444.5531982422 2278.67904052734
vertex 9837.59497497559 17392.1869750977 2277.18303222656
vertex 9837.59497497559 17444.5531982422 2277.18303222656
endloop
endfacet
facet normal -0.241918497503718 0.0121253897773903 0.970220807593967
outer loop
vertex 9833.10637329101 17392.1869750977 2278.67904052734
vertex 9827.1216809082 17444.5531982422 2277.18303222656
vertex 9827.1216809082 17392.1869750977 2277.18303222656
endloop
endfacet
facet normal -0.242510482284723 9.45057899960339e-029 0.970148785487067
outer loop
vertex 9827.1216809082 17444.5531982422 2277.18303222656
vertex 9833.10637329101 17392.1869750977 2278.67904052734
vertex 9833.10637329101 17444.5531982422 2278.67904052734
endloop
endfacet
facet normal -0.707126251325777 -2.11753822513047e-011 0.707087310511195
outer loop
vertex 9827.1216809082 17444.5531982422 2277.18303222656
vertex 9824.1293347168 17392.1869750977 2274.19052124023
vertex 9827.1216809082 17392.1869750977 2277.18303222656
endloop
endfacet
facet normal -0.707074366856657 0.0109142147175641 0.70705496225637
outer loop
vertex 9824.1293347168 17392.1869750977 2274.19052124023
vertex 9827.1216809082 17444.5531982422 2277.18303222656
vertex 9824.1293347168 17444.5531982422 2274.19052124023
endloop
endfacet
facet normal -0.707126251325777 -2.11753822513047e-011 0.707087310511195
outer loop
vertex 9824.1293347168 17444.5531982422 2274.19052124023
vertex 9827.1216809082 17444.5531982422 2277.18303222656
vertex 9825.62542541504 17446.0488769531 2275.68669433594
endloop
endfacet
facet normal -0.970142500145332 0.0 0.242535625036333
outer loop
vertex 9824.1293347168 17444.5531982422 2274.19052124023
vertex 9822.63316162109 17392.1869750977 2268.20582885742
vertex 9824.1293347168 17392.1869750977 2274.19052124023
endloop
endfacet
facet normal -0.970033995194241 0.0149558074997017 0.24250849879856
outer loop
vertex 9822.63316162109 17392.1869750977 2268.20582885742
vertex 9824.1293347168 17444.5531982422 2274.19052124023
vertex 9822.63316162109 17444.5531982422 2268.20582885742
endloop
endfacet
facet normal 0.89438948437864 -0.0078920963055864 0.447219370162803
outer loop
vertex 9827.1216809082 17446.0488769531 2269.70200195313
vertex 9825.62542541504 17191.6991210937 2268.20582885742
vertex 9827.1216809082 17191.6991210937 2265.21348266602
endloop
endfacet
facet normal 1.0 0.0 0.0
outer loop
vertex 9827.1216809082 17446.0488769531 2269.70200195313
vertex 9827.1216809082 17191.6991210937 2265.21348266602
vertex 9827.1216809082 17446.0488769531 2266.70965576172
endloop
endfacet
facet normal 0.892916805076061 0.0025590695697722 0.450214427107459
outer loop
vertex 9827.1216809082 17446.0488769531 2266.70965576172
vertex 9827.1216809082 17191.6991210937 2265.21348266602
vertex 9830.11386230469 17191.6991210937 2262.22097167969
endloop
endfacet
facet normal 0.892916805076061 0.0025590695697722 0.450214427107459
outer loop
vertex 9827.1216809082 17446.0488769531 2266.70965576172
vertex 9830.11386230469 17191.6991210937 2262.22097167969
vertex 9828.6178540039 17446.0488769531 2263.71730957031
endloop
endfacet
facet normal 0.447187415912195 -0.00263065571534262 0.894436411770161
outer loop
vertex 9830.11386230469 17191.6991210937 2262.22097167969
vertex 9831.61011779785 17446.0488769531 2262.22097167969
vertex 9828.6178540039 17446.0488769531 2263.71730957031
endloop
endfacet
facet normal 0.447187415912195 -0.00263065571534262 0.894436411770161
outer loop
vertex 9831.61011779785 17446.0488769531 2262.22097167969
vertex 9830.11386230469 17191.6991210937 2262.22097167969
vertex 9833.10637329101 17191.6991210937 2260.72512817383
endloop
endfacet
facet normal -0.447120857924269 -0.00789050270288055 0.89443875048891
outer loop
vertex 9836.09871948242 17191.6991210937 2262.22097167969
vertex 9831.61011779785 17446.0488769531 2262.22097167969
vertex 9833.10637329101 17191.6991210937 2260.72512817383
endloop
endfacet
facet normal 0.0 0.0 1.0
outer loop
vertex 9836.09871948242 17191.6991210937 2262.22097167969
vertex 9834.60254638672 17446.0488769531 2262.22097167969
vertex 9831.61011779785 17446.0488769531 2262.22097167969
endloop
endfacet
facet normal -0.450244540648047 0.00255995408821954 0.892901618461796
outer loop
vertex 9834.60254638672 17446.0488769531 2262.22097167969
vertex 9836.09871948242 17191.6991210937 2262.22097167969
vertex 9839.09098327637 17191.6991210937 2265.21348266602
endloop
endfacet
facet normal -0.705245537911849 -0.00410421333321567 0.70895125833046
outer loop
vertex 9839.09098327637 17191.6991210937 2265.21348266602
vertex 9837.59497497559 17446.0488769531 2263.71730957031
vertex 9834.60254638672 17446.0488769531 2262.22097167969
endloop
endfacet
facet normal -0.999982703266553 -0.00588159567784876 9.93613772399842e-017
outer loop
vertex 9837.59497497559 17446.0488769531 2263.71730957031
vertex 9839.09098327637 17191.6991210937 2265.21348266602
vertex 9839.09098327637 17191.6991210937 2268.20582885742
endloop
endfacet
facet normal -0.894443799372814 0.00263042388997533 0.447172640748161
outer loop
vertex 9837.59497497559 17446.0488769531 2263.71730957031
vertex 9839.09098327637 17191.6991210937 2268.20582885742
vertex 9839.09098327637 17446.0488769531 2266.70965576172
endloop
endfacet
facet normal -1.0 0.0 0.0
outer loop
vertex 9839.09098327637 17446.0488769531 2269.70200195313
vertex 9839.09098327637 17191.6991210937 2268.20582885742
vertex 9839.09098327637 17191.6991210937 2271.19833984375
endloop
endfacet
facet normal -1.0 0.0 0.0
outer loop
vertex 9839.09098327637 17191.6991210937 2268.20582885742
vertex 9839.09098327637 17446.0488769531 2269.70200195313
vertex 9839.09098327637 17446.0488769531 2266.70965576172
endloop
endfacet
facet normal -0.707090927068506 -0.00415992568491535 -0.707110398647691
outer loop
vertex 9839.09098327637 17191.6991210937 2271.19833984375
vertex 9836.09871948242 17191.6991210937 2274.19052124023
vertex 9839.09098327637 17446.0488769531 2269.70200195313
endloop
endfacet
facet normal -0.892936186160395 0.00256055705254661 -0.450175977805245
outer loop
vertex 9839.09098327637 17446.0488769531 2269.70200195313
vertex 9836.09871948242 17191.6991210937 2274.19052124023
vertex 9837.59497497559 17446.0488769531 2272.69434814453
endloop
endfacet
facet normal -1.98722753722646e-016 -0.0058822435509685 -0.999982699455749
outer loop
vertex 9837.59497497559 17446.0488769531 2272.69434814453
vertex 9836.09871948242 17191.6991210937 2274.19052124023
vertex 9833.10637329101 17191.6991210937 2274.19052124023
endloop
endfacet
facet normal -0.447202196747552 0.0026305977485702 -0.894429021879126
outer loop
vertex 9837.59497497559 17446.0488769531 2272.69434814453
vertex 9833.10637329101 17191.6991210937 2274.19052124023
vertex 9834.60254638672 17446.0488769531 2274.19052124023
endloop
endfacet
facet normal 0.0 0.0 -1.0
outer loop
vertex 9831.61011779785 17446.0488769531 2274.19052124023
vertex 9833.10637329101 17191.6991210937 2274.19052124023
vertex 9830.11386230469 17191.6991210937 2274.19052124023
endloop
endfacet
facet normal 0.0 0.0 -1.0
outer loop
vertex 9833.10637329101 17191.6991210937 2274.19052124023
vertex 9831.61011779785 17446.0488769531 2274.19052124023
vertex 9834.60254638672 17446.0488769531 2274.19052124023
endloop
endfacet
facet normal 0.450224493889444 0.00255926975084593 -0.892911728694576
outer loop
vertex 9831.61011779785 17446.0488769531 2274.19052124023
vertex 9830.11386230469 17191.6991210937 2274.19052124023
vertex 9827.1216809082 17191.6991210937 2271.19833984375
endloop
endfacet
facet normal 0.450224493889444 0.00255926975084593 -0.892911728694576
outer loop
vertex 9831.61011779785 17446.0488769531 2274.19052124023
vertex 9827.1216809082 17191.6991210937 2271.19833984375
vertex 9828.6178540039 17446.0488769531 2272.69434814453
endloop
endfacet
facet normal 0.89442409543841 -0.00263094544708819 -0.447212047719241
outer loop
vertex 9827.1216809082 17446.0488769531 2269.70200195313
vertex 9827.1216809082 17191.6991210937 2271.19833984375
vertex 9825.62542541504 17191.6991210937 2268.20582885742
endloop
endfacet
facet normal 0.89442409543841 -0.00263094544708819 -0.447212047719241
outer loop
vertex 9827.1216809082 17191.6991210937 2271.19833984375
vertex 9827.1216809082 17446.0488769531 2269.70200195313
vertex 9828.6178540039 17446.0488769531 2272.69434814453
endloop
endfacet
facet normal -0.706989926568949 0.707223616496248 0.0
outer loop
vertex 9824.1293347168 17446.0488769531 2271.19833984375
vertex 9824.1293347168 17446.0488769531 2266.70965576172
vertex 9822.63316162109 17444.5531982422 2268.20582885742
endloop
endfacet
facet normal -0.783523722853221 0.590596960446021 -0.193095328887445
outer loop
vertex 9824.1293347168 17446.0488769531 2266.70965576172
vertex 9824.1293347168 17444.5531982422 2263.71730957031
vertex 9822.63316162109 17444.5531982422 2268.20582885742
endloop
endfacet
facet normal -0.801721147627612 0.534632896873249 -0.267228117958388
outer loop
vertex 9824.1293347168 17444.5531982422 2263.71730957031
vertex 9824.1293347168 17446.0488769531 2266.70965576172
vertex 9825.62542541504 17446.0488769531 2262.22097167969
endloop
endfacet
facet normal -0.218206440322688 0.436533091333131 -0.872825761290787
outer loop
vertex 9833.10637329101 17444.5531982422 2257.7326171875
vertex 9827.1216809082 17444.5531982422 2259.2287902832
vertex 9830.11386230469 17446.0488769531 2259.2287902832
endloop
endfacet
facet normal 0.394301036813192 0.68075653741915 -0.617330729130773
outer loop
vertex 9837.59497497559 17444.5531982422 2259.2287902832
vertex 9833.10637329101 17444.5531982422 2257.7326171875
vertex 9834.60254638672 17446.0488769531 2259.2287902832
endloop
endfacet
facet normal 0.617343666115222 0.680748613253121 -0.394294462884492
outer loop
vertex 9842.08324707031 17444.5531982422 2263.71730957031
vertex 9837.59497497559 17444.5531982422 2259.2287902832
vertex 9839.09098327637 17446.0488769531 2262.22097167969
endloop
endfacet
facet normal 0.738934962094809 0.63669336326472 -0.220446553542127
outer loop
vertex 9842.08324707031 17446.0488769531 2266.70965576172
vertex 9843.57950256348 17444.5531982422 2268.20582885742
vertex 9842.08324707031 17444.5531982422 2263.71730957031
endloop
endfacet
facet normal 0.872814312503683 0.436551405860967 0.218215595064916
outer loop
vertex 9842.08324707031 17446.0488769531 2271.19833984375
vertex 9842.08324707031 17444.5531982422 2274.19052124023
vertex 9843.57950256348 17444.5531982422 2268.20582885742
endloop
endfacet
facet normal 0.553788924324111 0.0586082654156337 0.830591896493648
outer loop
vertex 9842.08324707031 17444.5531982422 2274.19052124023
vertex 9839.09098327637 17446.0488769531 2275.68669433594
vertex 9837.59497497559 17444.5531982422 2277.18303222656
endloop
endfacet
facet normal 0.2672338968679 0.534659181737132 0.801701692494769
outer loop
vertex 9837.59497497559 17444.5531982422 2277.18303222656
vertex 9834.60254638672 17446.0488769531 2277.18303222656
vertex 9833.10637329101 17444.5531982422 2278.67904052734
endloop
endfacet
facet normal 0.193101387887274 0.590601052576167 0.783519145070452
outer loop
vertex 9834.60254638672 17446.0488769531 2277.18303222656
vertex 9837.59497497559 17444.5531982422 2277.18303222656
vertex 9839.09098327637 17446.0488769531 2275.68669433594
endloop
endfacet
facet normal -0.218188129757516 0.436496460115434 0.87284865832492
outer loop
vertex 9833.10637329101 17444.5531982422 2278.67904052734
vertex 9830.11386230469 17446.0488769531 2277.18303222656
vertex 9827.1216809082 17444.5531982422 2277.18303222656
endloop
endfacet
facet normal -0.22861087252165 0.457347687568982 0.85940104819589
outer loop
vertex 9830.11386230469 17446.0488769531 2277.18303222656
vertex 9825.62542541504 17446.0488769531 2275.68669433594
vertex 9827.1216809082 17444.5531982422 2277.18303222656
endloop
endfacet
facet normal -0.859389755560017 0.457364664986252 0.228619358892699
outer loop
vertex 9824.1293347168 17446.0488769531 2271.19833984375
vertex 9824.1293347168 17444.5531982422 2274.19052124023
vertex 9825.62542541504 17446.0488769531 2275.68669433594
endloop
endfacet
facet normal 0.0875645739478959 0.65933635583831 0.746731555017719
outer loop
vertex 9833.10637329101 17444.5531982422 2278.67904052734
vertex 9834.60254638672 17446.0488769531 2277.18303222656
vertex 9830.11386230469 17446.0488769531 2277.18303222656
endloop
endfacet
facet normal -0.859389755560017 0.457364664986252 0.228619358892699
outer loop
vertex 9824.1293347168 17446.0488769531 2271.19833984375
vertex 9822.63316162109 17444.5531982422 2268.20582885742
vertex 9824.1293347168 17444.5531982422 2274.19052124023
endloop
endfacet
facet normal -0.801786880707864 0.267247569996559 -0.534524587138598
outer loop
vertex 9825.62542541504 17446.0488769531 2262.22097167969
vertex 9827.1216809082 17444.5531982422 2259.2287902832
vertex 9824.1293347168 17444.5531982422 2263.71730957031
endloop
endfacet
facet normal 0.55699783344335 0.742875164764243 0.371335297427962
outer loop
vertex 9839.09098327637 17446.0488769531 2275.68669433594
vertex 9842.08324707031 17444.5531982422 2274.19052124023
vertex 9842.08324707031 17446.0488769531 2271.19833984375
endloop
endfacet
facet normal 0.706970452677789 0.70724308341656 2.06557932925768e-017
outer loop
vertex 9842.08324707031 17446.0488769531 2271.19833984375
vertex 9843.57950256348 17444.5531982422 2268.20582885742
vertex 9842.08324707031 17446.0488769531 2266.70965576172
endloop
endfacet
facet normal 0.738934962094809 0.63669336326472 -0.220446553542127
outer loop
vertex 9842.08324707031 17446.0488769531 2266.70965576172
vertex 9842.08324707031 17444.5531982422 2263.71730957031
vertex 9839.09098327637 17446.0488769531 2262.22097167969
endloop
endfacet
facet normal 0.538942284327866 0.647382030255896 -0.538922741276722
outer loop
vertex 9839.09098327637 17446.0488769531 2262.22097167969
vertex 9837.59497497559 17444.5531982422 2259.2287902832
vertex 9834.60254638672 17446.0488769531 2259.2287902832
endloop
endfacet
facet normal 0.220439676306941 0.636683734535898 -0.73894531007857
outer loop
vertex 9834.60254638672 17446.0488769531 2259.2287902832
vertex 9833.10637329101 17444.5531982422 2257.7326171875
vertex 9830.11386230469 17446.0488769531 2259.2287902832
endloop
endfacet
facet normal -0.371330009930276 0.74286458685597 -0.557015465961664
outer loop
vertex 9825.62542541504 17446.0488769531 2262.22097167969
vertex 9830.11386230469 17446.0488769531 2259.2287902832
vertex 9827.1216809082 17444.5531982422 2259.2287902832
endloop
endfacet
facet normal 0.0 1.0 0.0
outer loop
vertex 9830.11386230469 17191.6991210937 2262.22097167969
vertex 9836.09871948242 17191.6991210937 2262.22097167969
vertex 9833.10637329101 17191.6991210937 2260.72512817383
endloop
endfacet
facet normal 0.0 1.0 0.0
outer loop
vertex 9836.09871948242 17191.6991210937 2262.22097167969
vertex 9830.11386230469 17191.6991210937 2262.22097167969
vertex 9827.1216809082 17191.6991210937 2265.21348266602
endloop
endfacet
facet normal 0.0 1.0 0.0
outer loop
vertex 9836.09871948242 17191.6991210937 2262.22097167969
vertex 9827.1216809082 17191.6991210937 2265.21348266602
vertex 9839.09098327637 17191.6991210937 2265.21348266602
endloop
endfacet
facet normal 0.0 1.0 0.0
outer loop
vertex 9839.09098327637 17191.6991210937 2265.21348266602
vertex 9827.1216809082 17191.6991210937 2265.21348266602
vertex 9825.62542541504 17191.6991210937 2268.20582885742
endloop
endfacet
facet normal 0.0 1.0 0.0
outer loop
vertex 9839.09098327637 17191.6991210937 2265.21348266602
vertex 9825.62542541504 17191.6991210937 2268.20582885742
vertex 9839.09098327637 17191.6991210937 2268.20582885742
endloop
endfacet
facet normal 0.0 1.0 0.0
outer loop
vertex 9839.09098327637 17191.6991210937 2268.20582885742
vertex 9825.62542541504 17191.6991210937 2268.20582885742
vertex 9827.1216809082 17191.6991210937 2271.19833984375
endloop
endfacet
facet normal 0.0 1.0 0.0
outer loop
vertex 9839.09098327637 17191.6991210937 2268.20582885742
vertex 9827.1216809082 17191.6991210937 2271.19833984375
vertex 9839.09098327637 17191.6991210937 2271.19833984375
endloop
endfacet
facet normal 0.0 1.0 0.0
outer loop
vertex 9839.09098327637 17191.6991210937 2271.19833984375
vertex 9827.1216809082 17191.6991210937 2271.19833984375
vertex 9830.11386230469 17191.6991210937 2274.19052124023
endloop
endfacet
facet normal 0.0 1.0 0.0
outer loop
vertex 9839.09098327637 17191.6991210937 2271.19833984375
vertex 9830.11386230469 17191.6991210937 2274.19052124023
vertex 9836.09871948242 17191.6991210937 2274.19052124023
endloop
endfacet
facet normal 0.0 1.0 0.0
outer loop
vertex 9836.09871948242 17191.6991210937 2274.19052124023
vertex 9830.11386230469 17191.6991210937 2274.19052124023
vertex 9833.10637329101 17191.6991210937 2274.19052124023
endloop
endfacet
facet normal -1.0 0.0 0.0
outer loop
vertex 9644.58806884765 17001.6849731445 2343.01481323242
vertex 9644.58806884765 16911.9145874023 2332.5416015625
vertex 9644.58806884765 16904.4335571289 2359.47271728516
endloop
endfacet
facet normal -1.0 0.0 0.0
outer loop
vertex 9644.58806884765 16911.9145874023 2332.5416015625
vertex 9644.58806884765 17001.6849731445 2343.01481323242
vertex 9644.58806884765 16973.2575195312 2325.06040649414
endloop
endfacet
facet normal -1.0 0.0 0.0
outer loop
vertex 9644.58806884765 16973.2575195312 2325.06040649414
vertex 9644.58806884765 17001.6849731445 2343.01481323242
vertex 9644.58806884765 17001.6849731445 2205.36655883789
endloop
endfacet
facet normal -1.0 0.0 0.0
outer loop
vertex 9644.58806884765 17001.6849731445 2205.36655883789
vertex 9644.58806884765 17001.6849731445 2343.01481323242
vertex 9644.58806884765 17083.9746582031 2202.37404785156
endloop
endfacet
facet normal 1.0 0.0 0.0
outer loop
vertex 9586.23723571777 16911.9145874023 2332.5416015625
vertex 9586.23723571777 17001.6849731445 2343.01481323242
vertex 9586.23723571777 16904.4335571289 2359.47271728516
endloop
endfacet
facet normal 1.0 0.0 0.0
outer loop
vertex 9586.23723571777 17001.6849731445 2343.01481323242
vertex 9586.23723571777 16911.9145874023 2332.5416015625
vertex 9586.23723571777 16973.2575195312 2325.06040649414
endloop
endfacet
facet normal 1.0 0.0 0.0
outer loop
vertex 9586.23723571777 17001.6849731445 2343.01481323242
vertex 9586.23723571777 16973.2575195312 2325.06040649414
vertex 9586.23723571777 17001.6849731445 2205.36655883789
endloop
endfacet
facet normal 1.0 0.0 0.0
outer loop
vertex 9586.23723571777 17001.6849731445 2343.01481323242
vertex 9586.23723571777 17001.6849731445 2205.36655883789
vertex 9586.23723571777 17031.6084350586 2204.2783752039
endloop
endfacet
facet normal 1.0 0.0 0.0
outer loop
vertex 9586.23723571777 17001.6849731445 2343.01481323242
vertex 9586.23723571777 17031.6084350586 2204.2783752039
vertex 9586.23723571777 17083.9746582031 2202.37404785156
endloop
endfacet
facet normal 1.6798881307661e-029 0.963516389187067 0.267649337320151
outer loop
vertex 9586.23723571777 16904.4335571289 2359.47271728516
vertex 9644.58806884765 16911.9145874023 2332.5416015625
vertex 9586.23723571777 16911.9145874023 2332.5416015625
endloop
endfacet
facet normal 1.6798881307661e-029 0.963516389187067 0.267649337320151
outer loop
vertex 9644.58806884765 16911.9145874023 2332.5416015625
vertex 9586.23723571777 16904.4335571289 2359.47271728516
vertex 9644.58806884765 16904.4335571289 2359.47271728516
endloop
endfacet
facet normal -4.58286266500198e-016 0.03634154408246 0.999339427909108
outer loop
vertex 9644.58806884765 17001.6849731445 2205.36655883789
vertex 9586.23723571777 17031.6084350586 2204.2783752039
vertex 9586.23723571777 17001.6849731445 2205.36655883789
endloop
endfacet
facet normal -4.58286266500198e-016 0.03634154408246 0.999339427909108
outer loop
vertex 9586.23723571777 17031.6084350586 2204.2783752039
vertex 9644.58806884765 17001.6849731445 2205.36655883789
vertex 9586.23723571777 17083.9746582031 2202.37404785156
endloop
endfacet
facet normal -4.58286266500198e-016 0.03634154408246 0.999339427909108
outer loop
vertex 9586.23723571777 17083.9746582031 2202.37404785156
vertex 9644.58806884765 17001.6849731445 2205.36655883789
vertex 9644.58806884765 17083.9746582031 2202.37404785156
endloop
endfacet
facet normal 0.514496616543526 -0.857492409042357 -1.29187042461209e-018
outer loop
vertex 9872.00695617676 16662.0525268555 2378.92313232422
vertex 9815.15229614258 16638.1140869141 2072.20682373047
vertex 9872.00695617676 16662.0525268555 2072.20682373047
endloop
endfacet
facet normal 0.313497515110939 -0.949589020586941 -1.2829520328691e-018
outer loop
vertex 9815.15229614258 16638.1140869141 2072.20682373047
vertex 9872.00695617676 16662.0525268555 2378.92313232422
vertex 9815.15229614258 16638.1140869141 2378.92313232422
endloop
endfacet
facet normal 0.313497515110939 -0.949589020586941 -1.2829520328691e-018
outer loop
vertex 9815.15229614258 16638.1140869141 2378.92313232422
vertex 9753.80903442383 16623.152355957 2072.20682373047
vertex 9815.15229614258 16638.1140869141 2072.20682373047
endloop
endfacet
facet normal 0.119330454356969 -0.992854592910241 -1.31021715823244e-030
outer loop
vertex 9753.80903442383 16623.152355957 2072.20682373047
vertex 9815.15229614258 16638.1140869141 2378.92313232422
vertex 9753.80903442383 16623.152355957 2378.92313232422
endloop
endfacet
facet normal -0.315461613988645 -0.948938338407549 1.27850024503922e-018
outer loop
vertex 9631.12242858887 16638.1140869141 2378.92313232422
vertex 9575.76394165039 16662.0525268555 2072.20682373047
vertex 9631.12242858887 16638.1140869141 2072.20682373047
endloop
endfacet
facet normal -0.518617984340609 -0.855006073848885 1.28570520474746e-018
outer loop
vertex 9575.76394165039 16662.0525268555 2072.20682373047
vertex 9631.12242858887 16638.1140869141 2378.92313232422
vertex 9575.76394165039 16662.0525268555 2378.92313232422
endloop
endfacet
facet normal -0.116605421078772 -0.99317832023008 -1.23614894518459e-030
outer loop
vertex 9693.96186340332 16623.152355957 2378.92313232422
vertex 9631.12242858887 16638.1140869141 2072.20682373047
vertex 9693.96186340332 16623.152355957 2072.20682373047
endloop
endfacet
facet normal -0.315461613988645 -0.948938338407549 1.27850024503922e-018
outer loop
vertex 9631.12242858887 16638.1140869141 2072.20682373047
vertex 9693.96186340332 16623.152355957 2378.92313232422
vertex 9631.12242858887 16638.1140869141 2378.92313232422
endloop
endfacet
facet normal 0.777937772455938 -0.628341326180518 0.0
outer loop
vertex 9951.30429504394 16739.8538574219 2072.20682373047
vertex 9919.88457763672 16700.9536865234 2378.92313232422
vertex 9919.88457763672 16700.9536865234 2072.20682373047
endloop
endfacet
facet normal 0.708133028759684 -0.706079042019827 0.0
outer loop
vertex 9919.88457763672 16700.9536865234 2378.92313232422
vertex 9951.30429504394 16739.8538574219 2072.20682373047
vertex 9951.30429504394 16739.8538574219 2378.92313232422
endloop
endfacet
facet normal -0.777937772455938 -0.628341326180518 0.0
outer loop
vertex 9496.4666027832 16739.8538574219 2378.92313232422
vertex 9527.88632019043 16700.9536865234 2072.20682373047
vertex 9527.88632019043 16700.9536865234 2378.92313232422
endloop
endfacet
facet normal -0.708133028759684 -0.706079042019827 0.0
outer loop
vertex 9527.88632019043 16700.9536865234 2072.20682373047
vertex 9496.4666027832 16739.8538574219 2378.92313232422
vertex 9496.4666027832 16739.8538574219 2072.20682373047
endloop
endfacet
facet normal -0.0048591142042097 0.163935069324304 0.986459163906335
outer loop
vertex 9586.23723571777 16904.4335571289 2359.47271728516
vertex 9577.26047461675 16979.9855960569 2346.56570684542
vertex 9496.4666027832 16784.7393798828 2378.92313232422
endloop
endfacet
facet normal -0.00445291881732207 0.165055847042249 0.986274170234206
outer loop
vertex 9577.26047461675 16979.9855960569 2346.56570684542
vertex 9586.23723571777 16904.4335571289 2359.47271728516
vertex 9586.23723571777 17001.6849731445 2343.01481323242
endloop
endfacet
facet normal -0.00225633115715336 0.162865526421231 0.986645695917863
outer loop
vertex 9586.23723571777 17001.6849731445 2343.01481323242
vertex 9577.26011474609 17001.6849731445 2343.01481323242
vertex 9577.26047461675 16979.9855960569 2346.56570684542
endloop
endfacet
facet normal -1.0 0.0 0.0
outer loop
vertex 9496.4666027832 16784.7393798828 2378.92313232422
vertex 9496.4666027832 16739.8538574219 2072.20682373047
vertex 9496.4666027832 16739.8538574219 2378.92313232422
endloop
endfacet
facet normal -1.0 0.0 0.0
outer loop
vertex 9496.4666027832 16739.8538574219 2072.20682373047
vertex 9496.4666027832 16784.7393798828 2378.92313232422
vertex 9496.4666027832 17110.9054443359 2072.20682373047
endloop
endfacet
facet normal -1.0 0.0 0.0
outer loop
vertex 9496.4666027832 17110.9054443359 2072.20682373047
vertex 9496.4666027832 16784.7393798828 2378.92313232422
vertex 9496.4666027832 17001.6849731445 2343.01481323242
endloop
endfacet
facet normal -1.0 0.0 0.0
outer loop
vertex 9496.4666027832 17110.9054443359 2072.20682373047
vertex 9496.4666027832 17001.6849731445 2343.01481323242
vertex 9496.4666027832 17110.9054443359 2155.99251708984
endloop
endfacet
facet normal 1.0 0.0 0.0
outer loop
vertex 9951.30429504394 17110.9054443359 2072.20682373047
vertex 9951.30429504394 16739.8538574219 2378.92313232422
vertex 9951.30429504394 16739.8538574219 2072.20682373047
endloop
endfacet
facet normal 1.0 0.0 0.0
outer loop
vertex 9951.30429504394 16739.8538574219 2378.92313232422
vertex 9951.30429504394 17110.9054443359 2072.20682373047
vertex 9951.30429504394 16784.7393798828 2378.92313232422
endloop
endfacet
facet normal 1.0 0.0 0.0
outer loop
vertex 9951.30429504394 16784.7393798828 2378.92313232422
vertex 9951.30429504394 17110.9054443359 2072.20682373047
vertex 9951.30429504394 17001.6849731445 2343.01481323242
endloop
endfacet
facet normal 1.0 0.0 0.0
outer loop
vertex 9951.30429504394 17001.6849731445 2343.01481323242
vertex 9951.30429504394 17110.9054443359 2072.20682373047
vertex 9951.30429504394 17110.9054443359 2155.99251708984
endloop
endfacet
facet normal 0.0 1.0 0.0
outer loop
vertex 9496.4666027832 17110.9054443359 2155.99251708984
vertex 9951.30429504394 17110.9054443359 2072.20682373047
vertex 9496.4666027832 17110.9054443359 2072.20682373047
endloop
endfacet
facet normal 0.0 1.0 0.0
outer loop
vertex 9951.30429504394 17110.9054443359 2072.20682373047
vertex 9496.4666027832 17110.9054443359 2155.99251708984
vertex 9951.30429504394 17110.9054443359 2155.99251708984
endloop
endfacet
facet normal 0.0 0.0 1.0
outer loop
vertex 9527.88632019043 16700.9536865234 2378.92313232422
vertex 9496.4666027832 16784.7393798828 2378.92313232422
vertex 9496.4666027832 16739.8538574219 2378.92313232422
endloop
endfacet
facet normal -0.000695567558669869 0.0813530743367109 0.996685102468045
outer loop
vertex 9496.4666027832 16784.7393798828 2378.92313232422
vertex 9527.88632019043 16700.9536865234 2378.92313232422
vertex 9951.30429504394 16784.7393798828 2378.92313232422
endloop
endfacet
facet normal 0.000695567249512787 0.0813530748761226 0.996685102424232
outer loop
vertex 9951.30429504394 16784.7393798828 2378.92313232422
vertex 9527.88632019043 16700.9536865234 2378.92313232422
vertex 9575.76394165039 16662.0525268555 2378.92313232422
endloop
endfacet
facet normal 0.000695567249512787 0.0813530748761226 0.996685102424232
outer loop
vertex 9951.30429504394 16784.7393798828 2378.92313232422
vertex 9575.76394165039 16662.0525268555 2378.92313232422
vertex 9631.12242858887 16638.1140869141 2378.92313232422
endloop
endfacet
facet normal 0.000695567249512787 0.0813530748761226 0.996685102424232
outer loop
vertex 9951.30429504394 16784.7393798828 2378.92313232422
vertex 9631.12242858887 16638.1140869141 2378.92313232422
vertex 9693.96186340332 16623.152355957 2378.92313232422
endloop
endfacet
facet normal 0.000695567249512787 0.0813530748761226 0.996685102424232
outer loop
vertex 9951.30429504394 16784.7393798828 2378.92313232422
vertex 9693.96186340332 16623.152355957 2378.92313232422
vertex 9753.80903442383 16623.152355957 2378.92313232422
endloop
endfacet
facet normal 0.000695567249512787 0.0813530748761226 0.996685102424232
outer loop
vertex 9951.30429504394 16784.7393798828 2378.92313232422
vertex 9753.80903442383 16623.152355957 2378.92313232422
vertex 9815.15229614258 16638.1140869141 2378.92313232422
endloop
endfacet
facet normal 0.000695567249512787 0.0813530748761226 0.996685102424232
outer loop
vertex 9951.30429504394 16784.7393798828 2378.92313232422
vertex 9815.15229614258 16638.1140869141 2378.92313232422
vertex 9872.00695617676 16662.0525268555 2378.92313232422
endloop
endfacet
facet normal 0.000695567249512787 0.0813530748761226 0.996685102424232
outer loop
vertex 9951.30429504394 16784.7393798828 2378.92313232422
vertex 9872.00695617676 16662.0525268555 2378.92313232422
vertex 9919.88457763672 16700.9536865234 2378.92313232422
endloop
endfacet
facet normal 0.000695567249512787 0.0813530748761226 0.996685102424232
outer loop
vertex 9951.30429504394 16784.7393798828 2378.92313232422
vertex 9919.88457763672 16700.9536865234 2378.92313232422
vertex 9951.30429504394 16739.8538574219 2378.92313232422
endloop
endfacet
facet normal 0.00100230173827119 0.863955887054971 0.503566500687133
outer loop
vertex 9869.03732734109 17086.2537942596 2198.45351759659
vertex 9861.53357971191 17001.6849731445 2343.01481323242
vertex 9951.30429504394 17110.9054443359 2155.99251708984
endloop
endfacet
facet normal 0.000502341772497932 0.863424152487907 0.504478424269346
outer loop
vertex 9861.53357971191 17001.6849731445 2343.01481323242
vertex 9869.03732734109 17086.2537942596 2198.45351759659
vertex 9861.53357971191 17083.9746582031 2202.37404785156
endloop
endfacet
facet normal 0.000502341772497932 0.863424152487907 0.504478424269346
outer loop
vertex 9861.53357971191 17001.6849731445 2343.01481323242
vertex 9951.30429504394 17001.6849731445 2343.01481323242
vertex 9951.30429504394 17110.9054443359 2155.99251708984
endloop
endfacet
facet normal 0.0 0.863529342086297 0.504298597416259
outer loop
vertex 9951.30429504394 17001.6849731445 2343.01481323242
vertex 9861.53357971191 17001.6849731445 2343.01481323242
vertex 9870.51070068359 17001.6849731445 2343.01481323242
endloop
endfacet
facet normal 0.00485910873821413 0.163935068613868 0.986459164051324
outer loop
vertex 9861.53357971191 16904.4335571289 2359.47271728516
vertex 9870.51034081359 16979.9856159709 2346.5657035867
vertex 9861.53357971191 17001.6849731445 2343.01481323242
endloop
endfacet
facet normal 0.00445291472764692 0.165055846879318 0.986274170279938
outer loop
vertex 9870.51034081359 16979.9856159709 2346.5657035867
vertex 9861.53357971191 16904.4335571289 2359.47271728516
vertex 9951.30429504394 16784.7393798828 2378.92313232422
endloop
endfacet
facet normal 0.0 0.161492397410128 0.986873956277462
outer loop
vertex 9870.51070068359 17001.6849731445 2343.01481323242
vertex 9861.53357971191 17001.6849731445 2343.01481323242
vertex 9870.51034081359 16979.9856159709 2346.5657035867
endloop
endfacet
facet normal 2.21956401289421e-019 0.162551426381317 0.986700072859732
outer loop
vertex 9803.18282897949 16904.4335571289 2359.47271728516
vertex 9644.58806884765 17001.6849731445 2343.01481323242
vertex 9644.58806884765 16904.4335571289 2359.47271728516
endloop
endfacet
facet normal 2.90429418693518e-018 0.166858028819493 0.985980931975093
outer loop
vertex 9644.58806884765 17001.6849731445 2343.01481323242
vertex 9803.18282897949 16904.4335571289 2359.47271728516
vertex 9649.07667053223 17001.6849731445 2343.01481323242
endloop
endfacet
facet normal 2.90429418693518e-018 0.166858028819493 0.985980931975093
outer loop
vertex 9649.07667053223 17001.6849731445 2343.01481323242
vertex 9803.18282897949 16904.4335571289 2359.47271728516
vertex 9798.69430969238 17001.6849731445 2343.01481323242
endloop
endfacet
facet normal 2.90429418693518e-018 0.166858028819493 0.985980931975093
outer loop
vertex 9798.69430969238 17001.6849731445 2343.01481323242
vertex 9803.18282897949 16904.4335571289 2359.47271728516
vertex 9803.18282897949 17001.6849731445 2343.01481323242
endloop
endfacet
facet normal 0.000695567249512787 0.0813530748761226 0.996685102424232
outer loop
vertex 9951.30429504394 16784.7393798828 2378.92313232422
vertex 9586.23723571777 16904.4335571289 2359.47271728516
vertex 9496.4666027832 16784.7393798828 2378.92313232422
endloop
endfacet
facet normal -0.0048591142042097 0.163935069324304 0.986459163906335
outer loop
vertex 9586.23723571777 16904.4335571289 2359.47271728516
vertex 9951.30429504394 16784.7393798828 2378.92313232422
vertex 9644.58806884765 16904.4335571289 2359.47271728516
endloop
endfacet
facet normal 2.21956397048454e-019 0.162551426374505 0.986700072860854
outer loop
vertex 9644.58806884765 16904.4335571289 2359.47271728516
vertex 9951.30429504394 16784.7393798828 2378.92313232422
vertex 9803.18282897949 16904.4335571289 2359.47271728516
endloop
endfacet
facet normal 2.21956401289421e-019 0.162551426381317 0.986700072859732
outer loop
vertex 9803.18282897949 16904.4335571289 2359.47271728516
vertex 9951.30429504394 16784.7393798828 2378.92313232422
vertex 9861.53357971191 16904.4335571289 2359.47271728516
endloop
endfacet
facet normal -0.000754276930045822 0.864164918524065 0.503208132544187
outer loop
vertex 9578.73341738844 17086.2538031327 2198.45349989393
vertex 9951.30429504394 17110.9054443359 2155.99251708984
vertex 9496.4666027832 17110.9054443359 2155.99251708984
endloop
endfacet
facet normal 0.000817914075879656 0.863793453373747 0.503845413718554
outer loop
vertex 9951.30429504394 17110.9054443359 2155.99251708984
vertex 9578.73341738844 17086.2538031327 2198.45349989393
vertex 9869.03732734109 17086.2537942596 2198.45351759659
endloop
endfacet
facet normal 0.00100230173827119 0.863955887054971 0.503566500687133
outer loop
vertex 9869.03732734109 17086.2537942596 2198.45351759659
vertex 9578.73341738844 17086.2538031327 2198.45349989393
vertex 9586.23723571777 17083.9746582031 2202.37404785156
endloop
endfacet
facet normal 0.00100230173827119 0.863955887054971 0.503566500687133
outer loop
vertex 9869.03732734109 17086.2537942596 2198.45351759659
vertex 9586.23723571777 17083.9746582031 2202.37404785156
vertex 9861.53357971191 17083.9746582031 2202.37404785156
endloop
endfacet
facet normal 0.000901034069973696 0.864041137994905 0.503420400848113
outer loop
vertex 9861.53357971191 17083.9746582031 2202.37404785156
vertex 9586.23723571777 17083.9746582031 2202.37404785156
vertex 9644.58806884765 17083.9746582031 2202.37404785156
endloop
endfacet
facet normal 0.000901034069973696 0.864041137994905 0.503420400848113
outer loop
vertex 9861.53357971191 17083.9746582031 2202.37404785156
vertex 9644.58806884765 17083.9746582031 2202.37404785156
vertex 9803.18282897949 17083.9746582031 2202.37404785156
endloop
endfacet
facet normal 6.9174409417663e-018 0.863112424228528 0.50501182475498
outer loop
vertex 9644.58806884765 17001.6849731445 2343.01481323242
vertex 9803.18282897949 17083.9746582031 2202.37404785156
vertex 9644.58806884765 17083.9746582031 2202.37404785156
endloop
endfacet
facet normal -5.99284429362266e-010 0.864237339643808 0.503084307810723
outer loop
vertex 9803.18282897949 17083.9746582031 2202.37404785156
vertex 9644.58806884765 17001.6849731445 2343.01481323242
vertex 9803.18282897949 17001.6849731445 2343.01481323242
endloop
endfacet
facet normal 6.9174409417663e-018 0.863112424228528 0.50501182475498
outer loop
vertex 9803.18282897949 17001.6849731445 2343.01481323242
vertex 9644.58806884765 17001.6849731445 2343.01481323242
vertex 9649.07667053223 17001.6849731445 2343.01481323242
endloop
endfacet
facet normal 6.9174409417663e-018 0.863112424228528 0.50501182475498
outer loop
vertex 9803.18282897949 17001.6849731445 2343.01481323242
vertex 9649.07667053223 17001.6849731445 2343.01481323242
vertex 9798.69430969238 17001.6849731445 2343.01481323242
endloop
endfacet
facet normal -0.000756549399560587 0.863320432993229 0.504655583154879
outer loop
vertex 9518.93224902708 17022.305764086 2307.77139243414
vertex 9586.23723571777 17001.6849731445 2343.01481323242
vertex 9586.23723571777 17083.9746582031 2202.37404785156
endloop
endfacet
facet normal -1.52386397704983e-006 0.863112580111638 0.505011558333776
outer loop
vertex 9586.23723571777 17001.6849731445 2343.01481323242
vertex 9518.93224902708 17022.305764086 2307.77139243414
vertex 9496.4666027832 17001.6849731445 2343.01481323242
endloop
endfacet
facet normal -1.52386397704983e-006 0.863112580111638 0.505011558333776
outer loop
vertex 9586.23723571777 17001.6849731445 2343.01481323242
vertex 9496.4666027832 17001.6849731445 2343.01481323242
vertex 9577.26011474609 17001.6849731445 2343.01481323242
endloop
endfacet
facet normal -0.000484943446928619 0.863245735459343 0.504783681433058
outer loop
vertex 9496.4666027832 17001.6849731445 2343.01481323242
vertex 9578.73341738844 17086.2538031327 2198.45349989393
vertex 9496.4666027832 17110.9054443359 2155.99251708984
endloop
endfacet
facet normal -0.000754276930045822 0.864164918524065 0.503208132544187
outer loop
vertex 9578.73341738844 17086.2538031327 2198.45349989393
vertex 9496.4666027832 17001.6849731445 2343.01481323242
vertex 9518.93224902708 17022.305764086 2307.77139243414
endloop
endfacet
facet normal -0.000754276930045822 0.864164918524065 0.503208132544187
outer loop
vertex 9578.73341738844 17086.2538031327 2198.45349989393
vertex 9518.93224902708 17022.305764086 2307.77139243414
vertex 9586.23723571777 17083.9746582031 2202.37404785156
endloop
endfacet
facet normal -1.0 0.0 0.0
outer loop
vertex 9861.53357971191 17001.6849731445 2343.01481323242
vertex 9861.53357971191 16911.9145874023 2332.5416015625
vertex 9861.53357971191 16904.4335571289 2359.47271728516
endloop
endfacet
facet normal -1.0 0.0 0.0
outer loop
vertex 9861.53357971191 16911.9145874023 2332.5416015625
vertex 9861.53357971191 17001.6849731445 2343.01481323242
vertex 9861.53357971191 16973.2575195312 2325.06040649414
endloop
endfacet
facet normal -1.0 0.0 0.0
outer loop
vertex 9861.53357971191 16973.2575195312 2325.06040649414
vertex 9861.53357971191 17001.6849731445 2343.01481323242
vertex 9861.53357971191 17001.6849731445 2205.36655883789
endloop
endfacet
facet normal -1.0 0.0 0.0
outer loop
vertex 9861.53357971191 17001.6849731445 2205.36655883789
vertex 9861.53357971191 17001.6849731445 2343.01481323242
vertex 9861.53357971191 17083.9746582031 2202.37404785156
endloop
endfacet
facet normal 1.0 0.0 0.0
outer loop
vertex 9803.18282897949 16911.9145874023 2332.5416015625
vertex 9803.18282897949 17001.6849731445 2343.01481323242
vertex 9803.18282897949 16904.4335571289 2359.47271728516
endloop
endfacet
facet normal 1.0 0.0 0.0
outer loop
vertex 9803.18282897949 17001.6849731445 2343.01481323242
vertex 9803.18282897949 16911.9145874023 2332.5416015625
vertex 9803.18282897949 16973.2575195312 2325.06040649414
endloop
endfacet
facet normal 1.0 0.0 0.0
outer loop
vertex 9803.18282897949 17001.6849731445 2343.01481323242
vertex 9803.18282897949 16973.2575195312 2325.06040649414
vertex 9803.18282897949 17001.6849731445 2205.36655883789
endloop
endfacet
facet normal 1.0 0.0 0.0
outer loop
vertex 9803.18282897949 17001.6849731445 2343.01481323242
vertex 9803.18282897949 17001.6849731445 2205.36655883789
vertex 9803.18282897949 17031.6084350586 2204.2783752039
endloop
endfacet
facet normal 1.0 0.0 0.0
outer loop
vertex 9803.18282897949 17001.6849731445 2343.01481323242
vertex 9803.18282897949 17031.6084350586 2204.2783752039
vertex 9803.18282897949 17083.9746582031 2202.37404785156
endloop
endfacet
facet normal -4.61765437407709e-018 0.963516389187067 0.267649337320151
outer loop
vertex 9803.18282897949 16904.4335571289 2359.47271728516
vertex 9861.53357971191 16911.9145874023 2332.5416015625
vertex 9803.18282897949 16911.9145874023 2332.5416015625
endloop
endfacet
facet normal -4.61765437407709e-018 0.963516389187067 0.267649337320151
outer loop
vertex 9861.53357971191 16911.9145874023 2332.5416015625
vertex 9803.18282897949 16904.4335571289 2359.47271728516
vertex 9861.53357971191 16904.4335571289 2359.47271728516
endloop
endfacet
facet normal -4.57945299737841e-016 0.03634154408246 0.999339427909108
outer loop
vertex 9861.53357971191 17001.6849731445 2205.36655883789
vertex 9803.18282897949 17031.6084350586 2204.2783752039
vertex 9803.18282897949 17001.6849731445 2205.36655883789
endloop
endfacet
facet normal -4.57945299737841e-016 0.03634154408246 0.999339427909108
outer loop
vertex 9803.18282897949 17031.6084350586 2204.2783752039
vertex 9861.53357971191 17001.6849731445 2205.36655883789
vertex 9803.18282897949 17083.9746582031 2202.37404785156
endloop
endfacet
facet normal -4.57945299737841e-016 0.03634154408246 0.999339427909108
outer loop
vertex 9803.18282897949 17083.9746582031 2202.37404785156
vertex 9861.53357971191 17001.6849731445 2205.36655883789
vertex 9861.53357971191 17083.9746582031 2202.37404785156
endloop
endfacet
facet normal 0.708133028759684 -0.706079042019827 0.0
outer loop
vertex 9919.88457763672 16700.9536865234 2378.92313232422
vertex 9872.00695617676 16662.0525268555 2072.20682373047
vertex 9919.88457763672 16700.9536865234 2072.20682373047
endloop
endfacet
facet normal 0.514496616543526 -0.857492409042357 -1.29187042461209e-018
outer loop
vertex 9872.00695617676 16662.0525268555 2072.20682373047
vertex 9919.88457763672 16700.9536865234 2378.92313232422
vertex 9872.00695617676 16662.0525268555 2378.92313232422
endloop
endfacet
facet normal 0.119330454356969 -0.992854592910241 -1.31021715823244e-030
outer loop
vertex 9753.80903442383 16623.152355957 2378.92313232422
vertex 9693.96186340332 16623.152355957 2072.20682373047
vertex 9753.80903442383 16623.152355957 2072.20682373047
endloop
endfacet
facet normal -0.116605421078772 -0.99317832023008 -1.23614894518459e-030
outer loop
vertex 9693.96186340332 16623.152355957 2072.20682373047
vertex 9753.80903442383 16623.152355957 2378.92313232422
vertex 9693.96186340332 16623.152355957 2378.92313232422
endloop
endfacet
facet normal -0.518617984340609 -0.855006073848885 1.28570520474746e-018
outer loop
vertex 9575.76394165039 16662.0525268555 2378.92313232422
vertex 9527.88632019043 16700.9536865234 2072.20682373047
vertex 9575.76394165039 16662.0525268555 2072.20682373047
endloop
endfacet
facet normal -0.708133028759684 -0.706079042019827 0.0
outer loop
vertex 9527.88632019043 16700.9536865234 2072.20682373047
vertex 9575.76394165039 16662.0525268555 2378.92313232422
vertex 9527.88632019043 16700.9536865234 2378.92313232422
endloop
endfacet
facet normal 1.0 0.0 0.0
outer loop
vertex 9982.72401245117 16983.7305664063 2274.19052124023
vertex 9982.72401245117 16982.2345581055 2286.16007080078
vertex 9982.72401245117 16980.7382202148 2280.17521362305
endloop
endfacet
facet normal 1.0 0.0 0.0
outer loop
vertex 9982.72401245117 16982.2345581055 2286.16007080078
vertex 9982.72401245117 16983.7305664063 2274.19052124023
vertex 9982.72401245117 16983.7305664063 2290.64859008789
endloop
endfacet
facet normal 1.0 0.0 0.0
outer loop
vertex 9982.72401245117 16983.7305664063 2290.64859008789
vertex 9982.72401245117 16983.7305664063 2274.19052124023
vertex 9982.72401245117 16988.2189208984 2266.70965576172
endloop
endfacet
facet normal 1.0 0.0 0.0
outer loop
vertex 9982.72401245117 16983.7305664063 2290.64859008789
vertex 9982.72401245117 16988.2189208984 2266.70965576172
vertex 9982.72401245117 17007.6699951172 2304.11414794922
endloop
endfacet
facet normal 1.0 0.0 0.0
outer loop
vertex 9982.72401245117 17007.6699951172 2304.11414794922
vertex 9982.72401245117 16988.2189208984 2266.70965576172
vertex 9982.72401245117 16998.6922973633 2263.71730957031
endloop
endfacet
facet normal 1.0 0.0 0.0
outer loop
vertex 9982.72401245117 17007.6699951172 2304.11414794922
vertex 9982.72401245117 16998.6922973633 2263.71730957031
vertex 9982.72401245117 17024.1274047852 2263.71730957031
endloop
endfacet
facet normal 1.0 0.0 0.0
outer loop
vertex 9982.72401245117 17007.6699951172 2304.11414794922
vertex 9982.72401245117 17024.1274047852 2263.71730957031
vertex 9982.72401245117 17028.6160888672 2269.70200195313
endloop
endfacet
facet normal 1.0 0.0 0.0
outer loop
vertex 9982.72401245117 17028.6160888672 2269.70200195313
vertex 9982.72401245117 17024.1274047852 2263.71730957031
vertex 9982.72401245117 17028.6160888672 2265.21348266602
endloop
endfacet
facet normal -1.0 0.0 0.0
outer loop
vertex 9465.04688537598 16982.2345581055 2286.16007080078
vertex 9465.04688537598 16983.7305664063 2274.19052124023
vertex 9465.04688537598 16980.7382202148 2280.17521362305
endloop
endfacet
facet normal -1.0 0.0 0.0
outer loop
vertex 9465.04688537598 16983.7305664063 2274.19052124023
vertex 9465.04688537598 16982.2345581055 2286.16007080078
vertex 9465.04688537598 16983.7305664063 2290.64859008789
endloop
endfacet
facet normal -1.0 0.0 0.0
outer loop
vertex 9465.04688537598 16983.7305664063 2274.19052124023
vertex 9465.04688537598 16983.7305664063 2290.64859008789
vertex 9465.04688537598 17007.6699951172 2304.11414794922
endloop
endfacet
facet normal -1.0 0.0 0.0
outer loop
vertex 9465.04688537598 16983.7305664063 2274.19052124023
vertex 9465.04688537598 17007.6699951172 2304.11414794922
vertex 9465.04688537598 16988.2189208984 2266.70965576172
endloop
endfacet
facet normal -1.0 0.0 0.0
outer loop
vertex 9465.04688537598 16988.2189208984 2266.70965576172
vertex 9465.04688537598 17007.6699951172 2304.11414794922
vertex 9465.04688537598 16998.6922973633 2263.71730957031
endloop
endfacet
facet normal -1.0 0.0 0.0
outer loop
vertex 9465.04688537598 16998.6922973633 2263.71730957031
vertex 9465.04688537598 17007.6699951172 2304.11414794922
vertex 9465.04688537598 17024.1274047852 2263.71730957031
endloop
endfacet
facet normal -1.0 0.0 0.0
outer loop
vertex 9465.04688537598 17024.1274047852 2263.71730957031
vertex 9465.04688537598 17007.6699951172 2304.11414794922
vertex 9465.04688537598 17028.6160888672 2269.70200195313
endloop
endfacet
facet normal -1.0 0.0 0.0
outer loop
vertex 9465.04688537598 17024.1274047852 2263.71730957031
vertex 9465.04688537598 17028.6160888672 2269.70200195313
vertex 9465.04688537598 17028.6160888672 2265.21348266602
endloop
endfacet
facet normal -1.0 0.0 0.0
outer loop
vertex 9465.04688537598 16904.4335571289 2331.04526367188
vertex 9465.04688537598 16901.4412109375 2320.57205200195
vertex 9465.04688537598 16901.4412109375 2325.06040649414
endloop
endfacet
facet normal -1.0 0.0 0.0
outer loop
vertex 9465.04688537598 16901.4412109375 2320.57205200195
vertex 9465.04688537598 16904.4335571289 2331.04526367188
vertex 9465.04688537598 16904.4335571289 2314.58735961914
endloop
endfacet
facet normal -1.0 0.0 0.0
outer loop
vertex 9465.04688537598 16904.4335571289 2314.58735961914
vertex 9465.04688537598 16904.4335571289 2331.04526367188
vertex 9465.04688537598 16928.3719970703 2343.01481323242
endloop
endfacet
facet normal -1.0 0.0 0.0
outer loop
vertex 9465.04688537598 16904.4335571289 2314.58735961914
vertex 9465.04688537598 16928.3719970703 2343.01481323242
vertex 9465.04688537598 16908.9219116211 2307.10649414062
endloop
endfacet
facet normal -1.0 0.0 0.0
outer loop
vertex 9465.04688537598 16908.9219116211 2307.10649414062
vertex 9465.04688537598 16928.3719970703 2343.01481323242
vertex 9465.04688537598 16919.3952880859 2302.61781005859
endloop
endfacet
facet normal -1.0 0.0 0.0
outer loop
vertex 9465.04688537598 16919.3952880859 2302.61781005859
vertex 9465.04688537598 16928.3719970703 2343.01481323242
vertex 9465.04688537598 16944.830065918 2302.61781005859
endloop
endfacet
facet normal -1.0 0.0 0.0
outer loop
vertex 9465.04688537598 16944.830065918 2302.61781005859
vertex 9465.04688537598 16928.3719970703 2343.01481323242
vertex 9465.04688537598 16949.31875 2310.09884033203
endloop
endfacet
facet normal -1.0 0.0 0.0
outer loop
vertex 9465.04688537598 16944.830065918 2302.61781005859
vertex 9465.04688537598 16949.31875 2310.09884033203
vertex 9465.04688537598 16947.8224121094 2305.61032104492
endloop
endfacet
facet normal 0.0 0.0 -1.0
outer loop
vertex 9951.30429504394 17110.9054443359 2072.20682373047
vertex 9496.4666027832 16739.8538574219 2072.20682373047
vertex 9496.4666027832 17110.9054443359 2072.20682373047
endloop
endfacet
facet normal 0.0 0.0 -1.0
outer loop
vertex 9496.4666027832 16739.8538574219 2072.20682373047
vertex 9951.30429504394 17110.9054443359 2072.20682373047
vertex 9527.88632019043 16700.9536865234 2072.20682373047
endloop
endfacet
facet normal 0.0 0.0 -1.0
outer loop
vertex 9527.88632019043 16700.9536865234 2072.20682373047
vertex 9951.30429504394 17110.9054443359 2072.20682373047
vertex 9575.76394165039 16662.0525268555 2072.20682373047
endloop
endfacet
facet normal 0.0 0.0 -1.0
outer loop
vertex 9575.76394165039 16662.0525268555 2072.20682373047
vertex 9951.30429504394 17110.9054443359 2072.20682373047
vertex 9631.12242858887 16638.1140869141 2072.20682373047
endloop
endfacet
facet normal 0.0 0.0 -1.0
outer loop
vertex 9631.12242858887 16638.1140869141 2072.20682373047
vertex 9951.30429504394 17110.9054443359 2072.20682373047
vertex 9693.96186340332 16623.152355957 2072.20682373047
endloop
endfacet
facet normal 0.0 0.0 -1.0
outer loop
vertex 9693.96186340332 16623.152355957 2072.20682373047
vertex 9951.30429504394 17110.9054443359 2072.20682373047
vertex 9753.80903442383 16623.152355957 2072.20682373047
endloop
endfacet
facet normal 0.0 0.0 -1.0
outer loop
vertex 9753.80903442383 16623.152355957 2072.20682373047
vertex 9951.30429504394 17110.9054443359 2072.20682373047
vertex 9815.15229614258 16638.1140869141 2072.20682373047
endloop
endfacet
facet normal 0.0 0.0 -1.0
outer loop
vertex 9815.15229614258 16638.1140869141 2072.20682373047
vertex 9951.30429504394 17110.9054443359 2072.20682373047
vertex 9872.00695617676 16662.0525268555 2072.20682373047
endloop
endfacet
facet normal 0.0 0.0 -1.0
outer loop
vertex 9872.00695617676 16662.0525268555 2072.20682373047
vertex 9951.30429504394 17110.9054443359 2072.20682373047
vertex 9919.88457763672 16700.9536865234 2072.20682373047
endloop
endfacet
facet normal 0.0 0.0 -1.0
outer loop
vertex 9919.88457763672 16700.9536865234 2072.20682373047
vertex 9951.30429504394 17110.9054443359 2072.20682373047
vertex 9951.30429504394 16739.8538574219 2072.20682373047
endloop
endfacet
facet normal -0.0654597547450983 0.439060212753288 0.896069835495955
outer loop
vertex 9614.66452453613 17034.6011108398 2308.60250244141
vertex 9598.20670288086 17039.0897949219 2299.62562866211
vertex 9614.66452453613 17006.1736572266 2326.55674438477
endloop
endfacet
facet normal 0.183287992834155 0.410923519351383 0.893055078327591
outer loop
vertex 9632.61868408203 17037.5927978516 2302.61781005859
vertex 9614.66452453613 17034.6011108398 2308.60250244141
vertex 9614.66452453613 17006.1736572266 2326.55674438477
endloop
endfacet
facet normal 0.732098254663437 -0.013322524985161 0.681068759999142
outer loop
vertex 9587.73349121094 16973.2575195312 2356.48020629883
vertex 9577.26011474609 16962.7841430664 2366.95341796875
vertex 9577.26011474609 16899.9448730469 2363.96107177734
endloop
endfacet
facet normal 0.76617759408897 -0.0440353218149455 0.641118385907543
outer loop
vertex 9614.66452453613 17006.1736572266 2326.55674438477
vertex 9587.73349121094 16973.2575195312 2356.48020629883
vertex 9577.26011474609 16899.9448730469 2363.96107177734
endloop
endfacet
facet normal -0.718601153994045 0.0120428796205634 0.695318164963976
outer loop
vertex 9614.66452453613 17006.1736572266 2326.55674438477
vertex 9649.07667053223 16899.9448730469 2363.96107177734
vertex 9643.09189575195 16974.7538574219 2356.48020629883
endloop
endfacet
facet normal -0.859460115060262 -0.0283581289874172 0.510415641551994
outer loop
vertex 9643.09189575195 16974.7538574219 2356.48020629883
vertex 9649.07667053223 16899.9448730469 2363.96107177734
vertex 9649.07667053223 16962.7841430664 2366.95341796875
endloop
endfacet
facet normal 0.732098254663437 -0.013322524985161 0.681068759999142
outer loop
vertex 9587.73349121094 16973.2575195312 2356.48020629883
vertex 9583.24480712891 17003.1809814453 2359.47271728516
vertex 9577.26011474609 16962.7841430664 2366.95341796875
endloop
endfacet
facet normal -0.966294943714649 -0.0456032231078803 0.253366193075708
outer loop
vertex 9643.09189575195 17001.6849731445 2360.96872558594
vertex 9649.07667053223 16962.7841430664 2366.95341796875
vertex 9646.08424194336 16997.1962890625 2366.95341796875
endloop
endfacet
facet normal -1.3259170922026e-017 0.332123744226476 0.94323582338723
outer loop
vertex 9870.51070068359 16899.9448730469 2363.96107177734
vertex 9833.10637329101 17006.1736572266 2326.55674438477
vertex 9798.69430969238 16899.9448730469 2363.96107177734
endloop
endfacet
facet normal 0.718105025019514 0.0123824691542723 0.695824580982425
outer loop
vertex 9833.10637329101 17006.1736572266 2326.55674438477
vertex 9804.67891967773 16973.2575195312 2356.48020629883
vertex 9798.69430969238 16899.9448730469 2363.96107177734
endloop
endfacet
facet normal -0.654609018641749 -0.00665664475652742 0.755938305547134
outer loop
vertex 9870.51070068359 16962.7841430664 2366.95341796875
vertex 9860.03757141113 16973.2575195312 2357.97637939453
vertex 9870.51070068359 16899.9448730469 2363.96107177734
endloop
endfacet
facet normal 0.0327664225833792 0.622244737680792 0.782136719493242
outer loop
vertex 9833.10637329101 17006.1736572266 2326.55674438477
vertex 9815.15229614258 17039.0897949219 2301.12180175781
vertex 9804.67891967773 16973.2575195312 2356.48020629883
endloop
endfacet
facet normal -0.0852327494956231 0.650588370984612 0.754632460177141
outer loop
vertex 9860.03757141113 16973.2575195312 2357.97637939453
vertex 9849.56435974121 17036.0971191406 2302.61781005859
vertex 9833.10637329101 17006.1736572266 2326.55674438477
endloop
endfacet
facet normal 0.951914622473459 0.0472121943266989 0.302703749940547
outer loop
vertex 9804.67891967773 17003.1809814453 2357.97637939453
vertex 9798.69430969238 16962.7841430664 2366.95341796875
vertex 9804.67891967773 16973.2575195312 2356.48020629883
endloop
endfacet
facet normal -0.911618334916044 0.110460878173117 0.395917170425991
outer loop
vertex 9864.52609069824 17004.6773193359 2357.97637939453
vertex 9870.51070068359 16962.7841430664 2366.95341796875
vertex 9867.51835449219 16997.1962890625 2366.95341796875
endloop
endfacet
facet normal -0.00445291881732207 0.165055847042249 0.986274170234206
outer loop
vertex 9577.26047461675 16979.9855960569 2346.56570684542
vertex 9496.4666027832 17001.6849731445 2343.01481323242
vertex 9496.4666027832 16784.7393798828 2378.92313232422
endloop
endfacet
facet normal 0.000270882427224366 0.163278040815977 0.986580056564092
outer loop
vertex 9496.4666027832 17001.6849731445 2343.01481323242
vertex 9577.26047461675 16979.9855960569 2346.56570684542
vertex 9577.26011474609 17001.6849731445 2343.01481323242
endloop
endfacet
facet normal -0.894328737233561 -0.447410236086975 0.000436351717733802
outer loop
vertex 9588.21858614438 17065.0501083673 2259.51252043017
vertex 9588.34092868199 17064.7764778513 2247.69923242621
vertex 9588.83869971137 17063.6617205606 2245.16541765906
endloop
endfacet
facet normal -0.894328737233561 -0.447410236086975 0.000436351717733802
outer loop
vertex 9588.34092868199 17064.7764778513 2247.69923242621
vertex 9588.21858614438 17065.0501083673 2259.51252043017
vertex 9583.24480712891 17074.9976196289 2302.61781005859
endloop
endfacet
facet normal 0.955799811732086 0.292005235597909 0.0343462119646263
outer loop
vertex 9583.24480712891 17077.9893066406 2277.18303222656
vertex 9583.24480712891 17074.9976196289 2302.61781005859
vertex 9588.34092868199 17064.7764778513 2247.69923242621
endloop
endfacet
facet normal -0.997613546559517 0.0611703184196113 0.0320219278836461
outer loop
vertex 9643.13924272298 17068.2646271632 2265.23185641858
vertex 9641.59580505371 17063.0282348633 2227.80915527344
vertex 9644.58806884765 17057.0432128906 2332.5416015625
endloop
endfacet
facet normal -0.997613546559517 0.0611703184196113 0.0320219278836461
outer loop
vertex 9641.59580505371 17063.0282348633 2227.80915527344
vertex 9643.13924272298 17068.2646271632 2265.23185641858
vertex 9643.07681062904 17068.009663677 2263.40871276222
endloop
endfacet
facet normal -0.997613546559517 0.0611703184196113 0.0320219278836461
outer loop
vertex 9641.59580505371 17063.0282348633 2227.80915527344
vertex 9643.07681062904 17068.009663677 2263.40871276222
vertex 9642.94928157032 17067.9116614655 2262.63805608134
endloop
endfacet
facet normal 0.997952523872449 0.0560419502812523 0.0308230417915242
outer loop
vertex 9803.18282897949 17073.5012817383 2302.61781005859
vertex 9803.18282897949 17057.0432128906 2332.5416015625
vertex 9804.63161596478 17068.2646271182 2265.23187331502
endloop
endfacet
facet normal 0.000695567249512787 0.0813530748761226 0.996685102424232
outer loop
vertex 9951.30429504394 16784.7393798828 2378.92313232422
vertex 9870.51070068359 17001.6849731445 2343.01481323242
vertex 9870.51034081359 16979.9856159709 2346.5657035867
endloop
endfacet
facet normal -0.000270881884689865 0.163278040848452 0.986580056558866
outer loop
vertex 9870.51070068359 17001.6849731445 2343.01481323242
vertex 9951.30429504394 16784.7393798828 2378.92313232422
vertex 9951.30429504394 17001.6849731445 2343.01481323242
endloop
endfacet
facet normal 0.986095623952082 0.163652961182863 0.0288639692113714
outer loop
vertex 9804.93077779403 17070.3535851042 2260.72791772404
vertex 9803.18282897949 17073.5012817383 2302.61781005859
vertex 9807.11028226205 17060.8378694367 2240.25026629231
endloop
endfacet
facet normal 0.986095623952082 0.163652961182863 0.0288639692113714
outer loop
vertex 9803.18282897949 17073.5012817383 2302.61781005859
vertex 9804.93077779403 17070.3535851042 2260.72791772404
vertex 9803.18282897949 17077.9893066406 2277.18303222656
endloop
endfacet
facet normal -0.944139546921334 -0.32945364867868 0.00779803253927255
outer loop
vertex 9807.11028226205 17060.8378694367 2240.25026629231
vertex 9809.1675213623 17054.0511962891 2206.86256713867
vertex 9807.67126586914 17058.5395507813 2235.28985595703
endloop
endfacet
endsolid Iowa_10_simple
